sample	evt	verdict	pair_key	recv_shower_id	recv_sh_pdg	recv_seg_pdg	recv_seg_id	recv_end_x	recv_far_x	recv_len	recv_dqdx_mip	recv_chi2	recv_straight	partner_kind	partner_sh_pdg	partner_seg_pdg	partner_seg_id	partner_end_x	partner_far_x	partner_len	partner_dqdx_mip	partner_chi2	partner_straight	partner_zerofrac	gap_cm	a_gap_deg	a_tan_deg	waived	same_clus
mcp1k	167684	receiver_type	10000-10002	0	11	11	10000	4.26	11.19	11.9	1.411	4.37	0.894	bare	-1	13	10002	4.26	7.55	3.6	1.628	4.19	0.955	0.000	0.0	181.0	142.6	0	1
mcp1k	167684	receiver_type	10000-10002	0	11	11	10000	4.26	11.19	11.9	1.411	4.37	0.894	bare	-1	13	10002	7.55	4.26	3.6	1.628	4.19	0.955	0.000	3.5	147.4	27.8	0	1
mcp1k	167684	receiver_type	10000-10002	0	11	11	10000	11.19	4.26	11.9	1.411	4.37	0.894	bare	-1	13	10002	4.26	7.55	3.6	1.628	4.19	0.955	0.000	10.7	179.2	38.5	0	1
mcp1k	167684	receiver_type	10000-10002	0	11	11	10000	11.19	4.26	11.9	1.411	4.37	0.894	bare	-1	13	10002	7.55	4.26	3.6	1.628	4.19	0.955	0.000	8.0	166.8	151.1	0	1
mcp1k	169626	receiver_type	13012-42031	10	11	11	13012	-11.90	-14.52	7.2	1.436	4.01	0.867	shower	11	11	42031	-10.15	-12.03	3.3	1.487	4.93	0.867	0.000	11.3	153.4	123.5	0	0
mcp1k	169626	receiver_type	13012-53051	10	11	11	13012	-11.90	-14.52	7.2	1.436	4.01	0.867	shower	11	11	53051	-8.51	-9.92	6.5	1.386	3.95	0.947	0.000	12.9	53.8	161.6	0	0
mcp1k	169626	receiver_type	13012-53051	10	11	11	13012	-11.90	-14.52	7.2	1.436	4.01	0.867	shower	11	11	53051	-9.92	-8.51	6.5	1.386	3.95	0.947	0.000	8.6	77.8	22.1	0	0
mcp1k	169626	receiver_type	13012-53052	10	11	11	13012	-11.90	-14.52	7.2	1.436	4.01	0.867	shower	11	11	53052	-5.97	-1.84	8.8	1.133	3.32	0.851	0.000	22.5	28.6	137.9	0	0
mcp1k	169626	receiver_type	13012-53052	10	11	11	13012	-11.90	-14.52	7.2	1.436	4.01	0.867	shower	11	11	53052	-1.84	-5.97	8.8	1.133	3.32	0.851	0.000	18.9	36.5	63.1	0	0
mcp1k	169626	receiver_type	13012-53055	10	11	11	13012	-11.90	-14.52	7.2	1.436	4.01	0.867	shower	11	11	53055	-8.51	-11.71	5.6	1.077	4.52	0.723	0.600	12.9	53.8	110.9	0	0
mcp1k	169626	receiver_type	13012-53055	10	11	11	13012	-11.90	-14.52	7.2	1.436	4.01	0.867	shower	11	11	53055	-11.71	-8.51	5.6	1.077	4.52	0.723	0.600	9.9	58.4	45.4	0	0
mcp1k	169626	receiver_type	13012-53056	10	11	11	13012	-11.90	-14.52	7.2	1.436	4.01	0.867	shower	11	11	53056	-5.97	-6.42	6.6	1.902	5.35	0.956	0.000	22.5	28.6	58.0	0	0
mcp1k	169626	receiver_type	13012-53056	10	11	11	13012	-11.90	-14.52	7.2	1.436	4.01	0.867	shower	11	11	53056	-6.42	-5.97	6.6	1.902	5.35	0.956	0.000	28.2	34.2	125.7	0	0
mcp1k	169626	receiver_type	13012-53057	10	11	11	13012	-11.90	-14.52	7.2	1.436	4.01	0.867	bare	-1	2212	53057	-6.42	-3.36	14.0	2.658	2.26	0.961	0.000	28.2	34.2	22.9	0	0
mcp1k	169626	receiver_type	13012-53057	10	11	11	13012	-11.90	-14.52	7.2	1.436	4.01	0.867	bare	-1	2212	53057	-3.36	-6.42	14.0	2.658	2.26	0.961	0.000	41.4	30.6	156.7	0	0
mcp1k	169626	receiver_type	13012-53058	10	11	11	13012	-11.90	-14.52	7.2	1.436	4.01	0.867	shower	11	11	53058	-6.42	-8.05	4.7	1.203	6.17	0.878	0.000	28.2	34.2	131.7	0	0
mcp1k	169626	receiver_type	13012-53058	10	11	11	13012	-11.90	-14.52	7.2	1.436	4.01	0.867	shower	11	11	53058	-8.05	-6.42	4.7	1.203	6.17	0.878	0.000	24.2	33.6	32.2	0	0
mcp1k	169626	receiver_type	13012-53059	10	11	11	13012	-11.90	-14.52	7.2	1.436	4.01	0.867	shower	11	11	53059	-7.24	-10.08	8.9	0.468	4.03	0.640	0.000	19.1	56.0	55.1	0	0
mcp1k	169626	receiver_type	13012-53059	10	11	11	13012	-11.90	-14.52	7.2	1.436	4.01	0.867	shower	11	11	53059	-10.08	-7.24	8.9	0.468	4.03	0.640	0.000	19.7	44.6	125.4	0	0
mcp1k	169626	receiver_type	13012-53060	10	11	11	13012	-11.90	-14.52	7.2	1.436	4.01	0.867	shower	11	11	53060	-7.24	-8.51	7.3	0.756	4.57	0.862	0.000	19.1	56.0	113.3	0	0
mcp1k	169626	receiver_type	13012-53060	10	11	11	13012	-11.90	-14.52	7.2	1.436	4.01	0.867	shower	11	11	53060	-8.51	-7.24	7.3	0.756	4.57	0.862	0.000	12.9	53.8	54.2	0	0
mcp1k	169626	receiver_type	13012-53061	10	11	11	13012	-11.90	-14.52	7.2	1.436	4.01	0.867	shower	11	11	53061	-7.24	-5.97	14.0	0.674	4.33	0.750	0.000	19.1	56.0	31.0	0	0
mcp1k	169626	receiver_type	13012-53061	10	11	11	13012	-11.90	-14.52	7.2	1.436	4.01	0.867	shower	11	11	53061	-5.97	-7.24	14.0	0.674	4.33	0.750	0.000	22.5	28.6	145.8	0	0
mcp1k	169626	receiver_type	13013-42031	10	11	11	13013	-10.80	-14.43	15.0	1.025	3.60	0.767	shower	11	11	42031	-10.15	-12.03	3.3	1.487	4.93	0.867	0.000	16.0	149.8	87.0	0	0
mcp1k	169626	receiver_type	13013-53051	10	11	11	13013	-10.80	-14.43	15.0	1.025	3.60	0.767	shower	11	11	53051	-8.51	-9.92	6.5	1.386	3.95	0.947	0.000	36.3	142.6	39.4	0	0
mcp1k	169626	receiver_type	13013-53051	10	11	11	13013	-10.80	-14.43	15.0	1.025	3.60	0.767	shower	11	11	53051	-9.92	-8.51	6.5	1.386	3.95	0.947	0.000	30.3	144.0	129.8	0	0
mcp1k	169626	receiver_type	13013-53052	10	11	11	13013	-10.80	-14.43	15.0	1.025	3.60	0.767	shower	11	11	53052	-5.97	-1.84	8.8	1.133	3.32	0.851	0.000	48.0	143.4	16.2	0	0
mcp1k	169626	receiver_type	13013-53052	10	11	11	13013	-10.80	-14.43	15.0	1.025	3.60	0.767	shower	11	11	53052	-1.84	-5.97	8.8	1.133	3.32	0.851	0.000	42.5	137.4	158.9	0	0
mcp1k	169626	receiver_type	13013-53055	10	11	11	13013	-10.80	-14.43	15.0	1.025	3.60	0.767	shower	11	11	53055	-8.51	-11.71	5.6	1.077	4.52	0.723	0.600	36.3	142.6	95.0	0	0
mcp1k	169626	receiver_type	13013-53055	10	11	11	13013	-10.80	-14.43	15.0	1.025	3.60	0.767	shower	11	11	53055	-11.71	-8.51	5.6	1.077	4.52	0.723	0.600	34.2	148.0	91.6	0	0
mcp1k	169626	receiver_type	13013-53056	10	11	11	13013	-10.80	-14.43	15.0	1.025	3.60	0.767	shower	11	11	53056	-5.97	-6.42	6.6	1.902	5.35	0.956	0.000	48.0	143.4	125.9	0	0
mcp1k	169626	receiver_type	13013-53056	10	11	11	13013	-10.80	-14.43	15.0	1.025	3.60	0.767	shower	11	11	53056	-6.42	-5.97	6.6	1.902	5.35	0.956	0.000	53.2	142.1	60.8	0	0
mcp1k	169626	receiver_type	13013-53057	10	11	11	13013	-10.80	-14.43	15.0	1.025	3.60	0.767	bare	-1	2212	53057	-6.42	-3.36	14.0	2.658	2.26	0.961	0.000	53.2	142.1	133.2	0	0
mcp1k	169626	receiver_type	13013-53057	10	11	11	13013	-10.80	-14.43	15.0	1.025	3.60	0.767	bare	-1	2212	53057	-3.36	-6.42	14.0	2.658	2.26	0.961	0.000	66.5	140.4	46.5	0	0
mcp1k	169626	receiver_type	13013-53058	10	11	11	13013	-10.80	-14.43	15.0	1.025	3.60	0.767	shower	11	11	53058	-6.42	-8.05	4.7	1.203	6.17	0.878	0.000	53.2	142.1	74.1	0	0
mcp1k	169626	receiver_type	13013-53058	10	11	11	13013	-10.80	-14.43	15.0	1.025	3.60	0.767	shower	11	11	53058	-8.05	-6.42	4.7	1.203	6.17	0.878	0.000	49.6	144.3	123.0	0	0
mcp1k	169626	receiver_type	13013-53059	10	11	11	13013	-10.80	-14.43	15.0	1.025	3.60	0.767	shower	11	11	53059	-7.24	-10.08	8.9	0.468	4.03	0.640	0.000	41.3	137.9	165.1	0	0
mcp1k	169626	receiver_type	13013-53059	10	11	11	13013	-10.80	-14.43	15.0	1.025	3.60	0.767	shower	11	11	53059	-10.08	-7.24	8.9	0.468	4.03	0.640	0.000	44.2	144.3	31.2	0	0
mcp1k	169626	receiver_type	13013-53060	10	11	11	13013	-10.80	-14.43	15.0	1.025	3.60	0.767	shower	11	11	53060	-7.24	-8.51	7.3	0.756	4.57	0.862	0.000	41.3	137.9	81.3	0	0
mcp1k	169626	receiver_type	13013-53060	10	11	11	13013	-10.80	-14.43	15.0	1.025	3.60	0.767	shower	11	11	53060	-8.51	-7.24	7.3	0.756	4.57	0.862	0.000	36.3	142.6	113.7	0	0
mcp1k	169626	receiver_type	13013-53061	10	11	11	13013	-10.80	-14.43	15.0	1.025	3.60	0.767	shower	11	11	53061	-7.24	-5.97	14.0	0.674	4.33	0.750	0.000	41.3	137.9	151.8	0	0
mcp1k	169626	receiver_type	13013-53061	10	11	11	13013	-10.80	-14.43	15.0	1.025	3.60	0.767	shower	11	11	53061	-5.97	-7.24	14.0	0.674	4.33	0.750	0.000	48.0	143.4	53.7	0	0
mcp1k	169626	receiver_type	13012-42031	1	11	11	42031	-10.15	-12.03	3.3	1.487	4.93	0.867	shower	11	11	13012	-11.90	-14.52	7.2	1.436	4.01	0.867	0.000	11.3	76.5	123.5	0	0
mcp1k	169626	receiver_type	13013-42031	1	11	11	42031	-10.15	-12.03	3.3	1.487	4.93	0.867	shower	11	11	13013	-10.80	-14.43	15.0	1.025	3.60	0.767	0.231	16.0	106.3	87.0	0	0
mcp1k	169626	receiver_type	42031-53051	1	11	11	42031	-10.15	-12.03	3.3	1.487	4.93	0.867	shower	11	11	53051	-8.51	-9.92	6.5	1.386	3.95	0.947	0.000	20.9	87.1	105.7	0	0
mcp1k	169626	receiver_type	42031-53051	1	11	11	42031	-10.15	-12.03	3.3	1.487	4.93	0.867	shower	11	11	53051	-9.92	-8.51	6.5	1.386	3.95	0.947	0.000	15.0	92.5	73.1	0	0
mcp1k	169626	receiver_type	42031-53052	1	11	11	42031	-10.15	-12.03	3.3	1.487	4.93	0.867	shower	11	11	53052	-5.97	-1.84	8.8	1.133	3.32	0.851	0.000	32.2	77.7	85.2	0	0
mcp1k	169626	receiver_type	42031-53052	1	11	11	42031	-10.15	-12.03	3.3	1.487	4.93	0.867	shower	11	11	53052	-1.84	-5.97	8.8	1.133	3.32	0.851	0.000	27.1	72.3	107.0	0	0
mcp1k	169626	receiver_type	42031-53055	1	11	11	42031	-10.15	-12.03	3.3	1.487	4.93	0.867	shower	11	11	53055	-8.51	-11.71	5.6	1.077	4.52	0.723	0.600	20.9	87.1	86.6	0	0
mcp1k	169626	receiver_type	42031-53055	1	11	11	42031	-10.15	-12.03	3.3	1.487	4.93	0.867	shower	11	11	53055	-11.71	-8.51	5.6	1.077	4.52	0.723	0.600	18.6	91.4	45.7	0	0
mcp1k	169626	receiver_type	42031-53056	1	11	11	42031	-10.15	-12.03	3.3	1.487	4.93	0.867	shower	11	11	53056	-5.97	-6.42	6.6	1.902	5.35	0.956	0.000	32.2	77.7	112.4	0	0
mcp1k	169626	receiver_type	42031-53056	1	11	11	42031	-10.15	-12.03	3.3	1.487	4.93	0.867	shower	11	11	53056	-6.42	-5.97	6.6	1.902	5.35	0.956	0.000	37.6	82.7	75.2	0	0
mcp1k	169626	receiver_type	42031-53057	1	11	11	42031	-10.15	-12.03	3.3	1.487	4.93	0.867	bare	-1	2212	53057	-6.42	-3.36	14.0	2.658	2.26	0.961	0.000	37.6	82.7	76.0	0	0
mcp1k	169626	receiver_type	42031-53057	1	11	11	42031	-10.15	-12.03	3.3	1.487	4.93	0.867	bare	-1	2212	53057	-3.36	-6.42	14.0	2.658	2.26	0.961	0.000	50.9	81.0	103.4	0	0
mcp1k	169626	receiver_type	42031-53058	1	11	11	42031	-10.15	-12.03	3.3	1.487	4.93	0.867	shower	11	11	53058	-6.42	-8.05	4.7	1.203	6.17	0.878	0.000	37.6	82.7	94.5	0	0
mcp1k	169626	receiver_type	42031-53058	1	11	11	42031	-10.15	-12.03	3.3	1.487	4.93	0.867	shower	11	11	53058	-8.05	-6.42	4.7	1.203	6.17	0.878	0.000	33.9	82.7	79.8	0	0
mcp1k	169626	receiver_type	42031-53059	1	11	11	42031	-10.15	-12.03	3.3	1.487	4.93	0.867	shower	11	11	53059	-7.24	-10.08	8.9	0.468	4.03	0.640	0.000	26.5	90.9	89.1	0	0
mcp1k	169626	receiver_type	42031-53059	1	11	11	42031	-10.15	-12.03	3.3	1.487	4.93	0.867	shower	11	11	53059	-10.08	-7.24	8.9	0.468	4.03	0.640	0.000	28.8	88.9	109.4	0	0
mcp1k	169626	receiver_type	42031-53060	1	11	11	42031	-10.15	-12.03	3.3	1.487	4.93	0.867	shower	11	11	53060	-7.24	-8.51	7.3	0.756	4.57	0.862	0.000	26.5	90.9	74.4	0	0
mcp1k	169626	receiver_type	42031-53060	1	11	11	42031	-10.15	-12.03	3.3	1.487	4.93	0.867	shower	11	11	53060	-8.51	-7.24	7.3	0.756	4.57	0.862	0.000	20.9	87.1	101.1	0	0
mcp1k	169626	receiver_type	42031-53061	1	11	11	42031	-10.15	-12.03	3.3	1.487	4.93	0.867	shower	11	11	53061	-7.24	-5.97	14.0	0.674	4.33	0.750	0.000	26.5	90.9	59.1	0	0
mcp1k	169626	receiver_type	42031-53061	1	11	11	42031	-10.15	-12.03	3.3	1.487	4.93	0.867	shower	11	11	53061	-5.97	-7.24	14.0	0.674	4.33	0.750	0.000	32.2	77.7	146.6	0	0
mcp1k	169626	receiver_type	13012-53051	4	11	11	53051	-8.51	-9.92	6.5	1.386	3.95	0.947	shower	11	11	13012	-11.90	-14.52	7.2	1.436	4.01	0.867	0.000	12.9	140.8	161.6	0	0
mcp1k	169626	receiver_type	13013-53051	4	11	11	53051	-8.51	-9.92	6.5	1.386	3.95	0.947	shower	11	11	13013	-10.80	-14.43	15.0	1.025	3.60	0.767	0.231	36.3	173.1	39.4	0	0
mcp1k	169626	receiver_type	42031-53051	4	11	11	53051	-8.51	-9.92	6.5	1.386	3.95	0.947	shower	11	11	42031	-10.15	-12.03	3.3	1.487	4.93	0.867	0.000	20.9	165.9	105.7	0	0
mcp1k	169626	receiver_type	53051-53057	4	11	11	53051	-8.51	-9.92	6.5	1.386	3.95	0.947	bare	-1	2212	53057	-6.42	-3.36	14.0	2.658	2.26	0.961	0.000	16.9	2.9	8.1	0	1
mcp1k	169626	receiver_type	53051-53057	4	11	11	53051	-8.51	-9.92	6.5	1.386	3.95	0.947	bare	-1	2212	53057	-3.36	-6.42	14.0	2.658	2.26	0.961	0.000	30.2	4.4	172.0	0	1
mcp1k	169626	receiver_type	13012-53051	4	11	11	53051	-9.92	-8.51	6.5	1.386	3.95	0.947	shower	11	11	13012	-11.90	-14.52	7.2	1.436	4.01	0.867	0.000	8.6	55.8	22.1	0	0
mcp1k	169626	receiver_type	13013-53051	4	11	11	53051	-9.92	-8.51	6.5	1.386	3.95	0.947	shower	11	11	13013	-10.80	-14.43	15.0	1.025	3.60	0.767	0.231	30.3	16.1	129.8	0	0
mcp1k	169626	receiver_type	42031-53051	4	11	11	53051	-9.92	-8.51	6.5	1.386	3.95	0.947	shower	11	11	42031	-10.15	-12.03	3.3	1.487	4.93	0.867	0.000	15.0	19.9	73.1	0	0
mcp1k	169626	receiver_type	53051-53057	4	11	11	53051	-9.92	-8.51	6.5	1.386	3.95	0.947	bare	-1	2212	53057	-6.42	-3.36	14.0	2.658	2.26	0.961	0.000	23.0	170.3	175.9	0	1
mcp1k	169626	receiver_type	53051-53057	4	11	11	53051	-9.92	-8.51	6.5	1.386	3.95	0.947	bare	-1	2212	53057	-3.36	-6.42	14.0	2.658	2.26	0.961	0.000	36.3	172.4	4.7	0	1
mcp1k	169626	receiver_type	13012-53052	4	11	11	53052	-5.97	-1.84	8.8	1.133	3.32	0.851	shower	11	11	13012	-11.90	-14.52	7.2	1.436	4.01	0.867	0.000	22.5	139.6	137.9	0	0
mcp1k	169626	receiver_type	13013-53052	4	11	11	53052	-5.97	-1.84	8.8	1.133	3.32	0.851	shower	11	11	13013	-10.80	-14.43	15.0	1.025	3.60	0.767	0.231	48.0	152.0	16.2	0	0
mcp1k	169626	receiver_type	42031-53052	4	11	11	53052	-5.97	-1.84	8.8	1.133	3.32	0.851	shower	11	11	42031	-10.15	-12.03	3.3	1.487	4.93	0.867	0.000	32.2	149.8	85.2	0	0
mcp1k	169626	receiver_type	53052-53057	4	11	11	53052	-5.97	-1.84	8.8	1.133	3.32	0.851	bare	-1	2212	53057	-6.42	-3.36	14.0	2.658	2.26	0.961	0.000	6.3	41.2	36.8	0	1
mcp1k	169626	receiver_type	53052-53057	4	11	11	53052	-5.97	-1.84	8.8	1.133	3.32	0.851	bare	-1	2212	53057	-3.36	-6.42	14.0	2.658	2.26	0.961	0.000	19.0	35.2	143.7	0	1
mcp1k	169626	receiver_type	13012-53052	4	11	11	53052	-1.84	-5.97	8.8	1.133	3.32	0.851	shower	11	11	13012	-11.90	-14.52	7.2	1.436	4.01	0.867	0.000	18.9	82.6	63.1	0	0
mcp1k	169626	receiver_type	13013-53052	4	11	11	53052	-1.84	-5.97	8.8	1.133	3.32	0.851	shower	11	11	13013	-10.80	-14.43	15.0	1.025	3.60	0.767	0.231	42.5	58.3	158.9	0	0
mcp1k	169626	receiver_type	42031-53052	4	11	11	53052	-1.84	-5.97	8.8	1.133	3.32	0.851	shower	11	11	42031	-10.15	-12.03	3.3	1.487	4.93	0.867	0.000	27.1	64.9	107.0	0	0
mcp1k	169626	receiver_type	53052-53057	4	11	11	53052	-1.84	-5.97	8.8	1.133	3.32	0.851	bare	-1	2212	53057	-6.42	-3.36	14.0	2.658	2.26	0.961	0.000	12.6	148.1	119.1	0	1
mcp1k	169626	receiver_type	53052-53057	4	11	11	53052	-1.84	-5.97	8.8	1.133	3.32	0.851	bare	-1	2212	53057	-3.36	-6.42	14.0	2.658	2.26	0.961	0.000	24.8	134.2	60.4	0	1
mcp1k	169626	receiver_type	13012-53055	4	11	11	53055	-8.51	-11.71	5.6	1.077	4.52	0.723	shower	11	11	13012	-11.90	-14.52	7.2	1.436	4.01	0.867	0.000	12.9	155.2	110.9	0	0
mcp1k	169626	receiver_type	13013-53055	4	11	11	53055	-8.51	-11.71	5.6	1.077	4.52	0.723	shower	11	11	13013	-10.80	-14.43	15.0	1.025	3.60	0.767	0.231	36.3	121.2	95.0	0	0
mcp1k	169626	receiver_type	42031-53055	4	11	11	53055	-8.51	-11.71	5.6	1.077	4.52	0.723	shower	11	11	42031	-10.15	-12.03	3.3	1.487	4.93	0.867	0.000	20.9	129.0	86.6	0	0
mcp1k	169626	receiver_type	53055-53057	4	11	11	53055	-8.51	-11.71	5.6	1.077	4.52	0.723	bare	-1	2212	53057	-6.42	-3.36	14.0	2.658	2.26	0.961	0.000	16.9	58.5	51.4	0	1
mcp1k	169626	receiver_type	53055-53057	4	11	11	53055	-8.51	-11.71	5.6	1.077	4.52	0.723	bare	-1	2212	53057	-3.36	-6.42	14.0	2.658	2.26	0.961	0.000	30.2	55.4	128.5	0	1
mcp1k	169626	receiver_type	13012-53055	4	11	11	53055	-11.71	-8.51	5.6	1.077	4.52	0.723	shower	11	11	13012	-11.90	-14.52	7.2	1.436	4.01	0.867	0.000	9.9	68.0	45.4	0	0
mcp1k	169626	receiver_type	13013-53055	4	11	11	53055	-11.71	-8.51	5.6	1.077	4.52	0.723	shower	11	11	13013	-10.80	-14.43	15.0	1.025	3.60	0.767	0.231	34.2	63.2	91.6	0	0
mcp1k	169626	receiver_type	42031-53055	4	11	11	53055	-11.71	-8.51	5.6	1.077	4.52	0.723	shower	11	11	42031	-10.15	-12.03	3.3	1.487	4.93	0.867	0.000	18.6	67.0	45.7	0	0
mcp1k	169626	receiver_type	53055-53057	4	11	11	53055	-11.71	-8.51	5.6	1.077	4.52	0.723	bare	-1	2212	53057	-6.42	-3.36	14.0	2.658	2.26	0.961	0.000	19.6	133.7	131.6	0	1
mcp1k	169626	receiver_type	53055-53057	4	11	11	53055	-11.71	-8.51	5.6	1.077	4.52	0.723	bare	-1	2212	53057	-3.36	-6.42	14.0	2.658	2.26	0.961	0.000	33.0	132.7	49.0	0	1
mcp1k	169626	receiver_type	13012-53056	4	11	11	53056	-5.97	-6.42	6.6	1.902	5.35	0.956	shower	11	11	13012	-11.90	-14.52	7.2	1.436	4.01	0.867	0.000	22.5	33.3	58.0	0	0
mcp1k	169626	receiver_type	13013-53056	4	11	11	53056	-5.97	-6.42	6.6	1.902	5.35	0.956	shower	11	11	13013	-10.80	-14.43	15.0	1.025	3.60	0.767	0.231	48.0	38.5	125.9	0	0
mcp1k	169626	receiver_type	42031-53056	4	11	11	53056	-5.97	-6.42	6.6	1.902	5.35	0.956	shower	11	11	42031	-10.15	-12.03	3.3	1.487	4.93	0.867	0.000	32.2	36.0	112.4	0	0
mcp1k	169626	receiver_type	53056-53057	4	11	11	53056	-5.97	-6.42	6.6	1.902	5.35	0.956	bare	-1	2212	53057	-6.42	-3.36	14.0	2.658	2.26	0.961	0.000	6.3	174.0	143.4	0	1
mcp1k	169626	receiver_type	53056-53057	4	11	11	53056	-5.97	-6.42	6.6	1.902	5.35	0.956	bare	-1	2212	53057	-3.36	-6.42	14.0	2.658	2.26	0.961	0.000	19.0	154.1	36.0	0	1
mcp1k	169626	receiver_type	13012-53056	4	11	11	53056	-6.42	-5.97	6.6	1.902	5.35	0.956	shower	11	11	13012	-11.90	-14.52	7.2	1.436	4.01	0.867	0.000	28.2	159.7	125.7	0	0
mcp1k	169626	receiver_type	13013-53056	4	11	11	53056	-6.42	-5.97	6.6	1.902	5.35	0.956	shower	11	11	13013	-10.80	-14.43	15.0	1.025	3.60	0.767	0.231	53.2	147.4	60.8	0	0
mcp1k	169626	receiver_type	42031-53056	4	11	11	53056	-6.42	-5.97	6.6	1.902	5.35	0.956	shower	11	11	42031	-10.15	-12.03	3.3	1.487	4.93	0.867	0.000	37.6	152.1	75.2	0	0
mcp1k	169626	receiver_type	53056-53057	4	11	11	53056	-6.42	-5.97	6.6	1.902	5.35	0.956	bare	-1	2212	53057	-6.42	-3.36	14.0	2.658	2.26	0.961	0.000	0.0	181.0	31.4	0	1
mcp1k	169626	receiver_type	53056-53057	4	11	11	53056	-6.42	-5.97	6.6	1.902	5.35	0.956	bare	-1	2212	53057	-3.36	-6.42	14.0	2.658	2.26	0.961	0.000	13.4	31.2	149.0	0	1
mcp1k	169626	receiver_type	13012-53058	4	11	11	53058	-6.42	-8.05	4.7	1.203	6.17	0.878	shower	11	11	13012	-11.90	-14.52	7.2	1.436	4.01	0.867	0.000	28.2	157.9	131.7	0	0
mcp1k	169626	receiver_type	13013-53058	4	11	11	53058	-6.42	-8.05	4.7	1.203	6.17	0.878	shower	11	11	13013	-10.80	-14.43	15.0	1.025	3.60	0.767	0.231	53.2	143.1	74.1	0	0
mcp1k	169626	receiver_type	42031-53058	4	11	11	53058	-6.42	-8.05	4.7	1.203	6.17	0.878	shower	11	11	42031	-10.15	-12.03	3.3	1.487	4.93	0.867	0.000	37.6	147.3	94.5	0	0
mcp1k	169626	receiver_type	53057-53058	4	11	11	53058	-6.42	-8.05	4.7	1.203	6.17	0.878	bare	-1	2212	53057	-6.42	-3.36	14.0	2.658	2.26	0.961	0.000	0.0	181.0	29.4	0	1
mcp1k	169626	receiver_type	53057-53058	4	11	11	53058	-6.42	-8.05	4.7	1.203	6.17	0.878	bare	-1	2212	53057	-3.36	-6.42	14.0	2.658	2.26	0.961	0.000	13.4	29.4	150.5	0	1
mcp1k	169626	receiver_type	13012-53058	4	11	11	53058	-8.05	-6.42	4.7	1.203	6.17	0.878	shower	11	11	13012	-11.90	-14.52	7.2	1.436	4.01	0.867	0.000	24.2	9.5	32.2	0	0
mcp1k	169626	receiver_type	13013-53058	4	11	11	53058	-8.05	-6.42	4.7	1.203	6.17	0.878	shower	11	11	13013	-10.80	-14.43	15.0	1.025	3.60	0.767	0.231	49.6	21.5	123.0	0	0
mcp1k	169626	receiver_type	42031-53058	4	11	11	53058	-8.05	-6.42	4.7	1.203	6.17	0.878	shower	11	11	42031	-10.15	-12.03	3.3	1.487	4.93	0.867	0.000	33.9	18.3	79.8	0	0
mcp1k	169626	receiver_type	53057-53058	4	11	11	53058	-8.05	-6.42	4.7	1.203	6.17	0.878	bare	-1	2212	53057	-6.42	-3.36	14.0	2.658	2.26	0.961	0.000	4.1	170.4	168.7	0	1
mcp1k	169626	receiver_type	53057-53058	4	11	11	53058	-8.05	-6.42	4.7	1.203	6.17	0.878	bare	-1	2212	53057	-3.36	-6.42	14.0	2.658	2.26	0.961	0.000	17.3	173.6	11.4	0	1
mcp1k	169626	receiver_type	13012-53059	4	11	11	53059	-7.24	-10.08	8.9	0.468	4.03	0.640	shower	11	11	13012	-11.90	-14.52	7.2	1.436	4.01	0.867	0.000	19.1	86.0	55.1	0	0
mcp1k	169626	receiver_type	13013-53059	4	11	11	53059	-7.24	-10.08	8.9	0.468	4.03	0.640	shower	11	11	13013	-10.80	-14.43	15.0	1.025	3.60	0.767	0.231	41.3	57.0	165.1	0	0
mcp1k	169626	receiver_type	42031-53059	4	11	11	53059	-7.24	-10.08	8.9	0.468	4.03	0.640	shower	11	11	42031	-10.15	-12.03	3.3	1.487	4.93	0.867	0.000	26.5	65.4	89.1	0	0
mcp1k	169626	receiver_type	53057-53059	4	11	11	53059	-7.24	-10.08	8.9	0.468	4.03	0.640	bare	-1	2212	53057	-6.42	-3.36	14.0	2.658	2.26	0.961	0.000	13.0	138.3	118.4	0	1
mcp1k	169626	receiver_type	53057-53059	4	11	11	53059	-7.24	-10.08	8.9	0.468	4.03	0.640	bare	-1	2212	53057	-3.36	-6.42	14.0	2.658	2.26	0.961	0.000	25.8	128.7	61.3	0	1
mcp1k	169626	receiver_type	13012-53059	4	11	11	53059	-10.08	-7.24	8.9	0.468	4.03	0.640	shower	11	11	13012	-11.90	-14.52	7.2	1.436	4.01	0.867	0.000	19.7	95.9	125.4	0	0
mcp1k	169626	receiver_type	13013-53059	4	11	11	53059	-10.08	-7.24	8.9	0.468	4.03	0.640	shower	11	11	13013	-10.80	-14.43	15.0	1.025	3.60	0.767	0.231	44.2	117.9	31.2	0	0
mcp1k	169626	receiver_type	42031-53059	4	11	11	53059	-10.08	-7.24	8.9	0.468	4.03	0.640	shower	11	11	42031	-10.15	-12.03	3.3	1.487	4.93	0.867	0.000	28.8	112.0	109.4	0	0
mcp1k	169626	receiver_type	53057-53059	4	11	11	53059	-10.08	-7.24	8.9	0.468	4.03	0.640	bare	-1	2212	53057	-6.42	-3.36	14.0	2.658	2.26	0.961	0.000	9.6	67.7	69.8	0	1
mcp1k	169626	receiver_type	53057-53059	4	11	11	53059	-10.08	-7.24	8.9	0.468	4.03	0.640	bare	-1	2212	53057	-3.36	-6.42	14.0	2.658	2.26	0.961	0.000	22.8	68.8	110.3	0	1
mcp1k	169626	receiver_type	13012-53060	4	11	11	53060	-7.24	-8.51	7.3	0.756	4.57	0.862	shower	11	11	13012	-11.90	-14.52	7.2	1.436	4.01	0.867	0.000	19.1	169.0	113.3	0	0
mcp1k	169626	receiver_type	13013-53060	4	11	11	53060	-7.24	-8.51	7.3	0.756	4.57	0.862	shower	11	11	13013	-10.80	-14.43	15.0	1.025	3.60	0.767	0.231	41.3	136.8	81.3	0	0
mcp1k	169626	receiver_type	42031-53060	4	11	11	53060	-7.24	-8.51	7.3	0.756	4.57	0.862	shower	11	11	42031	-10.15	-12.03	3.3	1.487	4.93	0.867	0.000	26.5	147.3	74.4	0	0
mcp1k	169626	receiver_type	53057-53060	4	11	11	53060	-7.24	-8.51	7.3	0.756	4.57	0.862	bare	-1	2212	53057	-6.42	-3.36	14.0	2.658	2.26	0.961	0.000	13.0	69.5	44.8	0	1
mcp1k	169626	receiver_type	53057-53060	4	11	11	53060	-7.24	-8.51	7.3	0.756	4.57	0.862	bare	-1	2212	53057	-3.36	-6.42	14.0	2.658	2.26	0.961	0.000	25.8	56.9	135.4	0	1
mcp1k	169626	receiver_type	13012-53060	4	11	11	53060	-8.51	-7.24	7.3	0.756	4.57	0.862	shower	11	11	13012	-11.90	-14.52	7.2	1.436	4.01	0.867	0.000	12.9	6.5	54.2	0	0
mcp1k	169626	receiver_type	13013-53060	4	11	11	53060	-8.51	-7.24	7.3	0.756	4.57	0.862	shower	11	11	13013	-10.80	-14.43	15.0	1.025	3.60	0.767	0.231	36.3	34.3	113.7	0	0
mcp1k	169626	receiver_type	42031-53060	4	11	11	53060	-8.51	-7.24	7.3	0.756	4.57	0.862	shower	11	11	42031	-10.15	-12.03	3.3	1.487	4.93	0.867	0.000	20.9	25.1	101.1	0	0
mcp1k	169626	receiver_type	53057-53060	4	11	11	53060	-8.51	-7.24	7.3	0.756	4.57	0.862	bare	-1	2212	53057	-6.42	-3.36	14.0	2.658	2.26	0.961	0.000	16.9	144.2	148.6	0	1
mcp1k	169626	receiver_type	53057-53060	4	11	11	53060	-8.51	-7.24	7.3	0.756	4.57	0.862	bare	-1	2212	53057	-3.36	-6.42	14.0	2.658	2.26	0.961	0.000	30.2	146.3	31.1	0	1
mcp1k	169626	receiver_type	13012-53061	4	11	11	53061	-7.24	-5.97	14.0	0.674	4.33	0.750	shower	11	11	13012	-11.90	-14.52	7.2	1.436	4.01	0.867	0.000	19.1	82.0	31.0	0	0
mcp1k	169626	receiver_type	13013-53061	4	11	11	53061	-7.24	-5.97	14.0	0.674	4.33	0.750	shower	11	11	13013	-10.80	-14.43	15.0	1.025	3.60	0.767	0.231	41.3	50.0	151.8	0	0
mcp1k	169626	receiver_type	42031-53061	4	11	11	53061	-7.24	-5.97	14.0	0.674	4.33	0.750	shower	11	11	42031	-10.15	-12.03	3.3	1.487	4.93	0.867	0.000	26.5	60.6	59.1	0	0
mcp1k	169626	receiver_type	53057-53061	4	11	11	53061	-7.24	-5.97	14.0	0.674	4.33	0.750	bare	-1	2212	53057	-6.42	-3.36	14.0	2.658	2.26	0.961	0.000	13.0	156.4	131.2	0	1
mcp1k	169626	receiver_type	53057-53061	4	11	11	53061	-7.24	-5.97	14.0	0.674	4.33	0.750	bare	-1	2212	53057	-3.36	-6.42	14.0	2.658	2.26	0.961	0.000	25.8	143.6	48.9	0	1
mcp1k	169626	receiver_type	13012-53061	4	11	11	53061	-5.97	-7.24	14.0	0.674	4.33	0.750	shower	11	11	13012	-11.90	-14.52	7.2	1.436	4.01	0.867	0.000	22.5	117.3	145.8	0	0
mcp1k	169626	receiver_type	13013-53061	4	11	11	53061	-5.97	-7.24	14.0	0.674	4.33	0.750	shower	11	11	13013	-10.80	-14.43	15.0	1.025	3.60	0.767	0.231	48.0	127.6	53.7	0	0
mcp1k	169626	receiver_type	42031-53061	4	11	11	53061	-5.97	-7.24	14.0	0.674	4.33	0.750	shower	11	11	42031	-10.15	-12.03	3.3	1.487	4.93	0.867	0.000	32.2	124.6	146.6	0	0
mcp1k	169626	receiver_type	53057-53061	4	11	11	53061	-5.97	-7.24	14.0	0.674	4.33	0.750	bare	-1	2212	53057	-6.42	-3.36	14.0	2.658	2.26	0.961	0.000	6.3	89.5	57.1	0	1
mcp1k	169626	receiver_type	53057-53061	4	11	11	53061	-5.97	-7.24	14.0	0.674	4.33	0.750	bare	-1	2212	53057	-3.36	-6.42	14.0	2.658	2.26	0.961	0.000	19.0	67.4	122.5	0	1
mcp1k	282231	receiver_type	19000-23002	1	2212	2212	23002	2.00	3.90	8.0	3.780	4.37	0.825	bare	-1	13	19000	-0.54	-10.92	51.7	1.421	1.77	0.964	0.000	34.1	35.0	34.0	0	0
mcp1k	282231	receiver_type	19000-23002	1	2212	2212	23002	2.00	3.90	8.0	3.780	4.37	0.825	bare	-1	13	19000	-10.92	-0.54	51.7	1.421	1.77	0.964	0.000	83.7	31.2	153.7	0	0
mcp1k	282231	receiver_type	19001-23002	1	2212	2212	23002	2.00	3.90	8.0	3.780	4.37	0.825	bare	-1	211	19001	-10.92	-13.34	15.6	1.066	3.86	0.938	0.000	83.7	31.2	128.3	0	0
mcp1k	282231	receiver_type	19000-23002	1	2212	2212	23002	3.90	2.00	8.0	3.780	4.37	0.825	bare	-1	13	19000	-0.54	-10.92	51.7	1.421	1.77	0.964	0.000	39.5	145.4	140.4	0	0
mcp1k	282231	receiver_type	19000-23002	1	2212	2212	23002	3.90	2.00	8.0	3.780	4.37	0.825	bare	-1	13	19000	-10.92	-0.54	51.7	1.421	1.77	0.964	0.000	89.2	145.3	32.7	0	0
mcp1k	282231	receiver_type	19001-23002	1	2212	2212	23002	3.90	2.00	8.0	3.780	4.37	0.825	bare	-1	211	19001	-10.92	-13.34	15.6	1.066	3.86	0.938	0.000	89.2	145.3	56.0	0	0
mcp1k	283040	partner_type	2008-41022	0	13	13	2008	-5.89	-45.43	69.2	1.144	1.44	0.971	shower	11	11	41022	-6.74	-6.67	4.3	0.507	5.48	1.000	0.000	1.8	76.1	107.6	0	0
mcp1k	283040	partner_type	2008-41022	0	13	13	2008	-5.89	-45.43	69.2	1.144	1.44	0.971	shower	11	11	41022	-6.67	-6.74	4.3	0.507	5.48	1.000	0.000	5.2	99.6	72.4	0	0
mcp1k	283040	partner_type	2008-41023	0	13	13	2008	-5.89	-45.43	69.2	1.144	1.44	0.971	shower	11	11	41023	-7.09	-6.74	2.4	0.307	3.73	1.000	0.000	4.0	80.3	95.9	0	0
mcp1k	283040	partner_type	2008-41023	0	13	13	2008	-5.89	-45.43	69.2	1.144	1.44	0.971	shower	11	11	41023	-6.74	-7.09	2.4	0.307	3.73	1.000	0.000	1.8	76.1	84.1	0	0
mcp1k	283040	receiver_type	2008-41022	1	11	11	41022	-6.74	-6.67	4.3	0.507	5.48	1.000	shower	13	13	2008	-5.89	-45.43	69.2	1.144	1.44	0.971	0.000	1.8	69.6	107.6	0	0
mcp1k	283040	receiver_type	2032-41022	1	11	11	41022	-6.74	-6.67	4.3	0.507	5.48	1.000	bare	-1	2212	2032	-6.28	-5.89	4.3	5.599	7.36	0.892	0.000	4.7	17.3	166.9	0	0
mcp1k	283040	receiver_type	2032-41022	1	11	11	41022	-6.74	-6.67	4.3	0.507	5.48	1.000	bare	-1	2212	2032	-5.89	-6.28	4.3	5.599	7.36	0.892	0.000	1.8	69.6	5.3	0	0
mcp1k	283040	receiver_type	2008-41022	1	11	11	41022	-6.67	-6.74	4.3	0.507	5.48	1.000	shower	13	13	2008	-5.89	-45.43	69.2	1.144	1.44	0.971	0.000	5.2	161.2	72.4	0	0
mcp1k	283040	receiver_type	2032-41022	1	11	11	41022	-6.67	-6.74	4.3	0.507	5.48	1.000	bare	-1	2212	2032	-6.28	-5.89	4.3	5.599	7.36	0.892	0.000	8.9	171.0	13.1	0	0
mcp1k	283040	receiver_type	2032-41022	1	11	11	41022	-6.67	-6.74	4.3	0.507	5.48	1.000	bare	-1	2212	2032	-5.89	-6.28	4.3	5.599	7.36	0.892	0.000	5.2	161.2	174.7	0	0
mcp1k	283040	receiver_type	2008-41023	1	11	11	41023	-7.09	-6.74	2.4	0.307	3.73	1.000	shower	13	13	2008	-5.89	-45.43	69.2	1.144	1.44	0.971	0.000	4.0	165.1	95.9	0	0
mcp1k	283040	receiver_type	2032-41023	1	11	11	41023	-7.09	-6.74	2.4	0.307	3.73	1.000	bare	-1	2212	2032	-6.28	-5.89	4.3	5.599	7.36	0.892	0.000	7.0	167.4	48.2	0	0
mcp1k	283040	receiver_type	2032-41023	1	11	11	41023	-7.09	-6.74	2.4	0.307	3.73	1.000	bare	-1	2212	2032	-5.89	-6.28	4.3	5.599	7.36	0.892	0.000	4.0	165.1	148.6	0	0
mcp1k	283040	receiver_type	2008-41023	1	11	11	41023	-6.74	-7.09	2.4	0.307	3.73	1.000	shower	13	13	2008	-5.89	-45.43	69.2	1.144	1.44	0.971	0.000	1.8	35.4	84.1	0	0
mcp1k	283040	receiver_type	2032-41023	1	11	11	41023	-6.74	-7.09	2.4	0.307	3.73	1.000	bare	-1	2212	2032	-6.28	-5.89	4.3	5.599	7.36	0.892	0.000	4.7	19.0	131.8	0	0
mcp1k	283040	receiver_type	2032-41023	1	11	11	41023	-6.74	-7.09	2.4	0.307	3.73	1.000	bare	-1	2212	2032	-5.89	-6.28	4.3	5.599	7.36	0.892	0.000	1.8	35.4	31.4	0	0
mcp1k	287654	receiver_type	12001-12004	0	11	11	12004	-3.49	-3.58	5.7	1.293	3.82	0.988	bare	-1	211	12001	-4.67	-8.45	55.6	1.348	2.70	0.943	0.000	55.2	39.8	138.2	0	1
mcp1k	287654	receiver_type	12001-12004	0	11	11	12004	-3.49	-3.58	5.7	1.293	3.82	0.988	bare	-1	211	12001	-8.45	-4.67	55.6	1.348	2.70	0.943	0.000	6.0	82.6	37.0	0	1
mcp1k	287654	receiver_type	12003-12004	0	11	11	12004	-3.49	-3.58	5.7	1.293	3.82	0.988	bare	-1	211	12003	-8.45	-3.49	6.6	2.213	3.40	0.917	0.000	6.0	82.6	98.2	0	1
mcp1k	287654	receiver_type	12003-12004	0	11	11	12004	-3.49	-3.58	5.7	1.293	3.82	0.988	bare	-1	211	12003	-3.49	-8.45	6.6	2.213	3.40	0.917	0.000	0.0	181.0	83.4	0	1
mcp1k	287654	receiver_type	12004-12005	0	11	11	12004	-3.49	-3.58	5.7	1.293	3.82	0.988	shower	11	11	12005	-3.49	-0.52	3.5	1.215	2.57	0.961	0.143	0.0	181.0	65.3	0	1
mcp1k	287654	receiver_type	12004-12005	0	11	11	12004	-3.49	-3.58	5.7	1.293	3.82	0.988	shower	11	11	12005	-0.52	-3.49	3.5	1.215	2.57	0.961	0.143	3.4	72.2	100.9	0	1
mcp1k	287654	receiver_type	12004-12006	0	11	11	12004	-3.49	-3.58	5.7	1.293	3.82	0.988	bare	-1	2212	12006	-8.45	-9.29	2.8	6.902	4.80	0.960	0.000	6.0	82.6	29.1	0	1
mcp1k	287654	receiver_type	12004-12006	0	11	11	12004	-3.49	-3.58	5.7	1.293	3.82	0.988	bare	-1	2212	12006	-9.29	-8.45	2.8	6.902	4.80	0.960	0.000	7.0	64.5	137.4	0	1
mcp1k	287654	receiver_type	12004-44013	0	11	11	12004	-3.49	-3.58	5.7	1.293	3.82	0.988	shower	11	11	44013	2.71	6.47	4.8	1.342	1.88	0.904	0.000	6.4	76.1	111.0	0	0
mcp1k	287654	receiver_type	12004-44013	0	11	11	12004	-3.49	-3.58	5.7	1.293	3.82	0.988	shower	11	11	44013	6.47	2.71	4.8	1.342	1.88	0.904	0.000	10.0	89.1	74.3	0	0
mcp1k	287654	receiver_type	12001-12004	0	11	11	12004	-3.58	-3.49	5.7	1.293	3.82	0.988	bare	-1	211	12001	-4.67	-8.45	55.6	1.348	2.70	0.943	0.000	59.6	142.5	43.7	0	1
mcp1k	287654	receiver_type	12001-12004	0	11	11	12004	-3.58	-3.49	5.7	1.293	3.82	0.988	bare	-1	211	12001	-8.45	-4.67	55.6	1.348	2.70	0.943	0.000	8.9	138.7	141.0	0	1
mcp1k	287654	receiver_type	12003-12004	0	11	11	12004	-3.58	-3.49	5.7	1.293	3.82	0.988	bare	-1	211	12003	-8.45	-3.49	6.6	2.213	3.40	0.917	0.000	8.9	138.7	79.5	0	1
mcp1k	287654	receiver_type	12003-12004	0	11	11	12004	-3.58	-3.49	5.7	1.293	3.82	0.988	bare	-1	211	12003	-3.49	-8.45	6.6	2.213	3.40	0.917	0.000	5.7	178.2	98.7	0	1
mcp1k	287654	receiver_type	12004-12005	0	11	11	12004	-3.58	-3.49	5.7	1.293	3.82	0.988	shower	11	11	12005	-3.49	-0.52	3.5	1.215	2.57	0.961	0.143	5.7	178.2	112.0	0	1
mcp1k	287654	receiver_type	12004-12005	0	11	11	12004	-3.58	-3.49	5.7	1.293	3.82	0.988	shower	11	11	12005	-0.52	-3.49	3.5	1.215	2.57	0.961	0.143	7.4	152.5	81.6	0	1
mcp1k	287654	receiver_type	12004-12006	0	11	11	12004	-3.58	-3.49	5.7	1.293	3.82	0.988	bare	-1	2212	12006	-8.45	-9.29	2.8	6.902	4.80	0.960	0.000	8.9	138.7	154.3	0	1
mcp1k	287654	receiver_type	12004-12006	0	11	11	12004	-3.58	-3.49	5.7	1.293	3.82	0.988	bare	-1	2212	12006	-9.29	-8.45	2.8	6.902	4.80	0.960	0.000	10.8	146.2	39.5	0	1
mcp1k	287654	receiver_type	12004-44013	0	11	11	12004	-3.58	-3.49	5.7	1.293	3.82	0.988	shower	11	11	44013	2.71	6.47	4.8	1.342	1.88	0.904	0.000	9.4	136.7	65.2	0	0
mcp1k	287654	receiver_type	12004-44013	0	11	11	12004	-3.58	-3.49	5.7	1.293	3.82	0.988	shower	11	11	44013	6.47	2.71	4.8	1.342	1.88	0.904	0.000	11.4	117.0	109.5	0	0
mcp1k	287654	receiver_type	12001-12005	1	11	11	12005	-3.49	-0.52	3.5	1.215	2.57	0.961	bare	-1	211	12001	-4.67	-8.45	55.6	1.348	2.70	0.943	0.000	55.2	92.2	83.5	0	1
mcp1k	287654	receiver_type	12001-12005	1	11	11	12005	-3.49	-0.52	3.5	1.215	2.57	0.961	bare	-1	211	12001	-8.45	-4.67	55.6	1.348	2.70	0.943	0.000	6.0	33.4	99.0	0	1
mcp1k	287654	receiver_type	12003-12005	1	11	11	12005	-3.49	-0.52	3.5	1.215	2.57	0.961	bare	-1	211	12003	-8.45	-3.49	6.6	2.213	3.40	0.917	0.000	6.0	33.4	146.1	0	1
mcp1k	287654	receiver_type	12003-12005	1	11	11	12005	-3.49	-0.52	3.5	1.215	2.57	0.961	bare	-1	211	12003	-3.49	-8.45	6.6	2.213	3.40	0.917	0.000	0.0	181.0	33.0	0	1
mcp1k	287654	receiver_type	12004-12005	1	11	11	12005	-3.49	-0.52	3.5	1.215	2.57	0.961	shower	11	11	12004	-3.49	-3.58	5.7	1.293	3.82	0.988	0.000	0.0	181.0	65.3	0	1
mcp1k	287654	receiver_type	12004-12005	1	11	11	12005	-3.49	-0.52	3.5	1.215	2.57	0.961	shower	11	11	12004	-3.58	-3.49	5.7	1.293	3.82	0.988	0.000	5.7	66.7	112.0	0	1
mcp1k	287654	receiver_type	12005-12006	1	11	11	12005	-3.49	-0.52	3.5	1.215	2.57	0.961	bare	-1	2212	12006	-8.45	-9.29	2.8	6.902	4.80	0.960	0.000	6.0	33.4	103.1	0	1
mcp1k	287654	receiver_type	12005-12006	1	11	11	12005	-3.49	-0.52	3.5	1.215	2.57	0.961	bare	-1	2212	12006	-9.29	-8.45	2.8	6.902	4.80	0.960	0.000	7.0	50.4	77.9	0	1
mcp1k	287654	receiver_type	12005-44013	1	11	11	12005	-3.49	-0.52	3.5	1.215	2.57	0.961	shower	11	11	44013	2.71	6.47	4.8	1.342	1.88	0.904	0.000	6.4	160.8	122.0	0	0
mcp1k	287654	receiver_type	12005-44013	1	11	11	12005	-3.49	-0.52	3.5	1.215	2.57	0.961	shower	11	11	44013	6.47	2.71	4.8	1.342	1.88	0.904	0.000	10.0	144.0	65.2	0	0
mcp1k	287654	receiver_type	12001-12005	1	11	11	12005	-0.52	-3.49	3.5	1.215	2.57	0.961	bare	-1	211	12001	-4.67	-8.45	55.6	1.348	2.70	0.943	0.000	55.5	104.2	84.2	0	1
mcp1k	287654	receiver_type	12001-12005	1	11	11	12005	-0.52	-3.49	3.5	1.215	2.57	0.961	bare	-1	211	12001	-8.45	-4.67	55.6	1.348	2.70	0.943	0.000	9.2	169.9	93.8	0	1
mcp1k	287654	receiver_type	12003-12005	1	11	11	12005	-0.52	-3.49	3.5	1.215	2.57	0.961	bare	-1	211	12003	-8.45	-3.49	6.6	2.213	3.40	0.917	0.000	9.2	169.9	20.0	0	1
mcp1k	287654	receiver_type	12003-12005	1	11	11	12005	-0.52	-3.49	3.5	1.215	2.57	0.961	bare	-1	211	12003	-3.49	-8.45	6.6	2.213	3.40	0.917	0.000	3.4	173.0	160.7	0	1
mcp1k	287654	receiver_type	12004-12005	1	11	11	12005	-0.52	-3.49	3.5	1.215	2.57	0.961	shower	11	11	12004	-3.49	-3.58	5.7	1.293	3.82	0.988	0.000	3.4	173.0	100.9	0	1
mcp1k	287654	receiver_type	12004-12005	1	11	11	12005	-0.52	-3.49	3.5	1.215	2.57	0.961	shower	11	11	12004	-3.58	-3.49	5.7	1.293	3.82	0.988	0.000	7.4	125.8	81.6	0	1
mcp1k	287654	receiver_type	12005-12006	1	11	11	12005	-0.52	-3.49	3.5	1.215	2.57	0.961	bare	-1	2212	12006	-8.45	-9.29	2.8	6.902	4.80	0.960	0.000	9.2	169.9	87.8	0	1
mcp1k	287654	receiver_type	12005-12006	1	11	11	12005	-0.52	-3.49	3.5	1.215	2.57	0.961	bare	-1	2212	12006	-9.29	-8.45	2.8	6.902	4.80	0.960	0.000	9.7	156.8	93.8	0	1
mcp1k	287654	receiver_type	12005-44013	1	11	11	12005	-0.52	-3.49	3.5	1.215	2.57	0.961	shower	11	11	44013	2.71	6.47	4.8	1.342	1.88	0.904	0.000	3.3	37.2	50.2	0	0
mcp1k	287654	receiver_type	12005-44013	1	11	11	12005	-0.52	-3.49	3.5	1.215	2.57	0.961	shower	11	11	44013	6.47	2.71	4.8	1.342	1.88	0.904	0.000	7.4	46.3	119.3	0	0
mcp1k	287654	receiver_type	12001-44013	2	11	11	44013	2.71	6.47	4.8	1.342	1.88	0.904	bare	-1	211	12001	-4.67	-8.45	55.6	1.348	2.70	0.943	0.000	55.2	73.4	94.5	0	0
mcp1k	287654	receiver_type	12001-44013	2	11	11	44013	2.71	6.47	4.8	1.342	1.88	0.904	bare	-1	211	12001	-8.45	-4.67	55.6	1.348	2.70	0.943	0.000	11.9	40.5	83.5	0	0
mcp1k	287654	receiver_type	12003-44013	2	11	11	44013	2.71	6.47	4.8	1.342	1.88	0.904	bare	-1	211	12003	-8.45	-3.49	6.6	2.213	3.40	0.917	0.000	11.9	40.5	134.8	0	0
mcp1k	287654	receiver_type	12003-44013	2	11	11	44013	2.71	6.47	4.8	1.342	1.88	0.904	bare	-1	211	12003	-3.49	-8.45	6.6	2.213	3.40	0.917	0.000	6.4	40.0	47.9	0	0
mcp1k	287654	receiver_type	12004-44013	2	11	11	44013	2.71	6.47	4.8	1.342	1.88	0.904	shower	11	11	12004	-3.49	-3.58	5.7	1.293	3.82	0.988	0.000	6.4	40.0	111.0	0	0
mcp1k	287654	receiver_type	12004-44013	2	11	11	44013	2.71	6.47	4.8	1.342	1.88	0.904	shower	11	11	12004	-3.58	-3.49	5.7	1.293	3.82	0.988	0.000	9.4	73.5	65.2	0	0
mcp1k	287654	receiver_type	12005-44013	2	11	11	44013	2.71	6.47	4.8	1.342	1.88	0.904	shower	11	11	12005	-3.49	-0.52	3.5	1.215	2.57	0.961	0.143	6.4	40.0	122.0	0	0
mcp1k	287654	receiver_type	12005-44013	2	11	11	44013	2.71	6.47	4.8	1.342	1.88	0.904	shower	11	11	12005	-0.52	-3.49	3.5	1.215	2.57	0.961	0.143	3.3	29.6	50.2	0	0
mcp1k	287654	receiver_type	12006-44013	2	11	11	44013	2.71	6.47	4.8	1.342	1.88	0.904	bare	-1	2212	12006	-8.45	-9.29	2.8	6.902	4.80	0.960	0.000	11.9	40.5	46.8	0	0
mcp1k	287654	receiver_type	12006-44013	2	11	11	44013	2.71	6.47	4.8	1.342	1.88	0.904	bare	-1	2212	12006	-9.29	-8.45	2.8	6.902	4.80	0.960	0.000	12.5	28.7	135.8	0	0
mcp1k	287654	receiver_type	12001-44013	2	11	11	44013	6.47	2.71	4.8	1.342	1.88	0.904	bare	-1	211	12001	-4.67	-8.45	55.6	1.348	2.70	0.943	0.000	56.1	96.9	98.7	0	0
mcp1k	287654	receiver_type	12001-44013	2	11	11	44013	6.47	2.71	4.8	1.342	1.88	0.904	bare	-1	211	12001	-8.45	-4.67	55.6	1.348	2.70	0.943	0.000	15.2	139.9	84.0	0	0
mcp1k	287654	receiver_type	12003-44013	2	11	11	44013	6.47	2.71	4.8	1.342	1.88	0.904	bare	-1	211	12003	-8.45	-3.49	6.6	2.213	3.40	0.917	0.000	15.2	139.9	59.7	0	0
mcp1k	287654	receiver_type	12003-44013	2	11	11	44013	6.47	2.71	4.8	1.342	1.88	0.904	bare	-1	211	12003	-3.49	-8.45	6.6	2.213	3.40	0.917	0.000	10.0	150.6	117.7	0	0
mcp1k	287654	receiver_type	12004-44013	2	11	11	44013	6.47	2.71	4.8	1.342	1.88	0.904	shower	11	11	12004	-3.49	-3.58	5.7	1.293	3.82	0.988	0.000	10.0	150.6	74.3	0	0
mcp1k	287654	receiver_type	12004-44013	2	11	11	44013	6.47	2.71	4.8	1.342	1.88	0.904	shower	11	11	12004	-3.58	-3.49	5.7	1.293	3.82	0.988	0.000	11.4	127.8	109.5	0	0
mcp1k	287654	receiver_type	12005-44013	2	11	11	44013	6.47	2.71	4.8	1.342	1.88	0.904	shower	11	11	12005	-3.49	-0.52	3.5	1.215	2.57	0.961	0.143	10.0	150.6	65.2	0	0
mcp1k	287654	receiver_type	12005-44013	2	11	11	44013	6.47	2.71	4.8	1.342	1.88	0.904	shower	11	11	12005	-0.52	-3.49	3.5	1.215	2.57	0.961	0.143	7.4	165.2	119.3	0	0
mcp1k	287654	receiver_type	12006-44013	2	11	11	44013	6.47	2.71	4.8	1.342	1.88	0.904	bare	-1	2212	12006	-8.45	-9.29	2.8	6.902	4.80	0.960	0.000	15.2	139.9	132.7	0	0
mcp1k	287654	receiver_type	12006-44013	2	11	11	44013	6.47	2.71	4.8	1.342	1.88	0.904	bare	-1	2212	12006	-9.29	-8.45	2.8	6.902	4.80	0.960	0.000	16.2	147.1	39.5	0	0
mcp1k	287830	partner_type	43045-53052	2	13	13	43045	-10.72	-12.20	10.7	0.498	3.07	0.965	shower	11	11	53052	-7.38	-3.81	7.1	1.310	2.96	0.907	0.000	110.7	55.6	43.6	0	0
mcp1k	287830	partner_type	43045-53052	2	13	13	43045	-10.72	-12.20	10.7	0.498	3.07	0.965	shower	11	11	53052	-3.81	-7.38	7.1	1.310	2.96	0.907	0.000	116.0	54.6	138.1	0	0
mcp1k	287830	partner_type	43045-53054	2	13	13	43045	-10.72	-12.20	10.7	0.498	3.07	0.965	shower	11	211	53054	-3.81	-2.18	3.7	0.412	2.94	0.741	0.000	116.0	54.6	20.5	0	0
mcp1k	287830	partner_type	43045-53054	2	13	13	43045	-10.72	-12.20	10.7	0.498	3.07	0.965	shower	11	211	53054	-2.18	-3.81	3.7	0.412	2.94	0.741	0.000	117.5	53.6	143.0	0	0
mcp1k	287830	partner_type	43045-53055	2	13	13	43045	-10.72	-12.20	10.7	0.498	3.07	0.965	shower	11	13	53055	-3.81	-1.31	4.8	0.914	2.65	0.789	0.000	116.0	54.6	58.1	0	0
mcp1k	287830	partner_type	43045-53055	2	13	13	43045	-10.72	-12.20	10.7	0.498	3.07	0.965	shower	11	13	53055	-1.31	-3.81	4.8	0.914	2.65	0.789	0.000	118.9	54.7	103.6	0	0
mcp1k	287830	partner_type	43045-54058	2	13	13	43045	-10.72	-12.20	10.7	0.498	3.07	0.965	shower	11	11	54058	-10.01	-14.59	5.9	2.261	1.57	0.970	0.000	106.9	54.5	133.0	0	0
mcp1k	287830	partner_type	43045-54066	2	13	13	43045	-10.72	-12.20	10.7	0.498	3.07	0.965	shower	11	11	54066	-8.58	-10.01	5.3	1.371	2.58	0.561	0.000	108.2	55.6	102.8	0	0
mcp1k	287830	partner_type	43045-54066	2	13	13	43045	-10.72	-12.20	10.7	0.498	3.07	0.965	shower	11	11	54066	-10.01	-8.58	5.3	1.371	2.58	0.561	0.000	106.9	54.5	139.6	0	0
mcp1k	287830	receiver_type	43045-53052	4	11	11	53052	-7.38	-3.81	7.1	1.310	2.96	0.907	shower	13	13	43045	-10.72	-12.20	10.7	0.498	3.07	0.965	0.000	110.7	33.9	43.6	0	0
mcp1k	287830	receiver_type	43045-53052	4	11	11	53052	-3.81	-7.38	7.1	1.310	2.96	0.907	shower	13	13	43045	-10.72	-12.20	10.7	0.498	3.07	0.965	0.000	116.0	144.5	138.1	0	0
mcp1k	287830	receiver_type	43045-53054	4	11	211	53054	-3.81	-2.18	3.7	0.412	2.94	0.741	shower	13	13	43045	-10.72	-12.20	10.7	0.498	3.07	0.965	0.000	116.0	51.8	20.5	0	0
mcp1k	287830	receiver_type	43045-53054	4	11	211	53054	-2.18	-3.81	3.7	0.412	2.94	0.741	shower	13	13	43045	-10.72	-12.20	10.7	0.498	3.07	0.965	0.000	117.5	116.4	143.0	0	0
mcp1k	287830	receiver_type	43045-53055	4	11	13	53055	-3.81	-1.31	4.8	0.914	2.65	0.789	shower	13	13	43045	-10.72	-12.20	10.7	0.498	3.07	0.965	0.000	116.0	38.1	58.1	0	0
mcp1k	287830	receiver_type	43045-53055	4	11	13	53055	-1.31	-3.81	4.8	0.914	2.65	0.789	shower	13	13	43045	-10.72	-12.20	10.7	0.498	3.07	0.965	0.000	118.9	138.0	103.6	0	0
mcp1k	287830	receiver_type	43045-54058	4	11	11	54058	-10.01	-14.59	5.9	2.261	1.57	0.970	shower	13	13	43045	-10.72	-12.20	10.7	0.498	3.07	0.965	0.000	106.9	120.9	133.0	0	0
mcp1k	287830	receiver_type	43045-54066	4	11	11	54066	-8.58	-10.01	5.3	1.371	2.58	0.561	shower	13	13	43045	-10.72	-12.20	10.7	0.498	3.07	0.965	0.000	108.2	142.6	102.8	0	0
mcp1k	287830	receiver_type	43045-54066	4	11	11	54066	-10.01	-8.58	5.3	1.371	2.58	0.561	shower	13	13	43045	-10.72	-12.20	10.7	0.498	3.07	0.965	0.000	106.9	96.0	139.6	0	0
mcp1k	289559	angle_gap	14005-14007	0	13	13	14007	-2.68	38.26	99.3	1.132	1.23	0.975	bare	-1	211	14005	1.99	-2.68	12.6	1.634	3.16	0.977	0.000	12.4	145.0	33.0	0	1
mcp1k	289559	angle_gap	14007-14009	0	13	13	14007	-2.68	38.26	99.3	1.132	1.23	0.975	bare	-1	2212	14009	-2.68	-5.46	5.3	4.284	3.24	0.919	0.000	0.0	181.0	66.7	0	1
mcp1k	289559	angle_gap	14007-14009	0	13	13	14007	-2.68	38.26	99.3	1.132	1.23	0.975	bare	-1	2212	14009	-5.46	-2.68	5.3	4.284	3.24	0.919	0.000	4.8	69.3	108.0	0	1
mcp1k	289559	partner_type	14007-42012	0	13	13	14007	-2.68	38.26	99.3	1.132	1.23	0.975	shower	2212	2212	42012	4.09	8.37	19.3	3.480	2.17	0.986	0.000	21.5	135.4	137.9	0	0
mcp1k	289559	partner_type	14007-42012	0	13	13	14007	-2.68	38.26	99.3	1.132	1.23	0.975	shower	2212	2212	42012	8.37	4.09	19.3	3.480	2.17	0.986	0.000	40.3	137.1	41.3	0	0
mcp1k	289559	receiver_type	14005-42012	3	2212	2212	42012	4.09	8.37	19.3	3.480	2.17	0.986	bare	-1	211	14005	-2.68	1.99	12.6	1.634	3.16	0.977	0.000	21.5	11.4	170.9	0	0
mcp1k	289559	receiver_type	14005-42012	3	2212	2212	42012	4.09	8.37	19.3	3.480	2.17	0.986	bare	-1	211	14005	1.99	-2.68	12.6	1.634	3.16	0.977	0.000	9.5	21.5	11.4	0	0
mcp1k	289559	receiver_type	14007-42012	3	2212	2212	42012	4.09	8.37	19.3	3.480	2.17	0.986	shower	13	13	14007	-2.68	38.26	99.3	1.132	1.23	0.975	0.000	21.5	11.4	137.9	0	0
mcp1k	289559	receiver_type	14009-42012	3	2212	2212	42012	4.09	8.37	19.3	3.480	2.17	0.986	bare	-1	2212	14009	-2.68	-5.46	5.3	4.284	3.24	0.919	0.000	21.5	11.4	52.9	0	0
mcp1k	289559	receiver_type	14009-42012	3	2212	2212	42012	4.09	8.37	19.3	3.480	2.17	0.986	bare	-1	2212	14009	-5.46	-2.68	5.3	4.284	3.24	0.919	0.000	25.2	19.1	121.7	0	0
mcp1k	289559	receiver_type	14005-42012	3	2212	2212	42012	8.37	4.09	19.3	3.480	2.17	0.986	bare	-1	211	14005	-2.68	1.99	12.6	1.634	3.16	0.977	0.000	40.3	175.0	7.4	0	0
mcp1k	289559	receiver_type	14005-42012	3	2212	2212	42012	8.37	4.09	19.3	3.480	2.17	0.986	bare	-1	211	14005	1.99	-2.68	12.6	1.634	3.16	0.977	0.000	28.1	173.3	170.1	0	0
mcp1k	289559	receiver_type	14007-42012	3	2212	2212	42012	8.37	4.09	19.3	3.480	2.17	0.986	shower	13	13	14007	-2.68	38.26	99.3	1.132	1.23	0.975	0.000	40.3	175.0	41.3	0	0
mcp1k	289559	receiver_type	14009-42012	3	2212	2212	42012	8.37	4.09	19.3	3.480	2.17	0.986	bare	-1	2212	14009	-2.68	-5.46	5.3	4.284	3.24	0.919	0.000	40.3	175.0	128.5	0	0
mcp1k	289559	receiver_type	14009-42012	3	2212	2212	42012	8.37	4.09	19.3	3.480	2.17	0.986	bare	-1	2212	14009	-5.46	-2.68	5.3	4.284	3.24	0.919	0.000	43.6	170.2	57.0	0	0
mcp1k	291064	receiver_type	14000-23001	0	11	11	23001	-9.82	-19.19	14.5	1.238	0.97	0.978	bare	-1	13	14000	-0.75	-127.41	166.0	1.268	1.02	0.985	0.000	245.8	82.4	149.7	0	0
mcp1k	292643	receiver_type	18008-25015	1	11	11	25015	1.48	6.72	10.2	1.145	2.43	0.943	bare	-1	13	18008	-8.90	-21.27	13.9	1.458	1.10	0.989	0.000	16.9	5.7	71.9	0	0
mcp1k	292643	receiver_type	25015-25043	1	11	11	25015	1.48	6.72	10.2	1.145	2.43	0.943	shower	0	4	25043	6.72	5.97	4.1	0.883	2.51	0.832	0.000	9.6	179.2	55.5	0	1
mcp1k	292643	receiver_type	25015-25043	1	11	11	25015	1.48	6.72	10.2	1.145	2.43	0.943	shower	0	4	25043	5.97	6.72	4.1	0.883	2.51	0.832	0.000	7.4	161.3	153.7	0	1
mcp1k	292643	receiver_type	18008-25015	1	11	11	25015	6.72	1.48	10.2	1.145	2.43	0.943	bare	-1	13	18008	-8.90	-21.27	13.9	1.458	1.10	0.989	0.000	26.4	175.6	108.7	0	0
mcp1k	292643	receiver_type	25015-25043	1	11	11	25015	6.72	1.48	10.2	1.145	2.43	0.943	shower	0	4	25043	6.72	5.97	4.1	0.883	2.51	0.832	0.000	0.0	181.0	123.1	0	1
mcp1k	292643	receiver_type	25015-25043	1	11	11	25015	6.72	1.48	10.2	1.145	2.43	0.943	shower	0	4	25043	5.97	6.72	4.1	0.883	2.51	0.832	0.000	3.4	136.9	27.8	0	1
mcp1k	292643	receiver_type	18008-25017	1	11	11	25017	6.72	9.13	2.9	0.391	2.63	0.935	bare	-1	13	18008	-8.90	-21.27	13.9	1.458	1.10	0.989	0.000	26.4	52.1	21.7	0	0
mcp1k	292643	receiver_type	25017-25043	1	11	11	25017	6.72	9.13	2.9	0.391	2.63	0.935	shower	0	4	25043	6.72	5.97	4.1	0.883	2.51	0.832	0.000	0.0	181.0	104.7	0	1
mcp1k	292643	receiver_type	25017-25043	1	11	11	25017	6.72	9.13	2.9	0.391	2.63	0.935	shower	0	4	25043	5.97	6.72	4.1	0.883	2.51	0.832	0.000	3.4	90.5	105.7	0	1
mcp1k	292643	receiver_type	18008-25017	1	11	11	25017	9.13	6.72	2.9	0.391	2.63	0.935	bare	-1	13	18008	-8.90	-21.27	13.9	1.458	1.10	0.989	0.000	28.3	140.6	153.6	0	0
mcp1k	292643	receiver_type	25017-25043	1	11	11	25017	9.13	6.72	2.9	0.391	2.63	0.935	shower	0	4	25043	6.72	5.97	4.1	0.883	2.51	0.832	0.000	2.7	174.1	86.3	0	1
mcp1k	292643	receiver_type	25017-25043	1	11	11	25017	9.13	6.72	2.9	0.391	2.63	0.935	shower	0	4	25043	5.97	6.72	4.1	0.883	2.51	0.832	0.000	4.5	136.8	63.8	0	1
mcp1k	292643	receiver_type	18008-25020	1	11	11	25020	5.97	9.58	8.3	1.466	2.33	0.820	bare	-1	13	18008	-8.90	-21.27	13.9	1.458	1.10	0.989	0.000	24.0	35.0	87.3	0	0
mcp1k	292643	receiver_type	25020-25043	1	11	11	25020	5.97	9.58	8.3	1.466	2.33	0.820	shower	0	4	25043	6.72	5.97	4.1	0.883	2.51	0.832	0.000	3.4	165.4	28.6	0	1
mcp1k	292643	receiver_type	25020-25043	1	11	11	25020	5.97	9.58	8.3	1.466	2.33	0.820	shower	0	4	25043	5.97	6.72	4.1	0.883	2.51	0.832	0.000	0.0	181.0	174.6	0	1
mcp1k	292643	receiver_type	18008-25020	1	11	11	25020	9.58	5.97	8.3	1.466	2.33	0.820	bare	-1	13	18008	-8.90	-21.27	13.9	1.458	1.10	0.989	0.000	30.0	159.0	103.8	0	0
mcp1k	292643	receiver_type	25020-25043	1	11	11	25020	9.58	5.97	8.3	1.466	2.33	0.820	shower	0	4	25043	6.72	5.97	4.1	0.883	2.51	0.832	0.000	3.8	166.9	140.3	0	1
mcp1k	292643	receiver_type	25020-25043	1	11	11	25020	9.58	5.97	8.3	1.466	2.33	0.820	shower	0	4	25043	5.97	6.72	4.1	0.883	2.51	0.832	0.000	6.8	174.7	11.7	0	1
mcp1k	292643	receiver_type	18008-25043	14	0	4	25043	6.72	5.97	4.1	0.883	2.51	0.832	bare	-1	13	18008	-8.90	-21.27	13.9	1.458	1.10	0.989	0.000	26.4	124.3	65.7	0	0
mcp1k	292643	receiver_type	25015-25043	14	0	4	25043	6.72	5.97	4.1	0.883	2.51	0.832	shower	11	11	25015	1.48	6.72	10.2	1.145	2.43	0.943	0.000	9.6	123.8	55.5	0	1
mcp1k	292643	receiver_type	25015-25043	14	0	4	25043	6.72	5.97	4.1	0.883	2.51	0.832	shower	11	11	25015	6.72	1.48	10.2	1.145	2.43	0.943	0.000	0.0	181.0	123.1	0	1
mcp1k	292643	receiver_type	25017-25043	14	0	4	25043	6.72	5.97	4.1	0.883	2.51	0.832	shower	11	11	25017	6.72	9.13	2.9	0.391	2.63	0.935	0.000	0.0	181.0	104.7	0	1
mcp1k	292643	receiver_type	25017-25043	14	0	4	25043	6.72	5.97	4.1	0.883	2.51	0.832	shower	11	11	25017	9.13	6.72	2.9	0.391	2.63	0.935	0.000	2.7	99.4	86.3	0	1
mcp1k	292643	receiver_type	25020-25043	14	0	4	25043	6.72	5.97	4.1	0.883	2.51	0.832	shower	11	11	25020	5.97	9.58	8.3	1.466	2.33	0.820	0.000	3.4	165.6	28.6	0	1
mcp1k	292643	receiver_type	25020-25043	14	0	4	25043	6.72	5.97	4.1	0.883	2.51	0.832	shower	11	11	25020	9.58	5.97	8.3	1.466	2.33	0.820	0.000	3.8	52.7	140.3	0	1
mcp1k	292643	receiver_type	18008-25043	14	0	4	25043	5.97	6.72	4.1	0.883	2.51	0.832	bare	-1	13	18008	-8.90	-21.27	13.9	1.458	1.10	0.989	0.000	24.0	31.0	87.2	0	0
mcp1k	292643	receiver_type	25015-25043	14	0	4	25043	5.97	6.72	4.1	0.883	2.51	0.832	shower	11	11	25015	1.48	6.72	10.2	1.145	2.43	0.943	0.000	7.4	44.9	153.7	0	1
mcp1k	292643	receiver_type	25015-25043	14	0	4	25043	5.97	6.72	4.1	0.883	2.51	0.832	shower	11	11	25015	6.72	1.48	10.2	1.145	2.43	0.943	0.000	3.4	163.6	27.8	0	1
mcp1k	292643	receiver_type	25017-25043	14	0	4	25043	5.97	6.72	4.1	0.883	2.51	0.832	shower	11	11	25017	6.72	9.13	2.9	0.391	2.63	0.935	0.000	3.4	163.6	105.7	0	1
mcp1k	292643	receiver_type	25017-25043	14	0	4	25043	5.97	6.72	4.1	0.883	2.51	0.832	shower	11	11	25017	9.13	6.72	2.9	0.391	2.63	0.935	0.000	4.5	159.3	63.8	0	1
mcp1k	292643	receiver_type	25020-25043	14	0	4	25043	5.97	6.72	4.1	0.883	2.51	0.832	shower	11	11	25020	5.97	9.58	8.3	1.466	2.33	0.820	0.000	0.0	181.0	174.6	0	1
mcp1k	292643	receiver_type	25020-25043	14	0	4	25043	5.97	6.72	4.1	0.883	2.51	0.832	shower	11	11	25020	9.58	5.97	8.3	1.466	2.33	0.820	0.000	6.8	172.6	11.7	0	1
mcp1k	315497	partner_type	14001-51009	0	13	13	14001	1.80	22.59	255.9	1.133	1.73	0.948	shower	11	11	51009	-10.99	-11.18	10.0	1.571	3.11	0.930	0.000	72.3	11.3	164.2	0	0
mcp1k	315497	partner_type	14001-51009	0	13	13	14001	1.80	22.59	255.9	1.133	1.73	0.948	shower	11	11	51009	-11.18	-10.99	10.0	1.571	3.11	0.930	0.000	63.3	12.6	6.1	0	0
mcp1k	315497	partner_type	14001-52010	0	13	13	14001	1.80	22.59	255.9	1.133	1.73	0.948	shower	11	11	52010	-9.29	-11.64	4.6	1.128	1.24	0.937	0.000	91.5	8.6	126.0	0	0
mcp1k	315497	partner_type	14001-52010	0	13	13	14001	1.80	22.59	255.9	1.133	1.73	0.948	shower	11	11	52010	-11.64	-9.29	4.6	1.128	1.24	0.937	0.000	88.7	9.6	37.5	0	0
mcp1k	315497	partner_type	14002-51009	0	13	13	14002	1.80	-9.99	61.3	0.915	1.52	0.922	shower	11	11	51009	-10.99	-11.18	10.0	1.571	3.11	0.930	0.000	72.3	158.9	35.5	0	0
mcp1k	315497	partner_type	14002-51009	0	13	13	14002	1.80	-9.99	61.3	0.915	1.52	0.922	shower	11	11	51009	-11.18	-10.99	10.0	1.571	3.11	0.930	0.000	63.3	160.8	145.5	0	0
mcp1k	315497	partner_type	14002-52010	0	13	13	14002	1.80	-9.99	61.3	0.915	1.52	0.922	shower	11	11	52010	-9.29	-11.64	4.6	1.128	1.24	0.937	0.000	91.5	154.7	82.7	0	0
mcp1k	315497	partner_type	14002-52010	0	13	13	14002	1.80	-9.99	61.3	0.915	1.52	0.922	shower	11	11	52010	-11.64	-9.29	4.6	1.128	1.24	0.937	0.000	88.7	156.8	115.4	0	0
mcp1k	315497	partner_type	14002-51009	0	13	13	14002	-9.99	1.80	61.3	0.915	1.52	0.922	shower	11	11	51009	-10.99	-11.18	10.0	1.571	3.11	0.930	0.000	16.1	9.5	164.5	0	0
mcp1k	315497	partner_type	14002-51009	0	13	13	14002	-9.99	1.80	61.3	0.915	1.52	0.922	shower	11	11	51009	-11.18	-10.99	10.0	1.571	3.11	0.930	0.000	6.9	7.4	13.0	0	0
mcp1k	315497	partner_type	14002-52010	0	13	13	14002	-9.99	1.80	61.3	0.915	1.52	0.922	shower	11	11	52010	-9.29	-11.64	4.6	1.128	1.24	0.937	0.000	36.1	14.5	119.1	0	0
mcp1k	315497	partner_type	14002-52010	0	13	13	14002	-9.99	1.80	61.3	0.915	1.52	0.922	shower	11	11	52010	-11.64	-9.29	4.6	1.128	1.24	0.937	0.000	32.8	10.0	43.1	0	0
mcp1k	315497	partner_type	40007-51009	0	13	13	40007	-0.55	-1.33	2.2	0.483	1.37	0.988	shower	11	11	51009	-10.99	-11.18	10.0	1.571	3.11	0.930	0.000	72.3	125.0	65.9	0	0
mcp1k	315497	partner_type	40007-51009	0	13	13	40007	-0.55	-1.33	2.2	0.483	1.37	0.988	shower	11	11	51009	-11.18	-10.99	10.0	1.571	3.11	0.930	0.000	63.4	127.0	108.3	0	0
mcp1k	315497	partner_type	40007-52010	0	13	13	40007	-0.55	-1.33	2.2	0.483	1.37	0.988	shower	11	11	52010	-9.29	-11.64	4.6	1.128	1.24	0.937	0.000	91.4	120.8	110.8	0	0
mcp1k	315497	partner_type	40007-52010	0	13	13	40007	-0.55	-1.33	2.2	0.483	1.37	0.988	shower	11	11	52010	-11.64	-9.29	4.6	1.128	1.24	0.937	0.000	88.6	122.6	87.5	0	0
mcp1k	315497	partner_type	40007-51009	0	13	13	40007	-1.33	-0.55	2.2	0.483	1.37	0.988	shower	11	11	51009	-10.99	-11.18	10.0	1.571	3.11	0.930	0.000	71.0	49.1	121.1	0	0
mcp1k	315497	partner_type	40007-51009	0	13	13	40007	-1.33	-0.55	2.2	0.483	1.37	0.988	shower	11	11	51009	-11.18	-10.99	10.0	1.571	3.11	0.930	0.000	62.0	47.3	64.5	0	0
mcp1k	315497	partner_type	40007-52010	0	13	13	40007	-1.33	-0.55	2.2	0.483	1.37	0.988	shower	11	11	52010	-9.29	-11.64	4.6	1.128	1.24	0.937	0.000	90.1	53.1	75.2	0	0
mcp1k	315497	partner_type	40007-52010	0	13	13	40007	-1.33	-0.55	2.2	0.483	1.37	0.988	shower	11	11	52010	-11.64	-9.29	4.6	1.128	1.24	0.937	0.000	87.4	51.4	86.2	0	0
mcp1k	315497	receiver_type	14001-51009	1	11	11	51009	-10.99	-11.18	10.0	1.571	3.11	0.930	shower	13	13	14001	1.80	22.59	255.9	1.133	1.73	0.948	0.000	72.3	164.8	164.2	0	0
mcp1k	315497	receiver_type	14002-51009	1	11	11	51009	-10.99	-11.18	10.0	1.571	3.11	0.930	shower	13	13	14002	1.80	-9.99	61.3	0.915	1.52	0.922	0.000	72.3	164.8	35.5	0	0
mcp1k	315497	receiver_type	14002-51009	1	11	11	51009	-10.99	-11.18	10.0	1.571	3.11	0.930	shower	13	13	14002	-9.99	1.80	61.3	0.915	1.52	0.922	0.000	16.1	169.9	164.5	0	0
mcp1k	315497	receiver_type	40007-51009	1	11	11	51009	-10.99	-11.18	10.0	1.571	3.11	0.930	shower	13	13	40007	-0.55	-1.33	2.2	0.483	1.37	0.988	0.000	72.3	165.4	65.9	0	0
mcp1k	315497	receiver_type	40007-51009	1	11	11	51009	-10.99	-11.18	10.0	1.571	3.11	0.930	shower	13	13	40007	-1.33	-0.55	2.2	0.483	1.37	0.988	0.000	71.0	166.4	121.1	0	0
mcp1k	315497	receiver_type	14001-51009	1	11	11	51009	-11.18	-10.99	10.0	1.571	3.11	0.930	shower	13	13	14001	1.80	22.59	255.9	1.133	1.73	0.948	0.000	63.3	15.9	6.1	0	0
mcp1k	315497	receiver_type	14002-51009	1	11	11	51009	-11.18	-10.99	10.0	1.571	3.11	0.930	shower	13	13	14002	1.80	-9.99	61.3	0.915	1.52	0.922	0.000	63.3	15.9	145.5	0	0
mcp1k	315497	receiver_type	14002-51009	1	11	11	51009	-11.18	-10.99	10.0	1.571	3.11	0.930	shower	13	13	14002	-9.99	1.80	61.3	0.915	1.52	0.922	0.000	6.9	8.0	13.0	0	0
mcp1k	315497	receiver_type	40007-51009	1	11	11	51009	-11.18	-10.99	10.0	1.571	3.11	0.930	shower	13	13	40007	-0.55	-1.33	2.2	0.483	1.37	0.988	0.000	63.4	18.8	108.3	0	0
mcp1k	315497	receiver_type	40007-51009	1	11	11	51009	-11.18	-10.99	10.0	1.571	3.11	0.930	shower	13	13	40007	-1.33	-0.55	2.2	0.483	1.37	0.988	0.000	62.0	17.2	64.5	0	0
mcp1k	315497	receiver_type	14001-52010	1	11	11	52010	-9.29	-11.64	4.6	1.128	1.24	0.937	shower	13	13	14001	1.80	22.59	255.9	1.133	1.73	0.948	0.000	91.5	122.6	126.0	0	0
mcp1k	315497	receiver_type	14002-52010	1	11	11	52010	-9.29	-11.64	4.6	1.128	1.24	0.937	shower	13	13	14002	1.80	-9.99	61.3	0.915	1.52	0.922	0.000	91.5	122.6	82.7	0	0
mcp1k	315497	receiver_type	14002-52010	1	11	11	52010	-9.29	-11.64	4.6	1.128	1.24	0.937	shower	13	13	14002	-9.99	1.80	61.3	0.915	1.52	0.922	0.000	36.1	133.6	119.1	0	0
mcp1k	315497	receiver_type	40007-52010	1	11	11	52010	-9.29	-11.64	4.6	1.128	1.24	0.937	shower	13	13	40007	-0.55	-1.33	2.2	0.483	1.37	0.988	0.000	91.4	121.9	110.8	0	0
mcp1k	315497	receiver_type	40007-52010	1	11	11	52010	-9.29	-11.64	4.6	1.128	1.24	0.937	shower	13	13	40007	-1.33	-0.55	2.2	0.483	1.37	0.988	0.000	90.1	122.9	75.2	0	0
mcp1k	315497	receiver_type	14001-52010	1	11	11	52010	-11.64	-9.29	4.6	1.128	1.24	0.937	shower	13	13	14001	1.80	22.59	255.9	1.133	1.73	0.948	0.000	88.7	41.5	37.5	0	0
mcp1k	315497	receiver_type	14002-52010	1	11	11	52010	-11.64	-9.29	4.6	1.128	1.24	0.937	shower	13	13	14002	1.80	-9.99	61.3	0.915	1.52	0.922	0.000	88.7	41.5	115.4	0	0
mcp1k	315497	receiver_type	14002-52010	1	11	11	52010	-11.64	-9.29	4.6	1.128	1.24	0.937	shower	13	13	14002	-9.99	1.80	61.3	0.915	1.52	0.922	0.000	32.8	33.4	43.1	0	0
mcp1k	315497	receiver_type	40007-52010	1	11	11	52010	-11.64	-9.29	4.6	1.128	1.24	0.937	shower	13	13	40007	-0.55	-1.33	2.2	0.483	1.37	0.988	0.000	88.6	41.8	87.5	0	0
mcp1k	315497	receiver_type	40007-52010	1	11	11	52010	-11.64	-9.29	4.6	1.128	1.24	0.937	shower	13	13	40007	-1.33	-0.55	2.2	0.483	1.37	0.988	0.000	87.4	40.8	86.2	0	0
mcp1k	315871	receiver_type	18003-18005	0	11	11	18003	5.10	10.69	7.5	1.424	1.94	0.917	bare	-1	13	18005	10.69	82.43	96.2	1.381	1.11	0.991	0.000	6.9	172.8	115.1	0	1
mcp1k	315871	receiver_type	18003-18005	0	11	11	18003	10.69	5.10	7.5	1.424	1.94	0.917	bare	-1	13	18005	10.69	82.43	96.2	1.381	1.11	0.991	0.000	0.0	181.0	77.9	0	1
mcp1k	316729	receiver_type	8009-8021	0	11	11	8009	6.66	8.86	12.6	1.249	3.69	0.843	bare	-1	13	8021	6.66	-68.70	119.5	1.237	1.33	0.955	0.000	0.0	181.0	104.6	0	1
mcp1k	316729	receiver_type	8009-8021	0	11	11	8009	8.86	6.66	12.6	1.249	3.69	0.843	bare	-1	13	8021	6.66	-68.70	119.5	1.237	1.33	0.955	0.000	10.6	171.2	71.5	0	1
mcp1k	320667	angle_tan	21001-29014	2	13	13	29014	11.21	17.04	10.3	1.201	1.06	0.978	bare	-1	2212	21001	-6.54	-4.38	16.0	3.421	2.50	0.963	0.000	28.2	6.2	63.4	0	0
mcp1k	320667	angle_tan	21003-29014	2	13	13	29014	11.21	17.04	10.3	1.201	1.06	0.978	bare	-1	211	21003	-6.54	-116.91	141.3	1.242	1.09	0.952	0.000	28.2	6.2	62.2	0	0
mcp1k	321767	partner_type	15006-45026	0	13	13	15006	5.00	28.23	36.0	1.227	1.00	0.984	shower	11	13	45026	-11.90	-9.96	9.2	1.905	3.34	0.964	0.000	21.2	71.1	140.4	0	0
mcp1k	321767	partner_type	15006-45026	0	13	13	15006	5.00	28.23	36.0	1.227	1.00	0.984	shower	11	13	45026	-9.96	-11.90	9.2	1.905	3.34	0.964	0.000	25.6	89.3	46.1	0	0
mcp1k	321767	partner_type	15006-45028	0	13	13	15006	5.00	28.23	36.0	1.227	1.00	0.984	shower	11	11	45028	-9.96	-10.52	4.4	1.027	6.24	0.753	0.000	25.6	89.3	127.8	0	0
mcp1k	321767	partner_type	15006-45028	0	13	13	15006	5.00	28.23	36.0	1.227	1.00	0.984	shower	11	11	45028	-10.52	-9.96	4.4	1.027	6.24	0.753	0.000	26.7	93.5	57.8	0	0
mcp1k	321767	angle_gap	15006-45032	0	13	13	15006	5.00	28.23	36.0	1.227	1.00	0.984	bare	-1	13	45032	-9.96	-8.53	12.8	1.179	3.32	0.945	0.000	25.6	89.3	113.2	0	0
mcp1k	321767	partner_type	15006-45033	0	13	13	15006	5.00	28.23	36.0	1.227	1.00	0.984	shower	11	11	45033	-11.90	-14.22	29.9	1.299	2.60	0.899	0.000	21.2	71.1	42.1	0	0
mcp1k	321767	partner_type	45024-45026	0	13	13	45024	-3.59	-14.22	15.9	1.259	1.49	0.965	shower	11	13	45026	-11.90	-9.96	9.2	1.905	3.34	0.964	0.000	20.3	84.1	44.8	0	1
mcp1k	321767	partner_type	45024-45026	0	13	13	45024	-3.59	-14.22	15.9	1.259	1.49	0.965	shower	11	13	45026	-9.96	-11.90	9.2	1.905	3.34	0.964	0.000	27.9	73.2	129.1	0	1
mcp1k	321767	partner_type	45024-45028	0	13	13	45024	-3.59	-14.22	15.9	1.259	1.49	0.965	shower	11	11	45028	-9.96	-10.52	4.4	1.027	6.24	0.753	0.000	27.9	73.2	55.3	0	1
mcp1k	321767	partner_type	45024-45028	0	13	13	45024	-3.59	-14.22	15.9	1.259	1.49	0.965	shower	11	11	45028	-10.52	-9.96	4.4	1.027	6.24	0.753	0.000	29.4	70.5	117.3	0	1
mcp1k	321767	partner_type	45024-45033	0	13	13	45024	-3.59	-14.22	15.9	1.259	1.49	0.965	shower	11	11	45033	-11.90	-14.22	29.9	1.299	2.60	0.899	0.000	20.3	84.1	132.5	0	1
mcp1k	321767	receiver_type	15006-45026	4	11	13	45026	-11.90	-9.96	9.2	1.905	3.34	0.964	shower	13	13	15006	5.00	28.23	36.0	1.227	1.00	0.984	0.000	21.2	72.1	140.4	0	0
mcp1k	321767	receiver_type	45024-45026	4	11	13	45026	-11.90	-9.96	9.2	1.905	3.34	0.964	shower	13	13	45024	-3.59	-14.22	15.9	1.259	1.49	0.965	0.000	20.3	40.3	44.8	0	1
mcp1k	321767	receiver_type	45026-45032	4	11	13	45026	-11.90	-9.96	9.2	1.905	3.34	0.964	bare	-1	13	45032	-8.53	-9.96	12.8	1.179	3.32	0.945	0.000	20.2	157.2	42.6	0	1
mcp1k	321767	receiver_type	45026-45032	4	11	13	45026	-11.90	-9.96	9.2	1.905	3.34	0.964	bare	-1	13	45032	-9.96	-8.53	12.8	1.179	3.32	0.945	0.000	8.9	176.2	148.8	0	1
mcp1k	321767	receiver_type	15006-45026	4	11	13	45026	-9.96	-11.90	9.2	1.905	3.34	0.964	shower	13	13	15006	5.00	28.23	36.0	1.227	1.00	0.984	0.000	25.6	131.1	46.1	0	0
mcp1k	321767	receiver_type	45024-45026	4	11	13	45026	-9.96	-11.90	9.2	1.905	3.34	0.964	shower	13	13	45024	-3.59	-14.22	15.9	1.259	1.49	0.965	0.000	27.9	155.0	129.1	0	1
mcp1k	321767	receiver_type	45026-45032	4	11	13	45026	-9.96	-11.90	9.2	1.905	3.34	0.964	bare	-1	13	45032	-8.53	-9.96	12.8	1.179	3.32	0.945	0.000	12.1	29.3	144.7	0	1
mcp1k	321767	receiver_type	45026-45032	4	11	13	45026	-9.96	-11.90	9.2	1.905	3.34	0.964	bare	-1	13	45032	-9.96	-8.53	12.8	1.179	3.32	0.945	0.000	0.0	181.0	23.7	0	1
mcp1k	321767	receiver_type	15006-45028	4	11	11	45028	-9.96	-10.52	4.4	1.027	6.24	0.753	shower	13	13	15006	5.00	28.23	36.0	1.227	1.00	0.984	0.000	25.6	82.9	127.8	0	0
mcp1k	321767	receiver_type	45024-45028	4	11	11	45028	-9.96	-10.52	4.4	1.027	6.24	0.753	shower	13	13	45024	-3.59	-14.22	15.9	1.259	1.49	0.965	0.000	27.9	74.3	55.3	0	1
mcp1k	321767	receiver_type	45028-45032	4	11	11	45028	-9.96	-10.52	4.4	1.027	6.24	0.753	bare	-1	13	45032	-8.53	-9.96	12.8	1.179	3.32	0.945	0.000	12.1	79.1	107.2	0	1
mcp1k	321767	receiver_type	45028-45032	4	11	11	45028	-9.96	-10.52	4.4	1.027	6.24	0.753	bare	-1	13	45032	-9.96	-8.53	12.8	1.179	3.32	0.945	0.000	0.0	181.0	85.2	0	1
mcp1k	321767	receiver_type	15006-45028	4	11	11	45028	-10.52	-9.96	4.4	1.027	6.24	0.753	shower	13	13	15006	5.00	28.23	36.0	1.227	1.00	0.984	0.000	26.7	123.3	57.8	0	0
mcp1k	321767	receiver_type	45024-45028	4	11	11	45028	-10.52	-9.96	4.4	1.027	6.24	0.753	shower	13	13	45024	-3.59	-14.22	15.9	1.259	1.49	0.965	0.000	29.4	128.8	117.3	0	1
mcp1k	321767	receiver_type	45028-45032	4	11	11	45028	-10.52	-9.96	4.4	1.027	6.24	0.753	bare	-1	13	45032	-8.53	-9.96	12.8	1.179	3.32	0.945	0.000	12.8	101.8	86.7	0	1
mcp1k	321767	receiver_type	45028-45032	4	11	11	45028	-10.52	-9.96	4.4	1.027	6.24	0.753	bare	-1	13	45032	-9.96	-8.53	12.8	1.179	3.32	0.945	0.000	3.3	169.3	80.9	0	1
mcp1k	321767	receiver_type	15006-45033	4	11	11	45033	-11.90	-14.22	29.9	1.299	2.60	0.899	shower	13	13	15006	5.00	28.23	36.0	1.227	1.00	0.984	0.000	21.2	111.2	42.1	0	0
mcp1k	321767	receiver_type	45024-45033	4	11	11	45033	-11.90	-14.22	29.9	1.299	2.60	0.899	shower	13	13	45024	-3.59	-14.22	15.9	1.259	1.49	0.965	0.000	20.3	142.9	132.5	0	1
mcp1k	321767	receiver_type	45032-45033	4	11	11	45033	-11.90	-14.22	29.9	1.299	2.60	0.899	bare	-1	13	45032	-8.53	-9.96	12.8	1.179	3.32	0.945	0.000	20.2	23.0	137.1	0	1
mcp1k	321767	receiver_type	45032-45033	4	11	11	45033	-11.90	-14.22	29.9	1.299	2.60	0.899	bare	-1	13	45032	-9.96	-8.53	12.8	1.179	3.32	0.945	0.000	8.9	4.8	31.0	0	1
mcp1k	349549	receiver_type	12085-19027	1	11	11	19027	9.79	13.55	14.5	1.292	3.11	0.791	bare	-1	2212	12085	1.21	-14.89	39.3	2.898	1.96	0.968	0.000	126.3	145.4	58.2	0	0
mcp1k	349549	receiver_type	12088-19027	1	11	11	19027	9.79	13.55	14.5	1.292	3.11	0.791	bare	-1	13	12088	1.21	41.04	59.2	1.396	1.35	0.965	0.000	126.3	145.4	69.7	0	0
mcp1k	349549	receiver_type	12089-19027	1	11	11	19027	9.79	13.55	14.5	1.292	3.11	0.791	shower	11	11	12089	1.21	16.89	35.2	1.544	2.09	0.948	0.000	126.3	145.4	65.0	0	0
mcp1k	349549	receiver_type	12085-57052	1	11	11	57052	11.36	10.72	3.2	0.855	6.63	0.857	bare	-1	2212	12085	1.21	-14.89	39.3	2.898	1.96	0.968	0.000	126.0	59.0	96.0	0	0
mcp1k	349549	receiver_type	12088-57052	1	11	11	57052	11.36	10.72	3.2	0.855	6.63	0.857	bare	-1	13	12088	1.21	41.04	59.2	1.396	1.35	0.965	0.000	126.0	59.0	111.7	0	0
mcp1k	349549	receiver_type	12089-57052	1	11	11	57052	11.36	10.72	3.2	0.855	6.63	0.857	shower	11	11	12089	1.21	16.89	35.2	1.544	2.09	0.948	0.000	126.0	59.0	102.5	0	0
mcp1k	349549	receiver_type	12085-57052	1	11	11	57052	10.72	11.36	3.2	0.855	6.63	0.857	bare	-1	2212	12085	1.21	-14.89	39.3	2.898	1.96	0.968	0.000	127.5	122.3	96.5	0	0
mcp1k	349549	receiver_type	12088-57052	1	11	11	57052	10.72	11.36	3.2	0.855	6.63	0.857	bare	-1	13	12088	1.21	41.04	59.2	1.396	1.35	0.965	0.000	127.5	122.3	54.8	0	0
mcp1k	349549	receiver_type	12089-57052	1	11	11	57052	10.72	11.36	3.2	0.855	6.63	0.857	shower	11	11	12089	1.21	16.89	35.2	1.544	2.09	0.948	0.000	127.5	122.3	69.0	0	0
mcp1k	349549	receiver_type	12085-58055	1	11	13	58055	11.85	12.34	7.9	2.379	3.70	0.876	bare	-1	2212	12085	1.21	-14.89	39.3	2.898	1.96	0.968	0.000	129.6	21.3	107.5	0	0
mcp1k	349549	receiver_type	12088-58055	1	11	13	58055	11.85	12.34	7.9	2.379	3.70	0.876	bare	-1	13	12088	1.21	41.04	59.2	1.396	1.35	0.965	0.000	129.6	21.3	135.4	0	0
mcp1k	349549	receiver_type	12089-58055	1	11	13	58055	11.85	12.34	7.9	2.379	3.70	0.876	shower	11	11	12089	1.21	16.89	35.2	1.544	2.09	0.948	0.000	129.6	21.3	139.1	0	0
mcp1k	349549	receiver_type	12085-58060	1	11	11	58060	10.84	13.77	3.4	0.797	5.94	0.957	bare	-1	2212	12085	1.21	-14.89	39.3	2.898	1.96	0.968	0.000	139.4	108.5	19.0	0	0
mcp1k	349549	receiver_type	12088-58060	1	11	11	58060	10.84	13.77	3.4	0.797	5.94	0.957	bare	-1	13	12088	1.21	41.04	59.2	1.396	1.35	0.965	0.000	139.4	108.5	121.2	0	0
mcp1k	349549	receiver_type	12089-58060	1	11	11	58060	10.84	13.77	3.4	0.797	5.94	0.957	shower	11	11	12089	1.21	16.89	35.2	1.544	2.09	0.948	0.000	139.4	108.5	101.4	0	0
mcp1k	349549	receiver_type	12089-19027	0	11	11	12089	1.21	16.89	35.2	1.544	2.09	0.948	shower	11	11	19027	9.79	13.55	14.5	1.292	3.11	0.791	0.000	126.3	146.8	65.0	0	0
mcp1k	349549	receiver_type	12089-57052	0	11	11	12089	1.21	16.89	35.2	1.544	2.09	0.948	shower	11	11	57052	11.36	10.72	3.2	0.855	6.63	0.857	0.000	126.0	147.6	102.5	0	0
mcp1k	349549	receiver_type	12089-57052	0	11	11	12089	1.21	16.89	35.2	1.544	2.09	0.948	shower	11	11	57052	10.72	11.36	3.2	0.855	6.63	0.857	0.000	127.5	147.3	69.0	0	0
mcp1k	349549	receiver_type	12089-58055	0	11	11	12089	1.21	16.89	35.2	1.544	2.09	0.948	shower	11	13	58055	11.85	12.34	7.9	2.379	3.70	0.876	0.000	129.6	147.7	139.1	0	0
mcp1k	349549	receiver_type	12089-58060	0	11	11	12089	1.21	16.89	35.2	1.544	2.09	0.948	shower	11	11	58060	10.84	13.77	3.4	0.797	5.94	0.957	0.000	139.4	147.0	101.4	0	0
mcp1k	349549	receiver_type	12085-12089	0	11	11	12089	1.21	16.89	35.2	1.544	2.09	0.948	bare	-1	2212	12085	1.21	-14.89	39.3	2.898	1.96	0.968	0.000	0.0	181.0	94.6	0	1
mcp1k	349549	receiver_type	12088-12089	0	11	11	12089	1.21	16.89	35.2	1.544	2.09	0.948	bare	-1	13	12088	1.21	41.04	59.2	1.396	1.35	0.965	0.000	0.0	181.0	153.3	0	1
mcp1k	386948	receiver_type	16003-79047	5	11	11	16003	-10.03	-11.71	5.6	0.877	6.44	0.792	shower	11	11	79047	-0.84	-4.96	12.0	1.249	2.33	0.914	0.000	72.6	147.7	149.6	0	0
mcp1k	386948	receiver_type	16003-79047	5	11	11	16003	-10.03	-11.71	5.6	0.877	6.44	0.792	shower	11	11	79047	-4.96	-0.84	12.0	1.249	2.33	0.914	0.000	80.1	151.9	33.8	0	0
mcp1k	386948	receiver_type	16003-79048	5	11	11	16003	-10.03	-11.71	5.6	0.877	6.44	0.792	shower	11	13	79048	-4.96	-7.28	2.5	1.141	2.06	0.986	0.000	80.1	151.9	122.4	0	0
mcp1k	386948	receiver_type	16003-79048	5	11	11	16003	-10.03	-11.71	5.6	0.877	6.44	0.792	shower	11	13	79048	-7.28	-4.96	2.5	1.141	2.06	0.986	0.000	80.4	153.6	57.9	0	0
mcp1k	386948	receiver_type	16003-80050	5	11	11	16003	-10.03	-11.71	5.6	0.877	6.44	0.792	shower	11	11	80050	-1.38	-0.88	7.4	0.785	5.11	0.891	0.000	51.0	131.6	133.8	0	0
mcp1k	386948	receiver_type	16003-80050	5	11	11	16003	-10.03	-11.71	5.6	0.877	6.44	0.792	shower	11	11	80050	-0.88	-1.38	7.4	0.785	5.11	0.891	0.000	52.7	136.1	56.9	0	0
mcp1k	386948	receiver_type	16003-80051	5	11	11	16003	-10.03	-11.71	5.6	0.877	6.44	0.792	shower	11	11	80051	-0.88	-1.43	8.8	1.222	3.56	0.870	0.000	52.7	136.1	158.3	0	0
mcp1k	386948	receiver_type	16003-80051	5	11	11	16003	-10.03	-11.71	5.6	0.877	6.44	0.792	shower	11	11	80051	-1.43	-0.88	8.8	1.222	3.56	0.870	0.000	58.0	140.5	33.9	0	0
mcp1k	386948	receiver_type	16003-80052	5	11	11	16003	-10.03	-11.71	5.6	0.877	6.44	0.792	shower	11	11	80052	-0.88	-3.70	7.2	0.982	3.96	0.693	0.000	52.7	136.1	144.6	0	0
mcp1k	386948	receiver_type	16003-80052	5	11	11	16003	-10.03	-11.71	5.6	0.877	6.44	0.792	shower	11	11	80052	-3.70	-0.88	7.2	0.982	3.96	0.693	0.000	56.2	139.7	12.3	0	0
mcp1k	386948	receiver_type	16003-91068	5	11	11	16003	-10.03	-11.71	5.6	0.877	6.44	0.792	shower	11	11	91068	-9.82	-7.28	6.6	1.104	2.01	0.899	0.000	34.9	87.2	84.9	0	0
mcp1k	386948	receiver_type	16003-91068	5	11	11	16003	-10.03	-11.71	5.6	0.877	6.44	0.792	shower	11	11	91068	-7.28	-9.82	6.6	1.104	2.01	0.899	0.000	29.6	86.0	92.1	0	0
mcp1k	386948	receiver_type	16003-93074	5	11	11	16003	-10.03	-11.71	5.6	0.877	6.44	0.792	shower	11	11	93074	-7.05	-6.42	8.8	1.146	4.48	0.891	0.000	44.5	121.5	139.1	0	0
mcp1k	386948	receiver_type	16003-93074	5	11	11	16003	-10.03	-11.71	5.6	0.877	6.44	0.792	shower	11	11	93074	-6.42	-7.05	8.8	1.146	4.48	0.891	0.000	45.7	129.3	46.7	0	0
mcp1k	386948	receiver_type	16003-93076	5	11	11	16003	-10.03	-11.71	5.6	0.877	6.44	0.792	shower	11	2212	93076	-11.64	-9.12	10.0	2.279	7.32	0.950	0.000	43.5	106.1	138.3	0	0
mcp1k	386948	receiver_type	16003-93076	5	11	11	16003	-10.03	-11.71	5.6	0.877	6.44	0.792	shower	11	2212	93076	-9.12	-11.64	10.0	2.279	7.32	0.950	0.000	44.0	115.5	46.3	0	0
mcp1k	386948	receiver_type	16003-93077	5	11	11	16003	-10.03	-11.71	5.6	0.877	6.44	0.792	shower	11	11	93077	-9.12	-7.05	7.4	2.270	6.63	0.928	0.000	44.0	115.5	127.5	0	0
mcp1k	386948	receiver_type	16003-93077	5	11	11	16003	-10.03	-11.71	5.6	0.877	6.44	0.792	shower	11	11	93077	-7.05	-9.12	7.4	2.270	6.63	0.928	0.000	44.5	121.5	49.6	0	0
mcp1k	386948	receiver_type	16003-93078	5	11	11	16003	-10.03	-11.71	5.6	0.877	6.44	0.792	shower	11	11	93078	-9.12	-8.15	3.1	1.870	3.20	0.974	0.000	44.0	115.5	15.1	0	0
mcp1k	386948	receiver_type	16003-93078	5	11	11	16003	-10.03	-11.71	5.6	0.877	6.44	0.792	shower	11	11	93078	-8.15	-9.12	3.1	1.870	3.20	0.974	0.000	42.3	112.2	170.6	0	0
mcp1k	386948	receiver_type	16003-93079	5	11	11	16003	-10.03	-11.71	5.6	0.877	6.44	0.792	shower	11	11	93079	-7.05	-5.60	2.5	1.124	5.99	0.753	0.000	44.5	121.5	74.3	0	0
mcp1k	386948	receiver_type	16003-93079	5	11	11	16003	-10.03	-11.71	5.6	0.877	6.44	0.792	shower	11	11	93079	-5.60	-7.05	2.5	1.124	5.99	0.753	0.000	43.9	121.6	91.4	0	0
mcp1k	386948	receiver_type	16003-93080	5	11	11	16003	-10.03	-11.71	5.6	0.877	6.44	0.792	shower	11	11	93080	-5.60	-4.15	7.4	0.784	3.77	0.507	0.000	43.9	121.6	102.7	0	0
mcp1k	386948	receiver_type	16003-93080	5	11	11	16003	-10.03	-11.71	5.6	0.877	6.44	0.792	shower	11	11	93080	-4.15	-5.60	7.4	0.784	3.77	0.507	0.000	43.2	124.0	65.9	0	0
mcp1k	386948	receiver_type	16003-93081	5	11	11	16003	-10.03	-11.71	5.6	0.877	6.44	0.792	shower	11	11	93081	-5.60	-0.46	8.0	0.966	3.64	0.669	0.071	43.9	121.6	82.3	0	0
mcp1k	386948	receiver_type	16003-93081	5	11	11	16003	-10.03	-11.71	5.6	0.877	6.44	0.792	shower	11	11	93081	-0.46	-5.60	8.0	0.966	3.64	0.669	0.071	46.1	117.4	118.9	0	0
mcp1k	386948	receiver_type	16003-79047	5	11	11	16003	-11.71	-10.03	5.6	0.877	6.44	0.792	shower	11	11	79047	-0.84	-4.96	12.0	1.249	2.33	0.914	0.000	68.9	44.0	68.8	0	0
mcp1k	386948	receiver_type	16003-79047	5	11	11	16003	-11.71	-10.03	5.6	0.877	6.44	0.792	shower	11	11	79047	-4.96	-0.84	12.0	1.249	2.33	0.914	0.000	76.4	45.8	108.0	0	0
mcp1k	386948	receiver_type	16003-79048	5	11	11	16003	-11.71	-10.03	5.6	0.877	6.44	0.792	shower	11	13	79048	-4.96	-7.28	2.5	1.141	2.06	0.986	0.000	76.4	45.8	80.2	0	0
mcp1k	386948	receiver_type	16003-79048	5	11	11	16003	-11.71	-10.03	5.6	0.877	6.44	0.792	shower	11	13	79048	-7.28	-4.96	2.5	1.141	2.06	0.986	0.000	76.6	45.4	104.0	0	0
mcp1k	386948	receiver_type	16003-80050	5	11	11	16003	-11.71	-10.03	5.6	0.877	6.44	0.792	shower	11	11	80050	-1.38	-0.88	7.4	0.785	5.11	0.891	0.000	47.4	30.8	82.5	0	0
mcp1k	386948	receiver_type	16003-80050	5	11	11	16003	-11.71	-10.03	5.6	0.877	6.44	0.792	shower	11	11	80050	-0.88	-1.38	7.4	0.785	5.11	0.891	0.000	49.0	33.0	89.2	0	0
mcp1k	386948	receiver_type	16003-80051	5	11	11	16003	-11.71	-10.03	5.6	0.877	6.44	0.792	shower	11	11	80051	-0.88	-1.43	8.8	1.222	3.56	0.870	0.000	49.0	33.0	53.9	0	0
mcp1k	386948	receiver_type	16003-80051	5	11	11	16003	-11.71	-10.03	5.6	0.877	6.44	0.792	shower	11	11	80051	-1.43	-0.88	8.8	1.222	3.56	0.870	0.000	54.2	34.2	112.4	0	0
mcp1k	386948	receiver_type	16003-80052	5	11	11	16003	-11.71	-10.03	5.6	0.877	6.44	0.792	shower	11	11	80052	-0.88	-3.70	7.2	0.982	3.96	0.693	0.000	49.0	33.0	30.8	0	0
mcp1k	386948	receiver_type	16003-80052	5	11	11	16003	-11.71	-10.03	5.6	0.877	6.44	0.792	shower	11	11	80052	-3.70	-0.88	7.2	0.982	3.96	0.693	0.000	52.4	30.1	132.1	0	0
mcp1k	386948	receiver_type	16003-91068	5	11	11	16003	-11.71	-10.03	5.6	0.877	6.44	0.792	shower	11	11	91068	-9.82	-7.28	6.6	1.104	2.01	0.899	0.000	33.8	61.2	128.7	0	0
mcp1k	386948	receiver_type	16003-91068	5	11	11	16003	-11.71	-10.03	5.6	0.877	6.44	0.792	shower	11	11	91068	-7.28	-9.82	6.6	1.104	2.01	0.899	0.000	28.8	63.8	54.6	0	0
mcp1k	386948	receiver_type	16003-93074	5	11	11	16003	-11.71	-10.03	5.6	0.877	6.44	0.792	shower	11	11	93074	-7.05	-6.42	8.8	1.146	4.48	0.891	0.000	41.2	28.3	74.0	0	0
mcp1k	386948	receiver_type	16003-93074	5	11	11	16003	-11.71	-10.03	5.6	0.877	6.44	0.792	shower	11	11	93074	-6.42	-7.05	8.8	1.146	4.48	0.891	0.000	42.1	25.4	99.8	0	0
mcp1k	386948	receiver_type	16003-93076	5	11	11	16003	-11.71	-10.03	5.6	0.877	6.44	0.792	shower	11	2212	93076	-11.64	-9.12	10.0	2.279	7.32	0.950	0.000	41.0	40.2	66.7	0	0
mcp1k	386948	receiver_type	16003-93076	5	11	11	16003	-11.71	-10.03	5.6	0.877	6.44	0.792	shower	11	2212	93076	-9.12	-11.64	10.0	2.279	7.32	0.950	0.000	41.0	31.8	110.3	0	0
mcp1k	386948	receiver_type	16003-93077	5	11	11	16003	-11.71	-10.03	5.6	0.877	6.44	0.792	shower	11	11	93077	-9.12	-7.05	7.4	2.270	6.63	0.928	0.000	41.0	31.8	80.8	0	0
mcp1k	386948	receiver_type	16003-93077	5	11	11	16003	-11.71	-10.03	5.6	0.877	6.44	0.792	shower	11	11	93077	-7.05	-9.12	7.4	2.270	6.63	0.928	0.000	41.2	28.3	104.2	0	0
mcp1k	386948	receiver_type	16003-93078	5	11	11	16003	-11.71	-10.03	5.6	0.877	6.44	0.792	shower	11	11	93078	-9.12	-8.15	3.1	1.870	3.20	0.974	0.000	41.0	31.8	154.4	0	0
mcp1k	386948	receiver_type	16003-93078	5	11	11	16003	-11.71	-10.03	5.6	0.877	6.44	0.792	shower	11	11	93078	-8.15	-9.12	3.1	1.870	3.20	0.974	0.000	39.5	35.3	30.0	0	0
mcp1k	386948	receiver_type	16003-93079	5	11	11	16003	-11.71	-10.03	5.6	0.877	6.44	0.792	shower	11	11	93079	-7.05	-5.60	2.5	1.124	5.99	0.753	0.000	41.2	28.3	136.0	0	0
mcp1k	386948	receiver_type	16003-93079	5	11	11	16003	-11.71	-10.03	5.6	0.877	6.44	0.792	shower	11	11	93079	-5.60	-7.05	2.5	1.124	5.99	0.753	0.000	40.6	29.6	77.4	0	0
mcp1k	386948	receiver_type	16003-93080	5	11	11	16003	-11.71	-10.03	5.6	0.877	6.44	0.792	shower	11	11	93080	-5.60	-4.15	7.4	0.784	3.77	0.507	0.000	40.6	29.6	99.8	0	0
mcp1k	386948	receiver_type	16003-93080	5	11	11	16003	-11.71	-10.03	5.6	0.877	6.44	0.792	shower	11	11	93080	-4.15	-5.60	7.4	0.784	3.77	0.507	0.000	39.9	30.0	75.4	0	0
mcp1k	386948	receiver_type	16003-93081	5	11	11	16003	-11.71	-10.03	5.6	0.877	6.44	0.792	shower	11	11	93081	-5.60	-0.46	8.0	0.966	3.64	0.669	0.071	40.6	29.6	90.1	0	0
mcp1k	386948	receiver_type	16003-93081	5	11	11	16003	-11.71	-10.03	5.6	0.877	6.44	0.792	shower	11	11	93081	-0.46	-5.60	8.0	0.966	3.64	0.669	0.071	43.1	35.8	82.8	0	0
mcp1k	386948	receiver_type	16008-79047	5	11	11	16008	-7.37	-4.25	4.9	1.416	3.96	0.886	shower	11	11	79047	-0.84	-4.96	12.0	1.249	2.33	0.914	0.000	78.1	94.2	107.6	0	0
mcp1k	386948	receiver_type	16008-79047	5	11	11	16008	-7.37	-4.25	4.9	1.416	3.96	0.886	shower	11	11	79047	-4.96	-0.84	12.0	1.249	2.33	0.914	0.000	85.6	95.7	78.7	0	0
mcp1k	386948	receiver_type	16008-79048	5	11	11	16008	-7.37	-4.25	4.9	1.416	3.96	0.886	shower	11	13	79048	-4.96	-7.28	2.5	1.141	2.06	0.986	0.000	85.6	95.7	73.7	0	0
mcp1k	386948	receiver_type	16008-79048	5	11	11	16008	-7.37	-4.25	4.9	1.416	3.96	0.886	shower	11	13	79048	-7.28	-4.96	2.5	1.141	2.06	0.986	0.000	85.9	95.1	113.8	0	0
mcp1k	386948	receiver_type	16008-80050	5	11	11	16008	-7.37	-4.25	4.9	1.416	3.96	0.886	shower	11	11	80050	-1.38	-0.88	7.4	0.785	5.11	0.891	0.000	56.7	75.7	125.6	0	0
mcp1k	386948	receiver_type	16008-80050	5	11	11	16008	-7.37	-4.25	4.9	1.416	3.96	0.886	shower	11	11	80050	-0.88	-1.38	7.4	0.785	5.11	0.891	0.000	58.4	80.5	42.5	0	0
mcp1k	386948	receiver_type	16008-80051	5	11	11	16008	-7.37	-4.25	4.9	1.416	3.96	0.886	shower	11	11	80051	-0.88	-1.43	8.8	1.222	3.56	0.870	0.000	58.4	80.5	102.8	0	0
mcp1k	386948	receiver_type	16008-80051	5	11	11	16008	-7.37	-4.25	4.9	1.416	3.96	0.886	shower	11	11	80051	-1.43	-0.88	8.8	1.222	3.56	0.870	0.000	63.8	83.5	64.6	0	0
mcp1k	386948	receiver_type	16008-80052	5	11	11	16008	-7.37	-4.25	4.9	1.416	3.96	0.886	shower	11	11	80052	-0.88	-3.70	7.2	0.982	3.96	0.693	0.000	58.4	80.5	46.9	0	0
mcp1k	386948	receiver_type	16008-80052	5	11	11	16008	-7.37	-4.25	4.9	1.416	3.96	0.886	shower	11	11	80052	-3.70	-0.88	7.2	0.982	3.96	0.693	0.000	62.1	79.4	86.2	0	0
mcp1k	386948	receiver_type	16008-91068	5	11	11	16008	-7.37	-4.25	4.9	1.416	3.96	0.886	shower	11	11	91068	-9.82	-7.28	6.6	1.104	2.01	0.899	0.000	38.0	39.0	164.8	0	0
mcp1k	386948	receiver_type	16008-91068	5	11	11	16008	-7.37	-4.25	4.9	1.416	3.96	0.886	shower	11	11	91068	-7.28	-9.82	6.6	1.104	2.01	0.899	0.000	32.7	43.4	14.7	0	0
mcp1k	386948	receiver_type	16008-93074	5	11	11	16008	-7.37	-4.25	4.9	1.416	3.96	0.886	shower	11	11	93074	-7.05	-6.42	8.8	1.146	4.48	0.891	0.000	50.1	60.9	122.4	0	0
mcp1k	386948	receiver_type	16008-93074	5	11	11	16008	-7.37	-4.25	4.9	1.416	3.96	0.886	shower	11	11	93074	-6.42	-7.05	8.8	1.146	4.48	0.891	0.000	51.6	67.4	51.9	0	0
mcp1k	386948	receiver_type	16008-93076	5	11	11	16008	-7.37	-4.25	4.9	1.416	3.96	0.886	shower	11	2212	93076	-11.64	-9.12	10.0	2.279	7.32	0.950	0.000	48.2	45.3	120.2	0	0
mcp1k	386948	receiver_type	16008-93076	5	11	11	16008	-7.37	-4.25	4.9	1.416	3.96	0.886	shower	11	2212	93076	-9.12	-11.64	10.0	2.279	7.32	0.950	0.000	49.4	54.1	56.1	0	0
mcp1k	386948	receiver_type	16008-93077	5	11	11	16008	-7.37	-4.25	4.9	1.416	3.96	0.886	shower	11	11	93077	-9.12	-7.05	7.4	2.270	6.63	0.928	0.000	49.4	54.1	133.4	0	0
mcp1k	386948	receiver_type	16008-93077	5	11	11	16008	-7.37	-4.25	4.9	1.416	3.96	0.886	shower	11	11	93077	-7.05	-9.12	7.4	2.270	6.63	0.928	0.000	50.1	60.9	50.8	0	0
mcp1k	386948	receiver_type	16008-93078	5	11	11	16008	-7.37	-4.25	4.9	1.416	3.96	0.886	shower	11	11	93078	-9.12	-8.15	3.1	1.870	3.20	0.974	0.000	49.4	54.1	104.3	0	0
mcp1k	386948	receiver_type	16008-93078	5	11	11	16008	-7.37	-4.25	4.9	1.416	3.96	0.886	shower	11	11	93078	-8.15	-9.12	3.1	1.870	3.20	0.974	0.000	47.4	53.5	77.0	0	0
mcp1k	386948	receiver_type	16008-93079	5	11	11	16008	-7.37	-4.25	4.9	1.416	3.96	0.886	shower	11	11	93079	-7.05	-5.60	2.5	1.124	5.99	0.753	0.000	50.1	60.9	168.2	0	0
mcp1k	386948	receiver_type	16008-93079	5	11	11	16008	-7.37	-4.25	4.9	1.416	3.96	0.886	shower	11	11	93079	-5.60	-7.05	2.5	1.124	5.99	0.753	0.000	49.5	62.9	30.3	0	0
mcp1k	386948	receiver_type	16008-93080	5	11	11	16008	-7.37	-4.25	4.9	1.416	3.96	0.886	shower	11	11	93080	-5.60	-4.15	7.4	0.784	3.77	0.507	0.000	49.5	62.9	154.7	0	0
mcp1k	386948	receiver_type	16008-93080	5	11	11	16008	-7.37	-4.25	4.9	1.416	3.96	0.886	shower	11	11	93080	-4.15	-5.60	7.4	0.784	3.77	0.507	0.000	48.8	66.9	49.6	0	0
mcp1k	386948	receiver_type	16008-93081	5	11	11	16008	-7.37	-4.25	4.9	1.416	3.96	0.886	shower	11	11	93081	-5.60	-0.46	8.0	0.966	3.64	0.669	0.071	49.5	62.9	123.0	0	0
mcp1k	386948	receiver_type	16008-93081	5	11	11	16008	-7.37	-4.25	4.9	1.416	3.96	0.886	shower	11	11	93081	-0.46	-5.60	8.0	0.966	3.64	0.669	0.071	51.3	66.7	73.2	0	0
mcp1k	386948	receiver_type	16008-79047	5	11	11	16008	-4.25	-7.37	4.9	1.416	3.96	0.886	shower	11	11	79047	-0.84	-4.96	12.0	1.249	2.33	0.914	0.000	78.7	111.5	99.3	0	0
mcp1k	386948	receiver_type	16008-79047	5	11	11	16008	-4.25	-7.37	4.9	1.416	3.96	0.886	shower	11	11	79047	-4.96	-0.84	12.0	1.249	2.33	0.914	0.000	86.2	111.1	76.0	0	0
mcp1k	386948	receiver_type	16008-79048	5	11	11	16008	-4.25	-7.37	4.9	1.416	3.96	0.886	shower	11	13	79048	-4.96	-7.28	2.5	1.141	2.06	0.986	0.000	86.2	111.1	121.1	0	0
mcp1k	386948	receiver_type	16008-79048	5	11	11	16008	-4.25	-7.37	4.9	1.416	3.96	0.886	shower	11	13	79048	-7.28	-4.96	2.5	1.141	2.06	0.986	0.000	86.5	112.0	52.2	0	0
mcp1k	386948	receiver_type	16008-80050	5	11	11	16008	-4.25	-7.37	4.9	1.416	3.96	0.886	shower	11	11	80050	-1.38	-0.88	7.4	0.785	5.11	0.891	0.000	58.5	123.4	81.4	0	0
mcp1k	386948	receiver_type	16008-80050	5	11	11	16008	-4.25	-7.37	4.9	1.416	3.96	0.886	shower	11	11	80050	-0.88	-1.38	7.4	0.785	5.11	0.891	0.000	60.0	120.7	110.4	0	0
mcp1k	386948	receiver_type	16008-80051	5	11	11	16008	-4.25	-7.37	4.9	1.416	3.96	0.886	shower	11	11	80051	-0.88	-1.43	8.8	1.222	3.56	0.870	0.000	60.0	120.7	104.0	0	0
mcp1k	386948	receiver_type	16008-80051	5	11	11	16008	-4.25	-7.37	4.9	1.416	3.96	0.886	shower	11	11	80051	-1.43	-0.88	8.8	1.222	3.56	0.870	0.000	65.1	119.1	88.3	0	0
mcp1k	386948	receiver_type	16008-80052	5	11	11	16008	-4.25	-7.37	4.9	1.416	3.96	0.886	shower	11	11	80052	-0.88	-3.70	7.2	0.982	3.96	0.693	0.000	60.0	120.7	160.3	0	0
mcp1k	386948	receiver_type	16008-80052	5	11	11	16008	-4.25	-7.37	4.9	1.416	3.96	0.886	shower	11	11	80052	-3.70	-0.88	7.2	0.982	3.96	0.693	0.000	63.7	122.6	66.8	0	0
mcp1k	386948	receiver_type	16008-91068	5	11	11	16008	-4.25	-7.37	4.9	1.416	3.96	0.886	shower	11	11	91068	-9.82	-7.28	6.6	1.104	2.01	0.899	0.000	41.3	135.3	34.8	0	0
mcp1k	386948	receiver_type	16008-91068	5	11	11	16008	-4.25	-7.37	4.9	1.416	3.96	0.886	shower	11	11	91068	-7.28	-9.82	6.6	1.104	2.01	0.899	0.000	35.9	133.1	143.2	0	0
mcp1k	386948	receiver_type	16008-93074	5	11	11	16008	-4.25	-7.37	4.9	1.416	3.96	0.886	shower	11	11	93074	-7.05	-6.42	8.8	1.146	4.48	0.891	0.000	52.7	133.1	84.7	0	0
mcp1k	386948	receiver_type	16008-93074	5	11	11	16008	-4.25	-7.37	4.9	1.416	3.96	0.886	shower	11	11	93074	-6.42	-7.05	8.8	1.146	4.48	0.891	0.000	53.9	130.4	100.8	0	0
mcp1k	386948	receiver_type	16008-93076	5	11	11	16008	-4.25	-7.37	4.9	1.416	3.96	0.886	shower	11	2212	93076	-11.64	-9.12	10.0	2.279	7.32	0.950	0.000	51.5	139.2	85.3	0	0
mcp1k	386948	receiver_type	16008-93076	5	11	11	16008	-4.25	-7.37	4.9	1.416	3.96	0.886	shower	11	2212	93076	-9.12	-11.64	10.0	2.279	7.32	0.950	0.000	52.3	136.4	98.8	0	0
mcp1k	386948	receiver_type	16008-93077	5	11	11	16008	-4.25	-7.37	4.9	1.416	3.96	0.886	shower	11	11	93077	-9.12	-7.05	7.4	2.270	6.63	0.928	0.000	52.3	136.4	73.2	0	0
mcp1k	386948	receiver_type	16008-93077	5	11	11	16008	-4.25	-7.37	4.9	1.416	3.96	0.886	shower	11	11	93077	-7.05	-9.12	7.4	2.270	6.63	0.928	0.000	52.7	133.1	103.4	0	0
mcp1k	386948	receiver_type	16008-93078	5	11	11	16008	-4.25	-7.37	4.9	1.416	3.96	0.886	shower	11	11	93078	-9.12	-8.15	3.1	1.870	3.20	0.974	0.000	52.3	136.4	50.5	0	0
mcp1k	386948	receiver_type	16008-93078	5	11	11	16008	-4.25	-7.37	4.9	1.416	3.96	0.886	shower	11	11	93078	-8.15	-9.12	3.1	1.870	3.20	0.974	0.000	50.3	135.6	129.2	0	0
mcp1k	386948	receiver_type	16008-93079	5	11	11	16008	-4.25	-7.37	4.9	1.416	3.96	0.886	shower	11	11	93079	-7.05	-5.60	2.5	1.124	5.99	0.753	0.000	52.7	133.1	22.9	0	0
mcp1k	386948	receiver_type	16008-93079	5	11	11	16008	-4.25	-7.37	4.9	1.416	3.96	0.886	shower	11	11	93079	-5.60	-7.05	2.5	1.124	5.99	0.753	0.000	52.0	131.4	138.1	0	0
mcp1k	386948	receiver_type	16008-93080	5	11	11	16008	-4.25	-7.37	4.9	1.416	3.96	0.886	shower	11	11	93080	-5.60	-4.15	7.4	0.784	3.77	0.507	0.000	52.0	131.4	49.3	0	0
mcp1k	386948	receiver_type	16008-93080	5	11	11	16008	-4.25	-7.37	4.9	1.416	3.96	0.886	shower	11	11	93080	-4.15	-5.60	7.4	0.784	3.77	0.507	0.000	51.1	129.0	108.5	0	0
mcp1k	386948	receiver_type	16008-93081	5	11	11	16008	-4.25	-7.37	4.9	1.416	3.96	0.886	shower	11	11	93081	-5.60	-0.46	8.0	0.966	3.64	0.669	0.071	52.0	131.4	56.7	0	0
mcp1k	386948	receiver_type	16008-93081	5	11	11	16008	-4.25	-7.37	4.9	1.416	3.96	0.886	shower	11	11	93081	-0.46	-5.60	8.0	0.966	3.64	0.669	0.071	53.5	126.1	120.0	0	0
mcp1k	386948	receiver_type	16010-79047	5	11	11	16010	-7.37	-7.24	5.2	0.990	8.35	0.941	shower	11	11	79047	-0.84	-4.96	12.0	1.249	2.33	0.914	0.000	78.1	79.5	119.2	0	0
mcp1k	386948	receiver_type	16010-79047	5	11	11	16010	-7.37	-7.24	5.2	0.990	8.35	0.941	shower	11	11	79047	-4.96	-0.84	12.0	1.249	2.33	0.914	0.000	85.6	84.2	57.1	0	0
mcp1k	386948	receiver_type	16010-79048	5	11	11	16010	-7.37	-7.24	5.2	0.990	8.35	0.941	shower	11	13	79048	-4.96	-7.28	2.5	1.141	2.06	0.986	0.000	85.6	84.2	115.0	0	0
mcp1k	386948	receiver_type	16010-79048	5	11	11	16010	-7.37	-7.24	5.2	0.990	8.35	0.941	shower	11	13	79048	-7.28	-4.96	2.5	1.141	2.06	0.986	0.000	85.9	84.9	72.2	0	0
mcp1k	386948	receiver_type	16010-80050	5	11	11	16010	-7.37	-7.24	5.2	0.990	8.35	0.941	shower	11	11	80050	-1.38	-0.88	7.4	0.785	5.11	0.891	0.000	56.7	53.6	129.6	0	0
mcp1k	386948	receiver_type	16010-80050	5	11	11	16010	-7.37	-7.24	5.2	0.990	8.35	0.941	shower	11	11	80050	-0.88	-1.38	7.4	0.785	5.11	0.891	0.000	58.4	59.9	47.0	0	0
mcp1k	386948	receiver_type	16010-80051	5	11	11	16010	-7.37	-7.24	5.2	0.990	8.35	0.941	shower	11	11	80051	-0.88	-1.43	8.8	1.222	3.56	0.870	0.000	58.4	59.9	101.5	0	0
mcp1k	386948	receiver_type	16010-80051	5	11	11	16010	-7.37	-7.24	5.2	0.990	8.35	0.941	shower	11	11	80051	-1.43	-0.88	8.8	1.222	3.56	0.870	0.000	63.8	65.0	66.0	0	0
mcp1k	386948	receiver_type	16010-80052	5	11	11	16010	-7.37	-7.24	5.2	0.990	8.35	0.941	shower	11	11	80052	-0.88	-3.70	7.2	0.982	3.96	0.693	0.000	58.4	59.9	70.1	0	0
mcp1k	386948	receiver_type	16010-80052	5	11	11	16010	-7.37	-7.24	5.2	0.990	8.35	0.941	shower	11	11	80052	-3.70	-0.88	7.2	0.982	3.96	0.693	0.000	62.1	61.2	82.3	0	0
mcp1k	386948	receiver_type	16010-91068	5	11	11	16010	-7.37	-7.24	5.2	0.990	8.35	0.941	shower	11	11	91068	-9.82	-7.28	6.6	1.104	2.01	0.899	0.000	38.0	8.0	150.3	0	0
mcp1k	386948	receiver_type	16010-91068	5	11	11	16010	-7.37	-7.24	5.2	0.990	8.35	0.941	shower	11	11	91068	-7.28	-9.82	6.6	1.104	2.01	0.899	0.000	32.7	6.8	31.0	0	0
mcp1k	386948	receiver_type	16010-93074	5	11	11	16010	-7.37	-7.24	5.2	0.990	8.35	0.941	shower	11	11	93074	-7.05	-6.42	8.8	1.146	4.48	0.891	0.000	50.1	38.4	118.7	0	0
mcp1k	386948	receiver_type	16010-93074	5	11	11	16010	-7.37	-7.24	5.2	0.990	8.35	0.941	shower	11	11	93074	-6.42	-7.05	8.8	1.146	4.48	0.891	0.000	51.6	47.1	56.0	0	0
mcp1k	386948	receiver_type	16010-93076	5	11	11	16010	-7.37	-7.24	5.2	0.990	8.35	0.941	shower	11	2212	93076	-11.64	-9.12	10.0	2.279	7.32	0.950	0.000	48.2	21.8	105.6	0	0
mcp1k	386948	receiver_type	16010-93076	5	11	11	16010	-7.37	-7.24	5.2	0.990	8.35	0.941	shower	11	2212	93076	-9.12	-11.64	10.0	2.279	7.32	0.950	0.000	49.4	31.3	74.0	0	0
mcp1k	386948	receiver_type	16010-93077	5	11	11	16010	-7.37	-7.24	5.2	0.990	8.35	0.941	shower	11	11	93077	-9.12	-7.05	7.4	2.270	6.63	0.928	0.000	49.4	31.3	118.4	0	0
mcp1k	386948	receiver_type	16010-93077	5	11	11	16010	-7.37	-7.24	5.2	0.990	8.35	0.941	shower	11	11	93077	-7.05	-9.12	7.4	2.270	6.63	0.928	0.000	50.1	38.4	67.3	0	0
mcp1k	386948	receiver_type	16010-93078	5	11	11	16010	-7.37	-7.24	5.2	0.990	8.35	0.941	shower	11	11	93078	-9.12	-8.15	3.1	1.870	3.20	0.974	0.000	49.4	31.3	104.3	0	0
mcp1k	386948	receiver_type	16010-93078	5	11	11	16010	-7.37	-7.24	5.2	0.990	8.35	0.941	shower	11	11	93078	-8.15	-9.12	3.1	1.870	3.20	0.974	0.000	47.4	28.7	80.7	0	0
mcp1k	386948	receiver_type	16010-93079	5	11	11	16010	-7.37	-7.24	5.2	0.990	8.35	0.941	shower	11	11	93079	-7.05	-5.60	2.5	1.124	5.99	0.753	0.000	50.1	38.4	142.4	0	0
mcp1k	386948	receiver_type	16010-93079	5	11	11	16010	-7.37	-7.24	5.2	0.990	8.35	0.941	shower	11	11	93079	-5.60	-7.05	2.5	1.124	5.99	0.753	0.000	49.5	39.5	73.8	0	0
mcp1k	386948	receiver_type	16010-93080	5	11	11	16010	-7.37	-7.24	5.2	0.990	8.35	0.941	shower	11	11	93080	-5.60	-4.15	7.4	0.784	3.77	0.507	0.000	49.5	39.5	120.8	0	0
mcp1k	386948	receiver_type	16010-93080	5	11	11	16010	-7.37	-7.24	5.2	0.990	8.35	0.941	shower	11	11	93080	-4.15	-5.60	7.4	0.784	3.77	0.507	0.000	48.8	43.4	25.1	0	0
mcp1k	386948	receiver_type	16010-93081	5	11	11	16010	-7.37	-7.24	5.2	0.990	8.35	0.941	shower	11	11	93081	-5.60	-0.46	8.0	0.966	3.64	0.669	0.071	49.5	39.5	78.2	0	0
mcp1k	386948	receiver_type	16010-93081	5	11	11	16010	-7.37	-7.24	5.2	0.990	8.35	0.941	shower	11	11	93081	-0.46	-5.60	8.0	0.966	3.64	0.669	0.071	51.3	38.8	115.6	0	0
mcp1k	386948	receiver_type	16010-79047	5	11	11	16010	-7.24	-7.37	5.2	0.990	8.35	0.941	shower	11	11	79047	-0.84	-4.96	12.0	1.249	2.33	0.914	0.000	79.0	100.6	61.8	0	0
mcp1k	386948	receiver_type	16010-79047	5	11	11	16010	-7.24	-7.37	5.2	0.990	8.35	0.941	shower	11	11	79047	-4.96	-0.84	12.0	1.249	2.33	0.914	0.000	86.1	96.1	119.3	0	0
mcp1k	386948	receiver_type	16010-79048	5	11	11	16010	-7.24	-7.37	5.2	0.990	8.35	0.941	shower	11	13	79048	-4.96	-7.28	2.5	1.141	2.06	0.986	0.000	86.1	96.1	74.4	0	0
mcp1k	386948	receiver_type	16010-79048	5	11	11	16010	-7.24	-7.37	5.2	0.990	8.35	0.941	shower	11	13	79048	-7.28	-4.96	2.5	1.141	2.06	0.986	0.000	86.4	95.8	98.3	0	0
mcp1k	386948	receiver_type	16010-80050	5	11	11	16010	-7.24	-7.37	5.2	0.990	8.35	0.941	shower	11	11	80050	-1.38	-0.88	7.4	0.785	5.11	0.891	0.000	59.6	126.2	48.4	0	0
mcp1k	386948	receiver_type	16010-80050	5	11	11	16010	-7.24	-7.37	5.2	0.990	8.35	0.941	shower	11	11	80050	-0.88	-1.38	7.4	0.785	5.11	0.891	0.000	60.9	120.1	137.7	0	0
mcp1k	386948	receiver_type	16010-80051	5	11	11	16010	-7.24	-7.37	5.2	0.990	8.35	0.941	shower	11	11	80051	-0.88	-1.43	8.8	1.222	3.56	0.870	0.000	60.9	120.1	77.2	0	0
mcp1k	386948	receiver_type	16010-80051	5	11	11	16010	-7.24	-7.37	5.2	0.990	8.35	0.941	shower	11	11	80051	-1.43	-0.88	8.8	1.222	3.56	0.870	0.000	65.9	115.2	116.2	0	0
mcp1k	386948	receiver_type	16010-80052	5	11	11	16010	-7.24	-7.37	5.2	0.990	8.35	0.941	shower	11	11	80052	-0.88	-3.70	7.2	0.982	3.96	0.693	0.000	60.9	120.1	116.4	0	0
mcp1k	386948	receiver_type	16010-80052	5	11	11	16010	-7.24	-7.37	5.2	0.990	8.35	0.941	shower	11	11	80052	-3.70	-0.88	7.2	0.982	3.96	0.693	0.000	64.5	119.3	97.4	0	0
mcp1k	386948	receiver_type	16010-91068	5	11	11	16010	-7.24	-7.37	5.2	0.990	8.35	0.941	shower	11	11	91068	-9.82	-7.28	6.6	1.104	2.01	0.899	0.000	42.9	173.4	19.2	0	0
mcp1k	386948	receiver_type	16010-91068	5	11	11	16010	-7.24	-7.37	5.2	0.990	8.35	0.941	shower	11	11	91068	-7.28	-9.82	6.6	1.104	2.01	0.899	0.000	37.6	169.9	159.4	0	0
mcp1k	386948	receiver_type	16010-93074	5	11	11	16010	-7.24	-7.37	5.2	0.990	8.35	0.941	shower	11	11	93074	-7.05	-6.42	8.8	1.146	4.48	0.891	0.000	53.9	141.8	58.2	0	0
mcp1k	386948	receiver_type	16010-93074	5	11	11	16010	-7.24	-7.37	5.2	0.990	8.35	0.941	shower	11	11	93074	-6.42	-7.05	8.8	1.146	4.48	0.891	0.000	54.9	133.6	127.6	0	0
mcp1k	386948	receiver_type	16010-93076	5	11	11	16010	-7.24	-7.37	5.2	0.990	8.35	0.941	shower	11	2212	93076	-11.64	-9.12	10.0	2.279	7.32	0.950	0.000	52.8	159.2	69.6	0	0
mcp1k	386948	receiver_type	16010-93076	5	11	11	16010	-7.24	-7.37	5.2	0.990	8.35	0.941	shower	11	2212	93076	-9.12	-11.64	10.0	2.279	7.32	0.950	0.000	53.5	149.1	111.6	0	0
mcp1k	386948	receiver_type	16010-93077	5	11	11	16010	-7.24	-7.37	5.2	0.990	8.35	0.941	shower	11	11	93077	-9.12	-7.05	7.4	2.270	6.63	0.928	0.000	53.5	149.1	55.9	0	0
mcp1k	386948	receiver_type	16010-93077	5	11	11	16010	-7.24	-7.37	5.2	0.990	8.35	0.941	shower	11	11	93077	-7.05	-9.12	7.4	2.270	6.63	0.928	0.000	53.9	141.8	118.3	0	0
mcp1k	386948	receiver_type	16010-93078	5	11	11	16010	-7.24	-7.37	5.2	0.990	8.35	0.941	shower	11	11	93078	-9.12	-8.15	3.1	1.870	3.20	0.974	0.000	53.5	149.1	75.1	0	0
mcp1k	386948	receiver_type	16010-93078	5	11	11	16010	-7.24	-7.37	5.2	0.990	8.35	0.941	shower	11	11	93078	-8.15	-9.12	3.1	1.870	3.20	0.974	0.000	51.7	151.2	100.5	0	0
mcp1k	386948	receiver_type	16010-93079	5	11	11	16010	-7.24	-7.37	5.2	0.990	8.35	0.941	shower	11	11	93079	-7.05	-5.60	2.5	1.124	5.99	0.753	0.000	53.9	141.8	27.7	0	0
mcp1k	386948	receiver_type	16010-93079	5	11	11	16010	-7.24	-7.37	5.2	0.990	8.35	0.941	shower	11	11	93079	-5.60	-7.05	2.5	1.124	5.99	0.753	0.000	53.2	140.5	116.4	0	0
mcp1k	386948	receiver_type	16010-93080	5	11	11	16010	-7.24	-7.37	5.2	0.990	8.35	0.941	shower	11	11	93080	-5.60	-4.15	7.4	0.784	3.77	0.507	0.000	53.2	140.5	49.9	0	0
mcp1k	386948	receiver_type	16010-93080	5	11	11	16010	-7.24	-7.37	5.2	0.990	8.35	0.941	shower	11	11	93080	-4.15	-5.60	7.4	0.784	3.77	0.507	0.000	52.4	136.6	153.5	0	0
mcp1k	386948	receiver_type	16010-93081	5	11	11	16010	-7.24	-7.37	5.2	0.990	8.35	0.941	shower	11	11	93081	-5.60	-0.46	8.0	0.966	3.64	0.669	0.071	53.2	140.5	91.4	0	0
mcp1k	386948	receiver_type	16010-93081	5	11	11	16010	-7.24	-7.37	5.2	0.990	8.35	0.941	shower	11	11	93081	-0.46	-5.60	8.0	0.966	3.64	0.669	0.071	55.0	139.6	74.1	0	0
mcp1k	386948	receiver_type	16012-79047	5	11	11	16012	-7.24	-6.97	9.7	1.077	5.81	0.890	shower	11	11	79047	-0.84	-4.96	12.0	1.249	2.33	0.914	0.000	79.0	119.1	153.6	0	0
mcp1k	386948	receiver_type	16012-79047	5	11	11	16012	-7.24	-6.97	9.7	1.077	5.81	0.890	shower	11	11	79047	-4.96	-0.84	12.0	1.249	2.33	0.914	0.000	86.1	123.9	33.2	0	0
mcp1k	386948	receiver_type	16012-79048	5	11	11	16012	-7.24	-6.97	9.7	1.077	5.81	0.890	shower	11	13	79048	-4.96	-7.28	2.5	1.141	2.06	0.986	0.000	86.1	123.9	110.1	0	0
mcp1k	386948	receiver_type	16012-79048	5	11	11	16012	-7.24	-6.97	9.7	1.077	5.81	0.890	shower	11	13	79048	-7.28	-4.96	2.5	1.141	2.06	0.986	0.000	86.4	124.3	76.5	0	0
mcp1k	386948	receiver_type	16012-80050	5	11	11	16012	-7.24	-6.97	9.7	1.077	5.81	0.890	shower	11	11	80050	-1.38	-0.88	7.4	0.785	5.11	0.891	0.000	59.6	93.0	171.0	0	0
mcp1k	386948	receiver_type	16012-80050	5	11	11	16012	-7.24	-6.97	9.7	1.077	5.81	0.890	shower	11	11	80050	-0.88	-1.38	7.4	0.785	5.11	0.891	0.000	60.9	99.1	6.8	0	0
mcp1k	386948	receiver_type	16012-80051	5	11	11	16012	-7.24	-6.97	9.7	1.077	5.81	0.890	shower	11	11	80051	-0.88	-1.43	8.8	1.222	3.56	0.870	0.000	60.9	99.1	142.6	0	0
mcp1k	386948	receiver_type	16012-80051	5	11	11	16012	-7.24	-6.97	9.7	1.077	5.81	0.890	shower	11	11	80051	-1.43	-0.88	8.8	1.222	3.56	0.870	0.000	65.9	104.3	23.7	0	0
mcp1k	386948	receiver_type	16012-80052	5	11	11	16012	-7.24	-6.97	9.7	1.077	5.81	0.890	shower	11	11	80052	-0.88	-3.70	7.2	0.982	3.96	0.693	0.000	60.9	99.1	92.5	0	0
mcp1k	386948	receiver_type	16012-80052	5	11	11	16012	-7.24	-6.97	9.7	1.077	5.81	0.890	shower	11	11	80052	-3.70	-0.88	7.2	0.982	3.96	0.693	0.000	64.5	100.4	44.0	0	0
mcp1k	386948	receiver_type	16012-91068	5	11	11	16012	-7.24	-6.97	9.7	1.077	5.81	0.890	shower	11	11	91068	-9.82	-7.28	6.6	1.104	2.01	0.899	0.000	42.9	45.9	140.1	0	0
mcp1k	386948	receiver_type	16012-91068	5	11	11	16012	-7.24	-6.97	9.7	1.077	5.81	0.890	shower	11	11	91068	-7.28	-9.82	6.6	1.104	2.01	0.899	0.000	37.6	47.9	37.1	0	0
mcp1k	386948	receiver_type	16012-93074	5	11	11	16012	-7.24	-6.97	9.7	1.077	5.81	0.890	shower	11	11	93074	-7.05	-6.42	8.8	1.146	4.48	0.891	0.000	53.9	77.9	161.9	0	0
mcp1k	386948	receiver_type	16012-93074	5	11	11	16012	-7.24	-6.97	9.7	1.077	5.81	0.890	shower	11	11	93074	-6.42	-7.05	8.8	1.146	4.48	0.891	0.000	54.9	86.1	12.7	0	0
mcp1k	386948	receiver_type	16012-93076	5	11	11	16012	-7.24	-6.97	9.7	1.077	5.81	0.890	shower	11	2212	93076	-11.64	-9.12	10.0	2.279	7.32	0.950	0.000	52.8	60.8	148.5	0	0
mcp1k	386948	receiver_type	16012-93076	5	11	11	16012	-7.24	-6.97	9.7	1.077	5.81	0.890	shower	11	2212	93076	-9.12	-11.64	10.0	2.279	7.32	0.950	0.000	53.5	70.7	32.0	0	0
mcp1k	386948	receiver_type	16012-93077	5	11	11	16012	-7.24	-6.97	9.7	1.077	5.81	0.890	shower	11	11	93077	-9.12	-7.05	7.4	2.270	6.63	0.928	0.000	53.5	70.7	159.1	0	0
mcp1k	386948	receiver_type	16012-93077	5	11	11	16012	-7.24	-6.97	9.7	1.077	5.81	0.890	shower	11	11	93077	-7.05	-9.12	7.4	2.270	6.63	0.928	0.000	53.9	77.9	26.0	0	0
mcp1k	386948	receiver_type	16012-93078	5	11	11	16012	-7.24	-6.97	9.7	1.077	5.81	0.890	shower	11	11	93078	-9.12	-8.15	3.1	1.870	3.20	0.974	0.000	53.5	70.7	65.8	0	0
mcp1k	386948	receiver_type	16012-93078	5	11	11	16012	-7.24	-6.97	9.7	1.077	5.81	0.890	shower	11	11	93078	-8.15	-9.12	3.1	1.870	3.20	0.974	0.000	51.7	68.5	117.7	0	0
mcp1k	386948	receiver_type	16012-93079	5	11	11	16012	-7.24	-6.97	9.7	1.077	5.81	0.890	shower	11	11	93079	-7.05	-5.60	2.5	1.124	5.99	0.753	0.000	53.9	77.9	129.0	0	0
mcp1k	386948	receiver_type	16012-93079	5	11	11	16012	-7.24	-6.97	9.7	1.077	5.81	0.890	shower	11	11	93079	-5.60	-7.05	2.5	1.124	5.99	0.753	0.000	53.2	79.0	56.7	0	0
mcp1k	386948	receiver_type	16012-93080	5	11	11	16012	-7.24	-6.97	9.7	1.077	5.81	0.890	shower	11	11	93080	-5.60	-4.15	7.4	0.784	3.77	0.507	0.000	53.2	79.0	144.3	0	0
mcp1k	386948	receiver_type	16012-93080	5	11	11	16012	-7.24	-6.97	9.7	1.077	5.81	0.890	shower	11	11	93080	-4.15	-5.60	7.4	0.784	3.77	0.507	0.000	52.4	82.7	21.3	0	0
mcp1k	386948	receiver_type	16012-93081	5	11	11	16012	-7.24	-6.97	9.7	1.077	5.81	0.890	shower	11	11	93081	-5.60	-0.46	8.0	0.966	3.64	0.669	0.071	53.2	79.0	97.9	0	0
mcp1k	386948	receiver_type	16012-93081	5	11	11	16012	-7.24	-6.97	9.7	1.077	5.81	0.890	shower	11	11	93081	-0.46	-5.60	8.0	0.966	3.64	0.669	0.071	55.0	78.8	107.9	0	0
mcp1k	386948	receiver_type	16012-79047	5	11	11	16012	-6.97	-7.24	9.7	1.077	5.81	0.890	shower	11	11	79047	-0.84	-4.96	12.0	1.249	2.33	0.914	0.000	75.1	66.1	23.6	0	0
mcp1k	386948	receiver_type	16012-79047	5	11	11	16012	-6.97	-7.24	9.7	1.077	5.81	0.890	shower	11	11	79047	-4.96	-0.84	12.0	1.249	2.33	0.914	0.000	81.5	60.4	150.0	0	0
mcp1k	386948	receiver_type	16012-79048	5	11	11	16012	-6.97	-7.24	9.7	1.077	5.81	0.890	shower	11	13	79048	-4.96	-7.28	2.5	1.141	2.06	0.986	0.000	81.5	60.4	66.9	0	0
mcp1k	386948	receiver_type	16012-79048	5	11	11	16012	-6.97	-7.24	9.7	1.077	5.81	0.890	shower	11	13	79048	-7.28	-4.96	2.5	1.141	2.06	0.986	0.000	81.7	59.8	106.6	0	0
mcp1k	386948	receiver_type	16012-80050	5	11	11	16012	-6.97	-7.24	9.7	1.077	5.81	0.890	shower	11	11	80050	-1.38	-0.88	7.4	0.785	5.11	0.891	0.000	59.8	94.9	7.1	0	0
mcp1k	386948	receiver_type	16012-80050	5	11	11	16012	-6.97	-7.24	9.7	1.077	5.81	0.890	shower	11	11	80050	-0.88	-1.38	7.4	0.785	5.11	0.891	0.000	60.1	88.6	170.3	0	0
mcp1k	386948	receiver_type	16012-80051	5	11	11	16012	-6.97	-7.24	9.7	1.077	5.81	0.890	shower	11	11	80051	-0.88	-1.43	8.8	1.222	3.56	0.870	0.000	60.1	88.6	35.9	0	0
mcp1k	386948	receiver_type	16012-80051	5	11	11	16012	-6.97	-7.24	9.7	1.077	5.81	0.890	shower	11	11	80051	-1.43	-0.88	8.8	1.222	3.56	0.870	0.000	64.2	82.7	157.4	0	0
mcp1k	386948	receiver_type	16012-80052	5	11	11	16012	-6.97	-7.24	9.7	1.077	5.81	0.890	shower	11	11	80052	-0.88	-3.70	7.2	0.982	3.96	0.693	0.000	60.1	88.6	84.7	0	0
mcp1k	386948	receiver_type	16012-80052	5	11	11	16012	-6.97	-7.24	9.7	1.077	5.81	0.890	shower	11	11	80052	-3.70	-0.88	7.2	0.982	3.96	0.693	0.000	63.5	86.7	138.0	0	0
mcp1k	386948	receiver_type	16012-91068	5	11	11	16012	-6.97	-7.24	9.7	1.077	5.81	0.890	shower	11	11	91068	-9.82	-7.28	6.6	1.104	2.01	0.899	0.000	49.2	140.5	42.5	0	0
mcp1k	386948	receiver_type	16012-91068	5	11	11	16012	-6.97	-7.24	9.7	1.077	5.81	0.890	shower	11	11	91068	-7.28	-9.82	6.6	1.104	2.01	0.899	0.000	43.8	139.9	140.3	0	0
mcp1k	386948	receiver_type	16012-93074	5	11	11	16012	-6.97	-7.24	9.7	1.077	5.81	0.890	shower	11	11	93074	-7.05	-6.42	8.8	1.146	4.48	0.891	0.000	56.3	110.0	17.7	0	0
mcp1k	386948	receiver_type	16012-93074	5	11	11	16012	-6.97	-7.24	9.7	1.077	5.81	0.890	shower	11	11	93074	-6.42	-7.05	8.8	1.146	4.48	0.891	0.000	56.1	102.0	167.0	0	0
mcp1k	386948	receiver_type	16012-93076	5	11	11	16012	-6.97	-7.24	9.7	1.077	5.81	0.890	shower	11	2212	93076	-11.64	-9.12	10.0	2.279	7.32	0.950	0.000	57.4	125.8	32.0	0	0
mcp1k	386948	receiver_type	16012-93076	5	11	11	16012	-6.97	-7.24	9.7	1.077	5.81	0.890	shower	11	2212	93076	-9.12	-11.64	10.0	2.279	7.32	0.950	0.000	56.9	116.7	147.0	0	0
mcp1k	386948	receiver_type	16012-93077	5	11	11	16012	-6.97	-7.24	9.7	1.077	5.81	0.890	shower	11	11	93077	-9.12	-7.05	7.4	2.270	6.63	0.928	0.000	56.9	116.7	22.6	0	0
mcp1k	386948	receiver_type	16012-93077	5	11	11	16012	-6.97	-7.24	9.7	1.077	5.81	0.890	shower	11	11	93077	-7.05	-9.12	7.4	2.270	6.63	0.928	0.000	56.3	110.0	152.7	0	0
mcp1k	386948	receiver_type	16012-93078	5	11	11	16012	-6.97	-7.24	9.7	1.077	5.81	0.890	shower	11	11	93078	-9.12	-8.15	3.1	1.870	3.20	0.974	0.000	56.9	116.7	116.0	0	0
mcp1k	386948	receiver_type	16012-93078	5	11	11	16012	-6.97	-7.24	9.7	1.077	5.81	0.890	shower	11	11	93078	-8.15	-9.12	3.1	1.870	3.20	0.974	0.000	55.4	119.1	60.3	0	0
mcp1k	386948	receiver_type	16012-93079	5	11	11	16012	-6.97	-7.24	9.7	1.077	5.81	0.890	shower	11	11	93079	-7.05	-5.60	2.5	1.124	5.99	0.753	0.000	56.3	110.0	53.7	0	0
mcp1k	386948	receiver_type	16012-93079	5	11	11	16012	-6.97	-7.24	9.7	1.077	5.81	0.890	shower	11	11	93079	-5.60	-7.05	2.5	1.124	5.99	0.753	0.000	55.5	109.1	120.2	0	0
mcp1k	386948	receiver_type	16012-93080	5	11	11	16012	-6.97	-7.24	9.7	1.077	5.81	0.890	shower	11	11	93080	-5.60	-4.15	7.4	0.784	3.77	0.507	0.000	55.5	109.1	38.9	0	0
mcp1k	386948	receiver_type	16012-93080	5	11	11	16012	-6.97	-7.24	9.7	1.077	5.81	0.890	shower	11	11	93080	-4.15	-5.60	7.4	0.784	3.77	0.507	0.000	54.1	105.8	159.6	0	0
mcp1k	386948	receiver_type	16012-93081	5	11	11	16012	-6.97	-7.24	9.7	1.077	5.81	0.890	shower	11	11	93081	-5.60	-0.46	8.0	0.966	3.64	0.669	0.071	55.5	109.1	84.9	0	0
mcp1k	386948	receiver_type	16012-93081	5	11	11	16012	-6.97	-7.24	9.7	1.077	5.81	0.890	shower	11	11	93081	-0.46	-5.60	8.0	0.966	3.64	0.669	0.071	57.3	109.4	69.1	0	0
mcp1k	386948	receiver_type	16019-79047	5	11	11	16019	-9.60	-11.28	3.4	1.570	5.05	0.972	shower	11	11	79047	-0.84	-4.96	12.0	1.249	2.33	0.914	0.000	82.4	49.2	45.3	0	0
mcp1k	386948	receiver_type	16019-79047	5	11	11	16019	-9.60	-11.28	3.4	1.570	5.05	0.972	shower	11	11	79047	-4.96	-0.84	12.0	1.249	2.33	0.914	0.000	89.9	47.5	123.8	0	0
mcp1k	386948	receiver_type	16019-79048	5	11	11	16019	-9.60	-11.28	3.4	1.570	5.05	0.972	shower	11	13	79048	-4.96	-7.28	2.5	1.141	2.06	0.986	0.000	89.9	47.5	95.9	0	0
mcp1k	386948	receiver_type	16019-79048	5	11	11	16019	-9.60	-11.28	3.4	1.570	5.05	0.972	shower	11	13	79048	-7.28	-4.96	2.5	1.141	2.06	0.986	0.000	90.2	48.0	78.0	0	0
mcp1k	386948	receiver_type	16019-80050	5	11	11	16019	-9.60	-11.28	3.4	1.570	5.05	0.972	shower	11	11	80050	-1.38	-0.88	7.4	0.785	5.11	0.891	0.000	60.0	69.0	29.6	0	0
mcp1k	386948	receiver_type	16019-80050	5	11	11	16019	-9.60	-11.28	3.4	1.570	5.05	0.972	shower	11	11	80050	-0.88	-1.38	7.4	0.785	5.11	0.891	0.000	62.1	63.8	160.2	0	0
mcp1k	386948	receiver_type	16019-80051	5	11	11	16019	-9.60	-11.28	3.4	1.570	5.05	0.972	shower	11	11	80051	-0.88	-1.43	8.8	1.222	3.56	0.870	0.000	62.1	63.8	43.2	0	0
mcp1k	386948	receiver_type	16019-80051	5	11	11	16019	-9.60	-11.28	3.4	1.570	5.05	0.972	shower	11	11	80051	-1.43	-0.88	8.8	1.222	3.56	0.870	0.000	67.6	60.3	147.5	0	0
mcp1k	386948	receiver_type	16019-80052	5	11	11	16019	-9.60	-11.28	3.4	1.570	5.05	0.972	shower	11	11	80052	-0.88	-3.70	7.2	0.982	3.96	0.693	0.000	62.1	63.8	100.2	0	0
mcp1k	386948	receiver_type	16019-80052	5	11	11	16019	-9.60	-11.28	3.4	1.570	5.05	0.972	shower	11	11	80052	-3.70	-0.88	7.2	0.982	3.96	0.693	0.000	65.7	64.3	127.3	0	0
mcp1k	386948	receiver_type	16019-91068	5	11	11	16019	-9.60	-11.28	3.4	1.570	5.05	0.972	shower	11	11	91068	-9.82	-7.28	6.6	1.104	2.01	0.899	0.000	37.4	113.6	39.7	0	0
mcp1k	386948	receiver_type	16019-91068	5	11	11	16019	-9.60	-11.28	3.4	1.570	5.05	0.972	shower	11	11	91068	-7.28	-9.82	6.6	1.104	2.01	0.899	0.000	32.5	108.5	143.6	0	0
mcp1k	386948	receiver_type	16019-93074	5	11	11	16019	-9.60	-11.28	3.4	1.570	5.05	0.972	shower	11	11	93074	-7.05	-6.42	8.8	1.146	4.48	0.891	0.000	52.2	83.9	26.2	0	0
mcp1k	386948	receiver_type	16019-93074	5	11	11	16019	-9.60	-11.28	3.4	1.570	5.05	0.972	shower	11	11	93074	-6.42	-7.05	8.8	1.146	4.48	0.891	0.000	54.3	76.4	157.4	0	0
mcp1k	386948	receiver_type	16019-93076	5	11	11	16019	-9.60	-11.28	3.4	1.570	5.05	0.972	shower	11	2212	93076	-11.64	-9.12	10.0	2.279	7.32	0.950	0.000	48.8	101.7	24.5	0	0
mcp1k	386948	receiver_type	16019-93076	5	11	11	16019	-9.60	-11.28	3.4	1.570	5.05	0.972	shower	11	2212	93076	-9.12	-11.64	10.0	2.279	7.32	0.950	0.000	50.9	91.3	159.2	0	0
mcp1k	386948	receiver_type	16019-93077	5	11	11	16019	-9.60	-11.28	3.4	1.570	5.05	0.972	shower	11	11	93077	-9.12	-7.05	7.4	2.270	6.63	0.928	0.000	50.9	91.3	12.6	0	0
mcp1k	386948	receiver_type	16019-93077	5	11	11	16019	-9.60	-11.28	3.4	1.570	5.05	0.972	shower	11	11	93077	-7.05	-9.12	7.4	2.270	6.63	0.928	0.000	52.2	83.9	164.5	0	0
mcp1k	386948	receiver_type	16019-93078	5	11	11	16019	-9.60	-11.28	3.4	1.570	5.05	0.972	shower	11	11	93078	-9.12	-8.15	3.1	1.870	3.20	0.974	0.000	50.9	91.3	111.0	0	0
mcp1k	386948	receiver_type	16019-93078	5	11	11	16019	-9.60	-11.28	3.4	1.570	5.05	0.972	shower	11	11	93078	-8.15	-9.12	3.1	1.870	3.20	0.974	0.000	48.8	92.6	68.1	0	0
mcp1k	386948	receiver_type	16019-93079	5	11	11	16019	-9.60	-11.28	3.4	1.570	5.05	0.972	shower	11	11	93079	-7.05	-5.60	2.5	1.124	5.99	0.753	0.000	52.2	83.9	45.7	0	0
mcp1k	386948	receiver_type	16019-93079	5	11	11	16019	-9.60	-11.28	3.4	1.570	5.05	0.972	shower	11	11	93079	-5.60	-7.05	2.5	1.124	5.99	0.753	0.000	51.7	82.1	148.3	0	0
mcp1k	386948	receiver_type	16019-93080	5	11	11	16019	-9.60	-11.28	3.4	1.570	5.05	0.972	shower	11	11	93080	-5.60	-4.15	7.4	0.784	3.77	0.507	0.000	51.7	82.1	12.6	0	0
mcp1k	386948	receiver_type	16019-93080	5	11	11	16019	-9.60	-11.28	3.4	1.570	5.05	0.972	shower	11	11	93080	-4.15	-5.60	7.4	0.784	3.77	0.507	0.000	51.4	78.0	134.9	0	0
mcp1k	386948	receiver_type	16019-93081	5	11	11	16019	-9.60	-11.28	3.4	1.570	5.05	0.972	shower	11	11	93081	-5.60	-0.46	8.0	0.966	3.64	0.669	0.071	51.7	82.1	55.6	0	0
mcp1k	386948	receiver_type	16019-93081	5	11	11	16019	-9.60	-11.28	3.4	1.570	5.05	0.972	shower	11	11	93081	-0.46	-5.60	8.0	0.966	3.64	0.669	0.071	53.7	80.4	98.3	0	0
mcp1k	386948	receiver_type	16019-79047	5	11	11	16019	-11.28	-9.60	3.4	1.570	5.05	0.972	shower	11	11	79047	-0.84	-4.96	12.0	1.249	2.33	0.914	0.000	84.4	122.1	127.6	0	0
mcp1k	386948	receiver_type	16019-79047	5	11	11	16019	-11.28	-9.60	3.4	1.570	5.05	0.972	shower	11	11	79047	-4.96	-0.84	12.0	1.249	2.33	0.914	0.000	92.0	123.5	61.9	0	0
mcp1k	386948	receiver_type	16019-79048	5	11	11	16019	-11.28	-9.60	3.4	1.570	5.05	0.972	shower	11	13	79048	-4.96	-7.28	2.5	1.141	2.06	0.986	0.000	92.0	123.5	81.1	0	0
mcp1k	386948	receiver_type	16019-79048	5	11	11	16019	-11.28	-9.60	3.4	1.570	5.05	0.972	shower	11	13	79048	-7.28	-4.96	2.5	1.141	2.06	0.986	0.000	92.2	123.0	105.7	0	0
mcp1k	386948	receiver_type	16019-80050	5	11	11	16019	-11.28	-9.60	3.4	1.570	5.05	0.972	shower	11	11	80050	-1.38	-0.88	7.4	0.785	5.11	0.891	0.000	61.0	104.3	144.9	0	0
mcp1k	386948	receiver_type	16019-80050	5	11	11	16019	-11.28	-9.60	3.4	1.570	5.05	0.972	shower	11	11	80050	-0.88	-1.38	7.4	0.785	5.11	0.891	0.000	63.4	109.1	23.3	0	0
mcp1k	386948	receiver_type	16019-80051	5	11	11	16019	-11.28	-9.60	3.4	1.570	5.05	0.972	shower	11	11	80051	-0.88	-1.43	8.8	1.222	3.56	0.870	0.000	63.4	109.1	126.9	0	0
mcp1k	386948	receiver_type	16019-80051	5	11	11	16019	-11.28	-9.60	3.4	1.570	5.05	0.972	shower	11	11	80051	-1.43	-0.88	8.8	1.222	3.56	0.870	0.000	69.1	112.1	41.4	0	0
mcp1k	386948	receiver_type	16019-80052	5	11	11	16019	-11.28	-9.60	3.4	1.570	5.05	0.972	shower	11	11	80052	-0.88	-3.70	7.2	0.982	3.96	0.693	0.000	63.4	109.1	69.9	0	0
mcp1k	386948	receiver_type	16019-80052	5	11	11	16019	-11.28	-9.60	3.4	1.570	5.05	0.972	shower	11	11	80052	-3.70	-0.88	7.2	0.982	3.96	0.693	0.000	66.9	108.3	62.5	0	0
mcp1k	386948	receiver_type	16019-91068	5	11	11	16019	-11.28	-9.60	3.4	1.570	5.05	0.972	shower	11	11	91068	-9.82	-7.28	6.6	1.104	2.01	0.899	0.000	36.0	63.2	150.0	0	0
mcp1k	386948	receiver_type	16019-91068	5	11	11	16019	-11.28	-9.60	3.4	1.570	5.05	0.972	shower	11	11	91068	-7.28	-9.82	6.6	1.104	2.01	0.899	0.000	31.4	69.5	26.8	0	0
mcp1k	386948	receiver_type	16019-93074	5	11	11	16019	-11.28	-9.60	3.4	1.570	5.05	0.972	shower	11	11	93074	-7.05	-6.42	8.8	1.146	4.48	0.891	0.000	52.4	90.3	145.3	0	0
mcp1k	386948	receiver_type	16019-93074	5	11	11	16019	-11.28	-9.60	3.4	1.570	5.05	0.972	shower	11	11	93074	-6.42	-7.05	8.8	1.146	4.48	0.891	0.000	54.9	97.2	29.9	0	0
mcp1k	386948	receiver_type	16019-93076	5	11	11	16019	-11.28	-9.60	3.4	1.570	5.05	0.972	shower	11	2212	93076	-11.64	-9.12	10.0	2.279	7.32	0.950	0.000	48.0	73.0	144.9	0	0
mcp1k	386948	receiver_type	16019-93076	5	11	11	16019	-11.28	-9.60	3.4	1.570	5.05	0.972	shower	11	2212	93076	-9.12	-11.64	10.0	2.279	7.32	0.950	0.000	50.6	83.1	31.4	0	0
mcp1k	386948	receiver_type	16019-93077	5	11	11	16019	-11.28	-9.60	3.4	1.570	5.05	0.972	shower	11	11	93077	-9.12	-7.05	7.4	2.270	6.63	0.928	0.000	50.6	83.1	157.7	0	0
mcp1k	386948	receiver_type	16019-93077	5	11	11	16019	-11.28	-9.60	3.4	1.570	5.05	0.972	shower	11	11	93077	-7.05	-9.12	7.4	2.270	6.63	0.928	0.000	52.4	90.3	26.0	0	0
mcp1k	386948	receiver_type	16019-93078	5	11	11	16019	-11.28	-9.60	3.4	1.570	5.05	0.972	shower	11	11	93078	-9.12	-8.15	3.1	1.870	3.20	0.974	0.000	50.6	83.1	79.5	0	0
mcp1k	386948	receiver_type	16019-93078	5	11	11	16019	-11.28	-9.60	3.4	1.570	5.05	0.972	shower	11	11	93078	-8.15	-9.12	3.1	1.870	3.20	0.974	0.000	48.5	82.1	101.5	0	0
mcp1k	386948	receiver_type	16019-93079	5	11	11	16019	-11.28	-9.60	3.4	1.570	5.05	0.972	shower	11	11	93079	-7.05	-5.60	2.5	1.124	5.99	0.753	0.000	52.4	90.3	144.9	0	0
mcp1k	386948	receiver_type	16019-93079	5	11	11	16019	-11.28	-9.60	3.4	1.570	5.05	0.972	shower	11	11	93079	-5.60	-7.05	2.5	1.124	5.99	0.753	0.000	52.0	92.2	27.6	0	0
mcp1k	386948	receiver_type	16019-93080	5	11	11	16019	-11.28	-9.60	3.4	1.570	5.05	0.972	shower	11	11	93080	-5.60	-4.15	7.4	0.784	3.77	0.507	0.000	52.0	92.2	173.0	0	0
mcp1k	386948	receiver_type	16019-93080	5	11	11	16019	-11.28	-9.60	3.4	1.570	5.05	0.972	shower	11	11	93080	-4.15	-5.60	7.4	0.784	3.77	0.507	0.000	51.9	96.2	43.7	0	0
mcp1k	386948	receiver_type	16019-93081	5	11	11	16019	-11.28	-9.60	3.4	1.570	5.05	0.972	shower	11	11	93081	-5.60	-0.46	8.0	0.966	3.64	0.669	0.071	52.0	92.2	125.1	0	0
mcp1k	386948	receiver_type	16019-93081	5	11	11	16019	-11.28	-9.60	3.4	1.570	5.05	0.972	shower	11	11	93081	-0.46	-5.60	8.0	0.966	3.64	0.669	0.071	54.1	94.2	79.2	0	0
mcp1k	386948	receiver_type	16020-79047	5	11	11	16020	-9.56	-16.00	11.5	0.996	3.13	0.798	shower	11	11	79047	-0.84	-4.96	12.0	1.249	2.33	0.914	0.000	78.7	74.3	121.3	0	0
mcp1k	386948	receiver_type	16020-79047	5	11	11	16020	-9.56	-16.00	11.5	0.996	3.13	0.798	shower	11	11	79047	-4.96	-0.84	12.0	1.249	2.33	0.914	0.000	85.8	80.1	48.7	0	0
mcp1k	386948	receiver_type	16020-79048	5	11	11	16020	-9.56	-16.00	11.5	0.996	3.13	0.798	shower	11	13	79048	-4.96	-7.28	2.5	1.141	2.06	0.986	0.000	85.8	80.1	142.3	0	0
mcp1k	386948	receiver_type	16020-79048	5	11	11	16020	-9.56	-16.00	11.5	0.996	3.13	0.798	shower	11	13	79048	-7.28	-4.96	2.5	1.141	2.06	0.986	0.000	86.1	81.4	44.3	0	0
mcp1k	386948	receiver_type	16020-80050	5	11	11	16020	-9.56	-16.00	11.5	0.996	3.13	0.798	shower	11	11	80050	-1.38	-0.88	7.4	0.785	5.11	0.891	0.000	58.5	51.5	121.5	0	0
mcp1k	386948	receiver_type	16020-80050	5	11	11	16020	-9.56	-16.00	11.5	0.996	3.13	0.798	shower	11	11	80050	-0.88	-1.38	7.4	0.785	5.11	0.891	0.000	60.0	56.5	61.9	0	0
mcp1k	386948	receiver_type	16020-80051	5	11	11	16020	-9.56	-16.00	11.5	0.996	3.13	0.798	shower	11	11	80051	-0.88	-1.43	8.8	1.222	3.56	0.870	0.000	60.0	56.5	101.0	0	0
mcp1k	386948	receiver_type	16020-80051	5	11	11	16020	-9.56	-16.00	11.5	0.996	3.13	0.798	shower	11	11	80051	-1.43	-0.88	8.8	1.222	3.56	0.870	0.000	65.0	61.4	71.0	0	0
mcp1k	386948	receiver_type	16020-80052	5	11	11	16020	-9.56	-16.00	11.5	0.996	3.13	0.798	shower	11	11	80052	-0.88	-3.70	7.2	0.982	3.96	0.693	0.000	60.0	56.5	92.9	0	0
mcp1k	386948	receiver_type	16020-80052	5	11	11	16020	-9.56	-16.00	11.5	0.996	3.13	0.798	shower	11	11	80052	-3.70	-0.88	7.2	0.982	3.96	0.693	0.000	63.5	59.3	77.9	0	0
mcp1k	386948	receiver_type	16020-91068	5	11	11	16020	-9.56	-16.00	11.5	0.996	3.13	0.798	shower	11	11	91068	-9.82	-7.28	6.6	1.104	2.01	0.899	0.000	40.5	32.6	121.7	0	0
mcp1k	386948	receiver_type	16020-91068	5	11	11	16020	-9.56	-16.00	11.5	0.996	3.13	0.798	shower	11	11	91068	-7.28	-9.82	6.6	1.104	2.01	0.899	0.000	35.4	28.7	59.2	0	0
mcp1k	386948	receiver_type	16020-93074	5	11	11	16020	-9.56	-16.00	11.5	0.996	3.13	0.798	shower	11	11	93074	-7.05	-6.42	8.8	1.146	4.48	0.891	0.000	52.2	43.5	110.4	0	0
mcp1k	386948	receiver_type	16020-93074	5	11	11	16020	-9.56	-16.00	11.5	0.996	3.13	0.798	shower	11	11	93074	-6.42	-7.05	8.8	1.146	4.48	0.891	0.000	53.4	49.2	66.7	0	0
mcp1k	386948	receiver_type	16020-93076	5	11	11	16020	-9.56	-16.00	11.5	0.996	3.13	0.798	shower	11	2212	93076	-11.64	-9.12	10.0	2.279	7.32	0.950	0.000	50.5	38.0	94.9	0	0
mcp1k	386948	receiver_type	16020-93076	5	11	11	16020	-9.56	-16.00	11.5	0.996	3.13	0.798	shower	11	2212	93076	-9.12	-11.64	10.0	2.279	7.32	0.950	0.000	51.5	40.6	86.8	0	0
mcp1k	386948	receiver_type	16020-93077	5	11	11	16020	-9.56	-16.00	11.5	0.996	3.13	0.798	shower	11	11	93077	-9.12	-7.05	7.4	2.270	6.63	0.928	0.000	51.5	40.6	103.4	0	0
mcp1k	386948	receiver_type	16020-93077	5	11	11	16020	-9.56	-16.00	11.5	0.996	3.13	0.798	shower	11	11	93077	-7.05	-9.12	7.4	2.270	6.63	0.928	0.000	52.2	43.5	81.4	0	0
mcp1k	386948	receiver_type	16020-93078	5	11	11	16020	-9.56	-16.00	11.5	0.996	3.13	0.798	shower	11	11	93078	-9.12	-8.15	3.1	1.870	3.20	0.974	0.000	51.5	40.6	95.7	0	0
mcp1k	386948	receiver_type	16020-93078	5	11	11	16020	-9.56	-16.00	11.5	0.996	3.13	0.798	shower	11	11	93078	-8.15	-9.12	3.1	1.870	3.20	0.974	0.000	49.7	38.3	90.2	0	0
mcp1k	386948	receiver_type	16020-93079	5	11	11	16020	-9.56	-16.00	11.5	0.996	3.13	0.798	shower	11	11	93079	-7.05	-5.60	2.5	1.124	5.99	0.753	0.000	52.2	43.5	113.5	0	0
mcp1k	386948	receiver_type	16020-93079	5	11	11	16020	-9.56	-16.00	11.5	0.996	3.13	0.798	shower	11	11	93079	-5.60	-7.05	2.5	1.124	5.99	0.753	0.000	51.6	43.1	101.3	0	0
mcp1k	386948	receiver_type	16020-93080	5	11	11	16020	-9.56	-16.00	11.5	0.996	3.13	0.798	shower	11	11	93080	-5.60	-4.15	7.4	0.784	3.77	0.507	0.000	51.6	43.1	96.3	0	0
mcp1k	386948	receiver_type	16020-93080	5	11	11	16020	-9.56	-16.00	11.5	0.996	3.13	0.798	shower	11	11	93080	-4.15	-5.60	7.4	0.784	3.77	0.507	0.000	50.8	44.7	35.0	0	0
mcp1k	386948	receiver_type	16020-93081	5	11	11	16020	-9.56	-16.00	11.5	0.996	3.13	0.798	shower	11	11	93081	-5.60	-0.46	8.0	0.966	3.64	0.669	0.071	51.6	43.1	50.1	0	0
mcp1k	386948	receiver_type	16020-93081	5	11	11	16020	-9.56	-16.00	11.5	0.996	3.13	0.798	shower	11	11	93081	-0.46	-5.60	8.0	0.966	3.64	0.669	0.071	53.6	39.0	143.5	0	0
mcp1k	386948	receiver_type	16021-79047	5	11	11	16021	-9.56	-7.37	3.9	0.837	5.21	0.882	shower	11	11	79047	-0.84	-4.96	12.0	1.249	2.33	0.914	0.000	78.7	108.6	62.9	0	0
mcp1k	386948	receiver_type	16021-79047	5	11	11	16021	-9.56	-7.37	3.9	0.837	5.21	0.882	shower	11	11	79047	-4.96	-0.84	12.0	1.249	2.33	0.914	0.000	85.8	102.9	128.8	0	0
mcp1k	386948	receiver_type	16021-79048	5	11	11	16021	-9.56	-7.37	3.9	0.837	5.21	0.882	shower	11	13	79048	-4.96	-7.28	2.5	1.141	2.06	0.986	0.000	85.8	102.9	29.8	0	0
mcp1k	386948	receiver_type	16021-79048	5	11	11	16021	-9.56	-7.37	3.9	0.837	5.21	0.882	shower	11	13	79048	-7.28	-4.96	2.5	1.141	2.06	0.986	0.000	86.1	101.4	144.5	0	0
mcp1k	386948	receiver_type	16021-80050	5	11	11	16021	-9.56	-7.37	3.9	0.837	5.21	0.882	shower	11	11	80050	-1.38	-0.88	7.4	0.785	5.11	0.891	0.000	58.5	128.1	65.9	0	0
mcp1k	386948	receiver_type	16021-80050	5	11	11	16021	-9.56	-7.37	3.9	0.837	5.21	0.882	shower	11	11	80050	-0.88	-1.38	7.4	0.785	5.11	0.891	0.000	60.0	124.1	109.0	0	0
mcp1k	386948	receiver_type	16021-80051	5	11	11	16021	-9.56	-7.37	3.9	0.837	5.21	0.882	shower	11	11	80051	-0.88	-1.43	8.8	1.222	3.56	0.870	0.000	60.0	124.1	82.6	0	0
mcp1k	386948	receiver_type	16021-80051	5	11	11	16021	-9.56	-7.37	3.9	0.837	5.21	0.882	shower	11	11	80051	-1.43	-0.88	8.8	1.222	3.56	0.870	0.000	65.0	119.7	103.2	0	0
mcp1k	386948	receiver_type	16021-80052	5	11	11	16021	-9.56	-7.37	3.9	0.837	5.21	0.882	shower	11	11	80052	-0.88	-3.70	7.2	0.982	3.96	0.693	0.000	60.0	124.1	80.2	0	0
mcp1k	386948	receiver_type	16021-80052	5	11	11	16021	-9.56	-7.37	3.9	0.837	5.21	0.882	shower	11	11	80052	-3.70	-0.88	7.2	0.982	3.96	0.693	0.000	63.5	121.0	100.2	0	0
mcp1k	386948	receiver_type	16021-91068	5	11	11	16021	-9.56	-7.37	3.9	0.837	5.21	0.882	shower	11	11	91068	-9.82	-7.28	6.6	1.104	2.01	0.899	0.000	40.5	136.9	69.3	0	0
mcp1k	386948	receiver_type	16021-91068	5	11	11	16021	-9.56	-7.37	3.9	0.837	5.21	0.882	shower	11	11	91068	-7.28	-9.82	6.6	1.104	2.01	0.899	0.000	35.4	141.1	109.8	0	0
mcp1k	386948	receiver_type	16021-93074	5	11	11	16021	-9.56	-7.37	3.9	0.837	5.21	0.882	shower	11	11	93074	-7.05	-6.42	8.8	1.146	4.48	0.891	0.000	52.2	132.4	76.5	0	0
mcp1k	386948	receiver_type	16021-93074	5	11	11	16021	-9.56	-7.37	3.9	0.837	5.21	0.882	shower	11	11	93074	-6.42	-7.05	8.8	1.146	4.48	0.891	0.000	53.4	128.5	105.6	0	0
mcp1k	386948	receiver_type	16021-93076	5	11	11	16021	-9.56	-7.37	3.9	0.837	5.21	0.882	shower	11	2212	93076	-11.64	-9.12	10.0	2.279	7.32	0.950	0.000	50.5	133.8	92.0	0	0
mcp1k	386948	receiver_type	16021-93076	5	11	11	16021	-9.56	-7.37	3.9	0.837	5.21	0.882	shower	11	2212	93076	-9.12	-11.64	10.0	2.279	7.32	0.950	0.000	51.5	133.5	85.7	0	0
mcp1k	386948	receiver_type	16021-93077	5	11	11	16021	-9.56	-7.37	3.9	0.837	5.21	0.882	shower	11	11	93077	-9.12	-7.05	7.4	2.270	6.63	0.928	0.000	51.5	133.5	85.1	0	0
mcp1k	386948	receiver_type	16021-93077	5	11	11	16021	-9.56	-7.37	3.9	0.837	5.21	0.882	shower	11	11	93077	-7.05	-9.12	7.4	2.270	6.63	0.928	0.000	52.2	132.4	90.5	0	0
mcp1k	386948	receiver_type	16021-93078	5	11	11	16021	-9.56	-7.37	3.9	0.837	5.21	0.882	shower	11	11	93078	-9.12	-8.15	3.1	1.870	3.20	0.974	0.000	51.5	133.5	85.4	0	0
mcp1k	386948	receiver_type	16021-93078	5	11	11	16021	-9.56	-7.37	3.9	0.837	5.21	0.882	shower	11	11	93078	-8.15	-9.12	3.1	1.870	3.20	0.974	0.000	49.7	135.5	88.7	0	0
mcp1k	386948	receiver_type	16021-93079	5	11	11	16021	-9.56	-7.37	3.9	0.837	5.21	0.882	shower	11	11	93079	-7.05	-5.60	2.5	1.124	5.99	0.753	0.000	52.2	132.4	77.0	0	0
mcp1k	386948	receiver_type	16021-93079	5	11	11	16021	-9.56	-7.37	3.9	0.837	5.21	0.882	shower	11	11	93079	-5.60	-7.05	2.5	1.124	5.99	0.753	0.000	51.6	133.3	67.7	0	0
mcp1k	386948	receiver_type	16021-93080	5	11	11	16021	-9.56	-7.37	3.9	0.837	5.21	0.882	shower	11	11	93080	-5.60	-4.15	7.4	0.784	3.77	0.507	0.000	51.6	133.3	94.4	0	0
mcp1k	386948	receiver_type	16021-93080	5	11	11	16021	-9.56	-7.37	3.9	0.837	5.21	0.882	shower	11	11	93080	-4.15	-5.60	7.4	0.784	3.77	0.507	0.000	50.8	132.7	135.4	0	0
mcp1k	386948	receiver_type	16021-93081	5	11	11	16021	-9.56	-7.37	3.9	0.837	5.21	0.882	shower	11	11	93081	-5.60	-0.46	8.0	0.966	3.64	0.669	0.071	51.6	133.3	140.9	0	0
mcp1k	386948	receiver_type	16021-93081	5	11	11	16021	-9.56	-7.37	3.9	0.837	5.21	0.882	shower	11	11	93081	-0.46	-5.60	8.0	0.966	3.64	0.669	0.071	53.6	138.2	27.8	0	0
mcp1k	386948	receiver_type	16021-79047	5	11	11	16021	-7.37	-9.56	3.9	0.837	5.21	0.882	shower	11	11	79047	-0.84	-4.96	12.0	1.249	2.33	0.914	0.000	78.1	87.5	131.6	0	0
mcp1k	386948	receiver_type	16021-79047	5	11	11	16021	-7.37	-9.56	3.9	0.837	5.21	0.882	shower	11	11	79047	-4.96	-0.84	12.0	1.249	2.33	0.914	0.000	85.6	93.1	37.5	0	0
mcp1k	386948	receiver_type	16021-79048	5	11	11	16021	-7.37	-9.56	3.9	0.837	5.21	0.882	shower	11	13	79048	-4.96	-7.28	2.5	1.141	2.06	0.986	0.000	85.6	93.1	149.7	0	0
mcp1k	386948	receiver_type	16021-79048	5	11	11	16021	-7.37	-9.56	3.9	0.837	5.21	0.882	shower	11	13	79048	-7.28	-4.96	2.5	1.141	2.06	0.986	0.000	85.9	94.4	37.7	0	0
mcp1k	386948	receiver_type	16021-80050	5	11	11	16021	-7.37	-9.56	3.9	0.837	5.21	0.882	shower	11	11	80050	-1.38	-0.88	7.4	0.785	5.11	0.891	0.000	56.7	66.0	129.0	0	0
mcp1k	386948	receiver_type	16021-80050	5	11	11	16021	-7.37	-9.56	3.9	0.837	5.21	0.882	shower	11	11	80050	-0.88	-1.38	7.4	0.785	5.11	0.891	0.000	58.4	70.8	56.7	0	0
mcp1k	386948	receiver_type	16021-80051	5	11	11	16021	-7.37	-9.56	3.9	0.837	5.21	0.882	shower	11	11	80051	-0.88	-1.43	8.8	1.222	3.56	0.870	0.000	58.4	70.8	111.5	0	0
mcp1k	386948	receiver_type	16021-80051	5	11	11	16021	-7.37	-9.56	3.9	0.837	5.21	0.882	shower	11	11	80051	-1.43	-0.88	8.8	1.222	3.56	0.870	0.000	63.8	75.5	61.9	0	0
mcp1k	386948	receiver_type	16021-80052	5	11	11	16021	-7.37	-9.56	3.9	0.837	5.21	0.882	shower	11	11	80052	-0.88	-3.70	7.2	0.982	3.96	0.693	0.000	58.4	70.8	102.8	0	0
mcp1k	386948	receiver_type	16021-80052	5	11	11	16021	-7.37	-9.56	3.9	0.837	5.21	0.882	shower	11	11	80052	-3.70	-0.88	7.2	0.982	3.96	0.693	0.000	62.1	73.6	66.7	0	0
mcp1k	386948	receiver_type	16021-91068	5	11	11	16021	-7.37	-9.56	3.9	0.837	5.21	0.882	shower	11	11	91068	-9.82	-7.28	6.6	1.104	2.01	0.899	0.000	38.0	42.6	118.0	0	0
mcp1k	386948	receiver_type	16021-91068	5	11	11	16021	-7.37	-9.56	3.9	0.837	5.21	0.882	shower	11	11	91068	-7.28	-9.82	6.6	1.104	2.01	0.899	0.000	32.7	39.7	62.1	0	0
mcp1k	386948	receiver_type	16021-93074	5	11	11	16021	-7.37	-9.56	3.9	0.837	5.21	0.882	shower	11	11	93074	-7.05	-6.42	8.8	1.146	4.48	0.891	0.000	50.1	58.1	118.5	0	0
mcp1k	386948	receiver_type	16021-93074	5	11	11	16021	-7.37	-9.56	3.9	0.837	5.21	0.882	shower	11	11	93074	-6.42	-7.05	8.8	1.146	4.48	0.891	0.000	51.6	64.0	59.5	0	0
mcp1k	386948	receiver_type	16021-93076	5	11	11	16021	-7.37	-9.56	3.9	0.837	5.21	0.882	shower	11	2212	93076	-11.64	-9.12	10.0	2.279	7.32	0.950	0.000	48.2	50.8	103.1	0	0
mcp1k	386948	receiver_type	16021-93076	5	11	11	16021	-7.37	-9.56	3.9	0.837	5.21	0.882	shower	11	2212	93076	-9.12	-11.64	10.0	2.279	7.32	0.950	0.000	49.4	54.7	79.3	0	0
mcp1k	386948	receiver_type	16021-93077	5	11	11	16021	-7.37	-9.56	3.9	0.837	5.21	0.882	shower	11	11	93077	-9.12	-7.05	7.4	2.270	6.63	0.928	0.000	49.4	54.7	109.6	0	0
mcp1k	386948	receiver_type	16021-93077	5	11	11	16021	-7.37	-9.56	3.9	0.837	5.21	0.882	shower	11	11	93077	-7.05	-9.12	7.4	2.270	6.63	0.928	0.000	50.1	58.1	74.6	0	0
mcp1k	386948	receiver_type	16021-93078	5	11	11	16021	-7.37	-9.56	3.9	0.837	5.21	0.882	shower	11	11	93078	-9.12	-8.15	3.1	1.870	3.20	0.974	0.000	49.4	54.7	84.0	0	0
mcp1k	386948	receiver_type	16021-93078	5	11	11	16021	-7.37	-9.56	3.9	0.837	5.21	0.882	shower	11	11	93078	-8.15	-9.12	3.1	1.870	3.20	0.974	0.000	47.4	52.3	101.9	0	0
mcp1k	386948	receiver_type	16021-93079	5	11	11	16021	-7.37	-9.56	3.9	0.837	5.21	0.882	shower	11	11	93079	-7.05	-5.60	2.5	1.124	5.99	0.753	0.000	50.1	58.1	108.2	0	0
mcp1k	386948	receiver_type	16021-93079	5	11	11	16021	-7.37	-9.56	3.9	0.837	5.21	0.882	shower	11	11	93079	-5.60	-7.05	2.5	1.124	5.99	0.753	0.000	49.5	57.8	101.6	0	0
mcp1k	386948	receiver_type	16021-93080	5	11	11	16021	-7.37	-9.56	3.9	0.837	5.21	0.882	shower	11	11	93080	-5.60	-4.15	7.4	0.784	3.77	0.507	0.000	49.5	57.8	97.9	0	0
mcp1k	386948	receiver_type	16021-93080	5	11	11	16021	-7.37	-9.56	3.9	0.837	5.21	0.882	shower	11	11	93080	-4.15	-5.60	7.4	0.784	3.77	0.507	0.000	48.8	59.5	31.5	0	0
mcp1k	386948	receiver_type	16021-93081	5	11	11	16021	-7.37	-9.56	3.9	0.837	5.21	0.882	shower	11	11	93081	-5.60	-0.46	8.0	0.966	3.64	0.669	0.071	49.5	57.8	50.0	0	0
mcp1k	386948	receiver_type	16021-93081	5	11	11	16021	-7.37	-9.56	3.9	0.837	5.21	0.882	shower	11	11	93081	-0.46	-5.60	8.0	0.966	3.64	0.669	0.071	51.3	53.4	149.9	0	0
mcp1k	386948	receiver_type	16022-79047	5	11	11	16022	-9.56	-10.03	9.1	2.334	10.94	0.856	shower	11	11	79047	-0.84	-4.96	12.0	1.249	2.33	0.914	0.000	78.7	155.4	116.5	0	0
mcp1k	386948	receiver_type	16022-79047	5	11	11	16022	-9.56	-10.03	9.1	2.334	10.94	0.856	shower	11	11	79047	-4.96	-0.84	12.0	1.249	2.33	0.914	0.000	85.8	152.1	70.1	0	0
mcp1k	386948	receiver_type	16022-79048	5	11	11	16022	-9.56	-10.03	9.1	2.334	10.94	0.856	shower	11	13	79048	-4.96	-7.28	2.5	1.141	2.06	0.986	0.000	85.8	152.1	91.3	0	0
mcp1k	386948	receiver_type	16022-79048	5	11	11	16022	-9.56	-10.03	9.1	2.334	10.94	0.856	shower	11	13	79048	-7.28	-4.96	2.5	1.141	2.06	0.986	0.000	86.1	152.0	86.1	0	0
mcp1k	386948	receiver_type	16022-80050	5	11	11	16022	-9.56	-10.03	9.1	2.334	10.94	0.856	shower	11	11	80050	-1.38	-0.88	7.4	0.785	5.11	0.891	0.000	58.5	166.6	106.2	0	0
mcp1k	386948	receiver_type	16022-80050	5	11	11	16022	-9.56	-10.03	9.1	2.334	10.94	0.856	shower	11	11	80050	-0.88	-1.38	7.4	0.785	5.11	0.891	0.000	60.0	166.8	80.0	0	0
mcp1k	386948	receiver_type	16022-80051	5	11	11	16022	-9.56	-10.03	9.1	2.334	10.94	0.856	shower	11	11	80051	-0.88	-1.43	8.8	1.222	3.56	0.870	0.000	60.0	166.8	134.7	0	0
mcp1k	386948	receiver_type	16022-80051	5	11	11	16022	-9.56	-10.03	9.1	2.334	10.94	0.856	shower	11	11	80051	-1.43	-0.88	8.8	1.222	3.56	0.870	0.000	65.0	166.1	58.2	0	0
mcp1k	386948	receiver_type	16022-80052	5	11	11	16022	-9.56	-10.03	9.1	2.334	10.94	0.856	shower	11	11	80052	-0.88	-3.70	7.2	0.982	3.96	0.693	0.000	60.0	166.8	136.6	0	0
mcp1k	386948	receiver_type	16022-80052	5	11	11	16022	-9.56	-10.03	9.1	2.334	10.94	0.856	shower	11	11	80052	-3.70	-0.88	7.2	0.982	3.96	0.693	0.000	63.5	169.5	42.0	0	0
mcp1k	386948	receiver_type	16022-91068	5	11	11	16022	-9.56	-10.03	9.1	2.334	10.94	0.856	shower	11	11	91068	-9.82	-7.28	6.6	1.104	2.01	0.899	0.000	40.5	127.5	64.3	0	0
mcp1k	386948	receiver_type	16022-91068	5	11	11	16022	-9.56	-10.03	9.1	2.334	10.94	0.856	shower	11	11	91068	-7.28	-9.82	6.6	1.104	2.01	0.899	0.000	35.4	128.9	112.4	0	0
mcp1k	386948	receiver_type	16022-93074	5	11	11	16022	-9.56	-10.03	9.1	2.334	10.94	0.856	shower	11	11	93074	-7.05	-6.42	8.8	1.146	4.48	0.891	0.000	52.2	159.4	116.2	0	0
mcp1k	386948	receiver_type	16022-93074	5	11	11	16022	-9.56	-10.03	9.1	2.334	10.94	0.856	shower	11	11	93074	-6.42	-7.05	8.8	1.146	4.48	0.891	0.000	53.4	166.5	69.7	0	0
mcp1k	386948	receiver_type	16022-93076	5	11	11	16022	-9.56	-10.03	9.1	2.334	10.94	0.856	shower	11	2212	93076	-11.64	-9.12	10.0	2.279	7.32	0.950	0.000	50.5	143.2	126.2	0	0
mcp1k	386948	receiver_type	16022-93076	5	11	11	16022	-9.56	-10.03	9.1	2.334	10.94	0.856	shower	11	2212	93076	-9.12	-11.64	10.0	2.279	7.32	0.950	0.000	51.5	153.0	56.2	0	0
mcp1k	386948	receiver_type	16022-93077	5	11	11	16022	-9.56	-10.03	9.1	2.334	10.94	0.856	shower	11	11	93077	-9.12	-7.05	7.4	2.270	6.63	0.928	0.000	51.5	153.0	111.9	0	0
mcp1k	386948	receiver_type	16022-93077	5	11	11	16022	-9.56	-10.03	9.1	2.334	10.94	0.856	shower	11	11	93077	-7.05	-9.12	7.4	2.270	6.63	0.928	0.000	52.2	159.4	62.7	0	0
mcp1k	386948	receiver_type	16022-93078	5	11	11	16022	-9.56	-10.03	9.1	2.334	10.94	0.856	shower	11	11	93078	-9.12	-8.15	3.1	1.870	3.20	0.974	0.000	51.5	153.0	21.7	0	0
mcp1k	386948	receiver_type	16022-93078	5	11	11	16022	-9.56	-10.03	9.1	2.334	10.94	0.856	shower	11	11	93078	-8.15	-9.12	3.1	1.870	3.20	0.974	0.000	49.7	150.4	152.4	0	0
mcp1k	386948	receiver_type	16022-93079	5	11	11	16022	-9.56	-10.03	9.1	2.334	10.94	0.856	shower	11	11	93079	-7.05	-5.60	2.5	1.124	5.99	0.753	0.000	52.2	159.4	58.5	0	0
mcp1k	386948	receiver_type	16022-93079	5	11	11	16022	-9.56	-10.03	9.1	2.334	10.94	0.856	shower	11	11	93079	-5.60	-7.05	2.5	1.124	5.99	0.753	0.000	51.6	159.7	86.9	0	0
mcp1k	386948	receiver_type	16022-93080	5	11	11	16022	-9.56	-10.03	9.1	2.334	10.94	0.856	shower	11	11	93080	-5.60	-4.15	7.4	0.784	3.77	0.507	0.000	51.6	159.7	95.2	0	0
mcp1k	386948	receiver_type	16022-93080	5	11	11	16022	-9.56	-10.03	9.1	2.334	10.94	0.856	shower	11	11	93080	-4.15	-5.60	7.4	0.784	3.77	0.507	0.000	50.8	162.0	98.7	0	0
mcp1k	386948	receiver_type	16022-93081	5	11	11	16022	-9.56	-10.03	9.1	2.334	10.94	0.856	shower	11	11	93081	-5.60	-0.46	8.0	0.966	3.64	0.669	0.071	51.6	159.7	103.6	0	0
mcp1k	386948	receiver_type	16022-93081	5	11	11	16022	-9.56	-10.03	9.1	2.334	10.94	0.856	shower	11	11	93081	-0.46	-5.60	8.0	0.966	3.64	0.669	0.071	53.6	156.3	88.1	0	0
mcp1k	386948	receiver_type	16022-79047	5	11	11	16022	-10.03	-9.56	9.1	2.334	10.94	0.856	shower	11	11	79047	-0.84	-4.96	12.0	1.249	2.33	0.914	0.000	72.6	52.7	89.4	0	0
mcp1k	386948	receiver_type	16022-79047	5	11	11	16022	-10.03	-9.56	9.1	2.334	10.94	0.856	shower	11	11	79047	-4.96	-0.84	12.0	1.249	2.33	0.914	0.000	80.1	57.0	85.5	0	0
mcp1k	386948	receiver_type	16022-79048	5	11	11	16022	-10.03	-9.56	9.1	2.334	10.94	0.856	shower	11	13	79048	-4.96	-7.28	2.5	1.141	2.06	0.986	0.000	80.1	57.0	101.2	0	0
mcp1k	386948	receiver_type	16022-79048	5	11	11	16022	-10.03	-9.56	9.1	2.334	10.94	0.856	shower	11	13	79048	-7.28	-4.96	2.5	1.141	2.06	0.986	0.000	80.4	57.4	84.0	0	0
mcp1k	386948	receiver_type	16022-80050	5	11	11	16022	-10.03	-9.56	9.1	2.334	10.94	0.856	shower	11	11	80050	-1.38	-0.88	7.4	0.785	5.11	0.891	0.000	51.0	26.3	100.1	0	0
mcp1k	386948	receiver_type	16022-80050	5	11	11	16022	-10.03	-9.56	9.1	2.334	10.94	0.856	shower	11	11	80050	-0.88	-1.38	7.4	0.785	5.11	0.891	0.000	52.7	32.9	74.6	0	0
mcp1k	386948	receiver_type	16022-80051	5	11	11	16022	-10.03	-9.56	9.1	2.334	10.94	0.856	shower	11	11	80051	-0.88	-1.43	8.8	1.222	3.56	0.870	0.000	52.7	32.9	71.6	0	0
mcp1k	386948	receiver_type	16022-80051	5	11	11	16022	-10.03	-9.56	9.1	2.334	10.94	0.856	shower	11	11	80051	-1.43	-0.88	8.8	1.222	3.56	0.870	0.000	58.0	37.7	95.5	0	0
mcp1k	386948	receiver_type	16022-80052	5	11	11	16022	-10.03	-9.56	9.1	2.334	10.94	0.856	shower	11	11	80052	-0.88	-3.70	7.2	0.982	3.96	0.693	0.000	52.7	32.9	50.8	0	0
mcp1k	386948	receiver_type	16022-80052	5	11	11	16022	-10.03	-9.56	9.1	2.334	10.94	0.856	shower	11	11	80052	-3.70	-0.88	7.2	0.982	3.96	0.693	0.000	56.2	33.1	112.1	0	0
mcp1k	386948	receiver_type	16022-91068	5	11	11	16022	-10.03	-9.56	9.1	2.334	10.94	0.856	shower	11	11	91068	-9.82	-7.28	6.6	1.104	2.01	0.899	0.000	34.9	34.3	137.2	0	0
mcp1k	386948	receiver_type	16022-91068	5	11	11	16022	-10.03	-9.56	9.1	2.334	10.94	0.856	shower	11	11	91068	-7.28	-9.82	6.6	1.104	2.01	0.899	0.000	29.6	34.1	45.9	0	0
mcp1k	386948	receiver_type	16022-93074	5	11	11	16022	-10.03	-9.56	9.1	2.334	10.94	0.856	shower	11	11	93074	-7.05	-6.42	8.8	1.146	4.48	0.891	0.000	44.5	8.5	89.8	0	0
mcp1k	386948	receiver_type	16022-93074	5	11	11	16022	-10.03	-9.56	9.1	2.334	10.94	0.856	shower	11	11	93074	-6.42	-7.05	8.8	1.146	4.48	0.891	0.000	45.7	17.3	84.5	0	0
mcp1k	386948	receiver_type	16022-93076	5	11	11	16022	-10.03	-9.56	9.1	2.334	10.94	0.856	shower	11	2212	93076	-11.64	-9.12	10.0	2.279	7.32	0.950	0.000	43.5	14.5	78.3	0	0
mcp1k	386948	receiver_type	16022-93076	5	11	11	16022	-10.03	-9.56	9.1	2.334	10.94	0.856	shower	11	2212	93076	-9.12	-11.64	10.0	2.279	7.32	0.950	0.000	44.0	4.2	100.2	0	0
mcp1k	386948	receiver_type	16022-93077	5	11	11	16022	-10.03	-9.56	9.1	2.334	10.94	0.856	shower	11	11	93077	-9.12	-7.05	7.4	2.270	6.63	0.928	0.000	44.0	4.2	92.2	0	0
mcp1k	386948	receiver_type	16022-93077	5	11	11	16022	-10.03	-9.56	9.1	2.334	10.94	0.856	shower	11	11	93077	-7.05	-9.12	7.4	2.270	6.63	0.928	0.000	44.5	8.5	93.5	0	0
mcp1k	386948	receiver_type	16022-93078	5	11	11	16022	-10.03	-9.56	9.1	2.334	10.94	0.856	shower	11	11	93078	-9.12	-8.15	3.1	1.870	3.20	0.974	0.000	44.0	4.2	133.9	0	0
mcp1k	386948	receiver_type	16022-93078	5	11	11	16022	-10.03	-9.56	9.1	2.334	10.94	0.856	shower	11	11	93078	-8.15	-9.12	3.1	1.870	3.20	0.974	0.000	42.3	7.2	51.5	0	0
mcp1k	386948	receiver_type	16022-93079	5	11	11	16022	-10.03	-9.56	9.1	2.334	10.94	0.856	shower	11	11	93079	-7.05	-5.60	2.5	1.124	5.99	0.753	0.000	44.5	8.5	138.4	0	0
mcp1k	386948	receiver_type	16022-93079	5	11	11	16022	-10.03	-9.56	9.1	2.334	10.94	0.856	shower	11	11	93079	-5.60	-7.05	2.5	1.124	5.99	0.753	0.000	43.9	10.8	82.2	0	0
mcp1k	386948	receiver_type	16022-93080	5	11	11	16022	-10.03	-9.56	9.1	2.334	10.94	0.856	shower	11	11	93080	-5.60	-4.15	7.4	0.784	3.77	0.507	0.000	43.9	10.8	103.6	0	0
mcp1k	386948	receiver_type	16022-93080	5	11	11	16022	-10.03	-9.56	9.1	2.334	10.94	0.856	shower	11	11	93080	-4.15	-5.60	7.4	0.784	3.77	0.507	0.000	43.2	15.4	55.0	0	0
mcp1k	386948	receiver_type	16022-93081	5	11	11	16022	-10.03	-9.56	9.1	2.334	10.94	0.856	shower	11	11	93081	-5.60	-0.46	8.0	0.966	3.64	0.669	0.071	43.9	10.8	76.7	0	0
mcp1k	386948	receiver_type	16022-93081	5	11	11	16022	-10.03	-9.56	9.1	2.334	10.94	0.856	shower	11	11	93081	-0.46	-5.60	8.0	0.966	3.64	0.669	0.071	46.1	15.5	103.4	0	0
mcp1k	386948	receiver_type	16023-79047	5	11	11	16023	-10.03	-13.02	24.8	1.548	7.02	0.919	shower	11	11	79047	-0.84	-4.96	12.0	1.249	2.33	0.914	0.000	72.6	87.5	52.6	0	0
mcp1k	386948	receiver_type	16023-79047	5	11	11	16023	-10.03	-13.02	24.8	1.548	7.02	0.919	shower	11	11	79047	-4.96	-0.84	12.0	1.249	2.33	0.914	0.000	80.1	82.8	128.4	0	0
mcp1k	386948	receiver_type	16023-79048	5	11	11	16023	-10.03	-13.02	24.8	1.548	7.02	0.919	shower	11	13	79048	-4.96	-7.28	2.5	1.141	2.06	0.986	0.000	80.1	82.8	69.1	0	0
mcp1k	386948	receiver_type	16023-79048	5	11	11	16023	-10.03	-13.02	24.8	1.548	7.02	0.919	shower	11	13	79048	-7.28	-4.96	2.5	1.141	2.06	0.986	0.000	80.4	82.3	103.5	0	0
mcp1k	386948	receiver_type	16023-80050	5	11	11	16023	-10.03	-13.02	24.8	1.548	7.02	0.919	shower	11	11	80050	-1.38	-0.88	7.4	0.785	5.11	0.891	0.000	51.0	115.2	39.8	0	0
mcp1k	386948	receiver_type	16023-80050	5	11	11	16023	-10.03	-13.02	24.8	1.548	7.02	0.919	shower	11	11	80050	-0.88	-1.38	7.4	0.785	5.11	0.891	0.000	52.7	108.2	145.1	0	0
mcp1k	386948	receiver_type	16023-80051	5	11	11	16023	-10.03	-13.02	24.8	1.548	7.02	0.919	shower	11	11	80051	-0.88	-1.43	8.8	1.222	3.56	0.870	0.000	52.7	108.2	68.4	0	0
mcp1k	386948	receiver_type	16023-80051	5	11	11	16023	-10.03	-13.02	24.8	1.548	7.02	0.919	shower	11	11	80051	-1.43	-0.88	8.8	1.222	3.56	0.870	0.000	58.0	102.9	124.7	0	0
mcp1k	386948	receiver_type	16023-80052	5	11	11	16023	-10.03	-13.02	24.8	1.548	7.02	0.919	shower	11	11	80052	-0.88	-3.70	7.2	0.982	3.96	0.693	0.000	52.7	108.2	108.0	0	0
mcp1k	386948	receiver_type	16023-80052	5	11	11	16023	-10.03	-13.02	24.8	1.548	7.02	0.919	shower	11	11	80052	-3.70	-0.88	7.2	0.982	3.96	0.693	0.000	56.2	107.2	106.5	0	0
mcp1k	386948	receiver_type	16023-91068	5	11	11	16023	-10.03	-13.02	24.8	1.548	7.02	0.919	shower	11	11	91068	-9.82	-7.28	6.6	1.104	2.01	0.899	0.000	34.9	173.2	22.9	0	0
mcp1k	386948	receiver_type	16023-91068	5	11	11	16023	-10.03	-13.02	24.8	1.548	7.02	0.919	shower	11	11	91068	-7.28	-9.82	6.6	1.104	2.01	0.899	0.000	29.6	169.4	157.1	0	0
mcp1k	386948	receiver_type	16023-93074	5	11	11	16023	-10.03	-13.02	24.8	1.548	7.02	0.919	shower	11	11	93074	-7.05	-6.42	8.8	1.146	4.48	0.891	0.000	44.5	133.3	50.0	0	0
mcp1k	386948	receiver_type	16023-93074	5	11	11	16023	-10.03	-13.02	24.8	1.548	7.02	0.919	shower	11	11	93074	-6.42	-7.05	8.8	1.146	4.48	0.891	0.000	45.7	123.4	135.6	0	0
mcp1k	386948	receiver_type	16023-93076	5	11	11	16023	-10.03	-13.02	24.8	1.548	7.02	0.919	shower	11	2212	93076	-11.64	-9.12	10.0	2.279	7.32	0.950	0.000	43.5	154.3	62.4	0	0
mcp1k	386948	receiver_type	16023-93076	5	11	11	16023	-10.03	-13.02	24.8	1.548	7.02	0.919	shower	11	2212	93076	-9.12	-11.64	10.0	2.279	7.32	0.950	0.000	44.0	142.1	118.2	0	0
mcp1k	386948	receiver_type	16023-93077	5	11	11	16023	-10.03	-13.02	24.8	1.548	7.02	0.919	shower	11	11	93077	-9.12	-7.05	7.4	2.270	6.63	0.928	0.000	44.0	142.1	49.3	0	0
mcp1k	386948	receiver_type	16023-93077	5	11	11	16023	-10.03	-13.02	24.8	1.548	7.02	0.919	shower	11	11	93077	-7.05	-9.12	7.4	2.270	6.63	0.928	0.000	44.5	133.3	124.9	0	0
mcp1k	386948	receiver_type	16023-93078	5	11	11	16023	-10.03	-13.02	24.8	1.548	7.02	0.919	shower	11	11	93078	-9.12	-8.15	3.1	1.870	3.20	0.974	0.000	44.0	142.1	84.2	0	0
mcp1k	386948	receiver_type	16023-93078	5	11	11	16023	-10.03	-13.02	24.8	1.548	7.02	0.919	shower	11	11	93078	-8.15	-9.12	3.1	1.870	3.20	0.974	0.000	42.3	144.8	91.3	0	0
mcp1k	386948	receiver_type	16023-93079	5	11	11	16023	-10.03	-13.02	24.8	1.548	7.02	0.919	shower	11	11	93079	-7.05	-5.60	2.5	1.124	5.99	0.753	0.000	44.5	133.3	33.5	0	0
mcp1k	386948	receiver_type	16023-93079	5	11	11	16023	-10.03	-13.02	24.8	1.548	7.02	0.919	shower	11	11	93079	-5.60	-7.05	2.5	1.124	5.99	0.753	0.000	43.9	131.8	115.7	0	0
mcp1k	386948	receiver_type	16023-93080	5	11	11	16023	-10.03	-13.02	24.8	1.548	7.02	0.919	shower	11	11	93080	-5.60	-4.15	7.4	0.784	3.77	0.507	0.000	43.9	131.8	47.8	0	0
mcp1k	386948	receiver_type	16023-93080	5	11	11	16023	-10.03	-13.02	24.8	1.548	7.02	0.919	shower	11	11	93080	-4.15	-5.60	7.4	0.784	3.77	0.507	0.000	43.2	127.1	162.6	0	0
mcp1k	386948	receiver_type	16023-93081	5	11	11	16023	-10.03	-13.02	24.8	1.548	7.02	0.919	shower	11	11	93081	-5.60	-0.46	8.0	0.966	3.64	0.669	0.071	43.9	131.8	92.9	0	0
mcp1k	386948	receiver_type	16023-93081	5	11	11	16023	-10.03	-13.02	24.8	1.548	7.02	0.919	shower	11	11	93081	-0.46	-5.60	8.0	0.966	3.64	0.669	0.071	46.1	131.3	69.3	0	0
mcp1k	386948	receiver_type	16024-79047	5	11	11	16024	-7.37	-9.60	8.4	2.300	7.42	0.599	shower	11	11	79047	-0.84	-4.96	12.0	1.249	2.33	0.914	0.000	78.1	17.2	57.3	0	0
mcp1k	386948	receiver_type	16024-79047	5	11	11	16024	-7.37	-9.60	8.4	2.300	7.42	0.599	shower	11	11	79047	-4.96	-0.84	12.0	1.249	2.33	0.914	0.000	85.6	21.6	110.8	0	0
mcp1k	386948	receiver_type	16024-79048	5	11	11	16024	-7.37	-9.60	8.4	2.300	7.42	0.599	shower	11	13	79048	-4.96	-7.28	2.5	1.141	2.06	0.986	0.000	85.6	21.6	104.4	0	0
mcp1k	386948	receiver_type	16024-79048	5	11	11	16024	-7.37	-9.60	8.4	2.300	7.42	0.599	shower	11	13	79048	-7.28	-4.96	2.5	1.141	2.06	0.986	0.000	85.9	23.3	74.6	0	0
mcp1k	386948	receiver_type	16024-80050	5	11	11	16024	-7.37	-9.60	8.4	2.300	7.42	0.599	shower	11	11	80050	-1.38	-0.88	7.4	0.785	5.11	0.891	0.000	56.7	26.0	57.5	0	0
mcp1k	386948	receiver_type	16024-80050	5	11	11	16024	-7.37	-9.60	8.4	2.300	7.42	0.599	shower	11	11	80050	-0.88	-1.38	7.4	0.785	5.11	0.891	0.000	58.4	21.1	122.0	0	0
mcp1k	386948	receiver_type	16024-80051	5	11	11	16024	-7.37	-9.60	8.4	2.300	7.42	0.599	shower	11	11	80051	-0.88	-1.43	8.8	1.222	3.56	0.870	0.000	58.4	21.1	37.8	0	0
mcp1k	386948	receiver_type	16024-80051	5	11	11	16024	-7.37	-9.60	8.4	2.300	7.42	0.599	shower	11	11	80051	-1.43	-0.88	8.8	1.222	3.56	0.870	0.000	63.8	18.9	135.9	0	0
mcp1k	386948	receiver_type	16024-80052	5	11	11	16024	-7.37	-9.60	8.4	2.300	7.42	0.599	shower	11	11	80052	-0.88	-3.70	7.2	0.982	3.96	0.693	0.000	58.4	21.1	71.9	0	0
mcp1k	386948	receiver_type	16024-80052	5	11	11	16024	-7.37	-9.60	8.4	2.300	7.42	0.599	shower	11	11	80052	-3.70	-0.88	7.2	0.982	3.96	0.693	0.000	62.1	22.7	137.4	0	0
mcp1k	386948	receiver_type	16024-91068	5	11	11	16024	-7.37	-9.60	8.4	2.300	7.42	0.599	shower	11	11	91068	-9.82	-7.28	6.6	1.104	2.01	0.899	0.000	38.0	74.4	86.7	0	0
mcp1k	386948	receiver_type	16024-91068	5	11	11	16024	-7.37	-9.60	8.4	2.300	7.42	0.599	shower	11	11	91068	-7.28	-9.82	6.6	1.104	2.01	0.899	0.000	32.7	70.9	96.5	0	0
mcp1k	386948	receiver_type	16024-93074	5	11	11	16024	-7.37	-9.60	8.4	2.300	7.42	0.599	shower	11	11	93074	-7.05	-6.42	8.8	1.146	4.48	0.891	0.000	50.1	41.8	46.1	0	0
mcp1k	386948	receiver_type	16024-93074	5	11	11	16024	-7.37	-9.60	8.4	2.300	7.42	0.599	shower	11	11	93074	-6.42	-7.05	8.8	1.146	4.48	0.891	0.000	51.6	34.3	129.8	0	0
mcp1k	386948	receiver_type	16024-93076	5	11	11	16024	-7.37	-9.60	8.4	2.300	7.42	0.599	shower	11	2212	93076	-11.64	-9.12	10.0	2.279	7.32	0.950	0.000	48.2	60.3	31.1	0	0
mcp1k	386948	receiver_type	16024-93076	5	11	11	16024	-7.37	-9.60	8.4	2.300	7.42	0.599	shower	11	2212	93076	-9.12	-11.64	10.0	2.279	7.32	0.950	0.000	49.4	49.5	149.1	0	0
mcp1k	386948	receiver_type	16024-93077	5	11	11	16024	-7.37	-9.60	8.4	2.300	7.42	0.599	shower	11	11	93077	-9.12	-7.05	7.4	2.270	6.63	0.928	0.000	49.4	49.5	43.2	0	0
mcp1k	386948	receiver_type	16024-93077	5	11	11	16024	-7.37	-9.60	8.4	2.300	7.42	0.599	shower	11	11	93077	-7.05	-9.12	7.4	2.270	6.63	0.928	0.000	50.1	41.8	142.5	0	0
mcp1k	386948	receiver_type	16024-93078	5	11	11	16024	-7.37	-9.60	8.4	2.300	7.42	0.599	shower	11	11	93078	-9.12	-8.15	3.1	1.870	3.20	0.974	0.000	49.4	49.5	141.3	0	0
mcp1k	386948	receiver_type	16024-93078	5	11	11	16024	-7.37	-9.60	8.4	2.300	7.42	0.599	shower	11	11	93078	-8.15	-9.12	3.1	1.870	3.20	0.974	0.000	47.4	51.1	42.5	0	0
mcp1k	386948	receiver_type	16024-93079	5	11	11	16024	-7.37	-9.60	8.4	2.300	7.42	0.599	shower	11	11	93079	-7.05	-5.60	2.5	1.124	5.99	0.753	0.000	50.1	41.8	90.1	0	0
mcp1k	386948	receiver_type	16024-93079	5	11	11	16024	-7.37	-9.60	8.4	2.300	7.42	0.599	shower	11	11	93079	-5.60	-7.05	2.5	1.124	5.99	0.753	0.000	49.5	39.9	125.3	0	0
mcp1k	386948	receiver_type	16024-93080	5	11	11	16024	-7.37	-9.60	8.4	2.300	7.42	0.599	shower	11	11	93080	-5.60	-4.15	7.4	0.784	3.77	0.507	0.000	49.5	39.9	53.6	0	0
mcp1k	386948	receiver_type	16024-93080	5	11	11	16024	-7.37	-9.60	8.4	2.300	7.42	0.599	shower	11	11	93080	-4.15	-5.60	7.4	0.784	3.77	0.507	0.000	48.8	35.7	96.4	0	0
mcp1k	386948	receiver_type	16024-93081	5	11	11	16024	-7.37	-9.60	8.4	2.300	7.42	0.599	shower	11	11	93081	-5.60	-0.46	8.0	0.966	3.64	0.669	0.071	49.5	39.9	50.8	0	0
mcp1k	386948	receiver_type	16024-93081	5	11	11	16024	-7.37	-9.60	8.4	2.300	7.42	0.599	shower	11	11	93081	-0.46	-5.60	8.0	0.966	3.64	0.669	0.071	51.3	37.9	108.0	0	0
mcp1k	386948	receiver_type	16024-79047	5	11	11	16024	-9.60	-7.37	8.4	2.300	7.42	0.599	shower	11	11	79047	-0.84	-4.96	12.0	1.249	2.33	0.914	0.000	82.4	126.8	136.4	0	0
mcp1k	386948	receiver_type	16024-79047	5	11	11	16024	-9.60	-7.37	8.4	2.300	7.42	0.599	shower	11	11	79047	-4.96	-0.84	12.0	1.249	2.33	0.914	0.000	89.9	129.0	53.6	0	0
mcp1k	386948	receiver_type	16024-79048	5	11	11	16024	-9.60	-7.37	8.4	2.300	7.42	0.599	shower	11	13	79048	-4.96	-7.28	2.5	1.141	2.06	0.986	0.000	89.9	129.0	87.9	0	0
mcp1k	386948	receiver_type	16024-79048	5	11	11	16024	-9.60	-7.37	8.4	2.300	7.42	0.599	shower	11	13	79048	-7.28	-4.96	2.5	1.141	2.06	0.986	0.000	90.2	128.7	98.6	0	0
mcp1k	386948	receiver_type	16024-80050	5	11	11	16024	-9.60	-7.37	8.4	2.300	7.42	0.599	shower	11	11	80050	-1.38	-0.88	7.4	0.785	5.11	0.891	0.000	60.0	106.1	153.3	0	0
mcp1k	386948	receiver_type	16024-80050	5	11	11	16024	-9.60	-7.37	8.4	2.300	7.42	0.599	shower	11	11	80050	-0.88	-1.38	7.4	0.785	5.11	0.891	0.000	62.1	111.5	15.6	0	0
mcp1k	386948	receiver_type	16024-80051	5	11	11	16024	-9.60	-7.37	8.4	2.300	7.42	0.599	shower	11	11	80051	-0.88	-1.43	8.8	1.222	3.56	0.870	0.000	62.1	111.5	135.6	0	0
mcp1k	386948	receiver_type	16024-80051	5	11	11	16024	-9.60	-7.37	8.4	2.300	7.42	0.599	shower	11	11	80051	-1.43	-0.88	8.8	1.222	3.56	0.870	0.000	67.6	115.2	32.4	0	0
mcp1k	386948	receiver_type	16024-80052	5	11	11	16024	-9.60	-7.37	8.4	2.300	7.42	0.599	shower	11	11	80052	-0.88	-3.70	7.2	0.982	3.96	0.693	0.000	62.1	111.5	78.8	0	0
mcp1k	386948	receiver_type	16024-80052	5	11	11	16024	-9.60	-7.37	8.4	2.300	7.42	0.599	shower	11	11	80052	-3.70	-0.88	7.2	0.982	3.96	0.693	0.000	65.7	111.2	53.7	0	0
mcp1k	386948	receiver_type	16024-91068	5	11	11	16024	-9.60	-7.37	8.4	2.300	7.42	0.599	shower	11	11	91068	-9.82	-7.28	6.6	1.104	2.01	0.899	0.000	37.4	60.9	144.8	0	0
mcp1k	386948	receiver_type	16024-91068	5	11	11	16024	-9.60	-7.37	8.4	2.300	7.42	0.599	shower	11	11	91068	-7.28	-9.82	6.6	1.104	2.01	0.899	0.000	32.5	65.9	31.9	0	0
mcp1k	386948	receiver_type	16024-93074	5	11	11	16024	-9.60	-7.37	8.4	2.300	7.42	0.599	shower	11	11	93074	-7.05	-6.42	8.8	1.146	4.48	0.891	0.000	52.2	91.1	154.3	0	0
mcp1k	386948	receiver_type	16024-93074	5	11	11	16024	-9.60	-7.37	8.4	2.300	7.42	0.599	shower	11	11	93074	-6.42	-7.05	8.8	1.146	4.48	0.891	0.000	54.3	98.8	21.0	0	0
mcp1k	386948	receiver_type	16024-93076	5	11	11	16024	-9.60	-7.37	8.4	2.300	7.42	0.599	shower	11	2212	93076	-11.64	-9.12	10.0	2.279	7.32	0.950	0.000	48.8	73.1	152.6	0	0
mcp1k	386948	receiver_type	16024-93076	5	11	11	16024	-9.60	-7.37	8.4	2.300	7.42	0.599	shower	11	2212	93076	-9.12	-11.64	10.0	2.279	7.32	0.950	0.000	50.9	83.7	24.4	0	0
mcp1k	386948	receiver_type	16024-93077	5	11	11	16024	-9.60	-7.37	8.4	2.300	7.42	0.599	shower	11	11	93077	-9.12	-7.05	7.4	2.270	6.63	0.928	0.000	50.9	83.7	166.3	0	0
mcp1k	386948	receiver_type	16024-93077	5	11	11	16024	-9.60	-7.37	8.4	2.300	7.42	0.599	shower	11	11	93077	-7.05	-9.12	7.4	2.270	6.63	0.928	0.000	52.2	91.1	18.2	0	0
mcp1k	386948	receiver_type	16024-93078	5	11	11	16024	-9.60	-7.37	8.4	2.300	7.42	0.599	shower	11	11	93078	-9.12	-8.15	3.1	1.870	3.20	0.974	0.000	50.9	83.7	71.5	0	0
mcp1k	386948	receiver_type	16024-93078	5	11	11	16024	-9.60	-7.37	8.4	2.300	7.42	0.599	shower	11	11	93078	-8.15	-9.12	3.1	1.870	3.20	0.974	0.000	48.8	82.2	109.9	0	0
mcp1k	386948	receiver_type	16024-93079	5	11	11	16024	-9.60	-7.37	8.4	2.300	7.42	0.599	shower	11	11	93079	-7.05	-5.60	2.5	1.124	5.99	0.753	0.000	52.2	91.1	137.7	0	0
mcp1k	386948	receiver_type	16024-93079	5	11	11	16024	-9.60	-7.37	8.4	2.300	7.42	0.599	shower	11	11	93079	-5.60	-7.05	2.5	1.124	5.99	0.753	0.000	51.7	92.9	34.7	0	0
mcp1k	386948	receiver_type	16024-93080	5	11	11	16024	-9.60	-7.37	8.4	2.300	7.42	0.599	shower	11	11	93080	-5.60	-4.15	7.4	0.784	3.77	0.507	0.000	51.7	92.9	166.0	0	0
mcp1k	386948	receiver_type	16024-93080	5	11	11	16024	-9.60	-7.37	8.4	2.300	7.42	0.599	shower	11	11	93080	-4.15	-5.60	7.4	0.784	3.77	0.507	0.000	51.4	97.0	39.7	0	0
mcp1k	386948	receiver_type	16024-93081	5	11	11	16024	-9.60	-7.37	8.4	2.300	7.42	0.599	shower	11	11	93081	-5.60	-0.46	8.0	0.966	3.64	0.669	0.071	51.7	92.9	119.9	0	0
mcp1k	386948	receiver_type	16024-93081	5	11	11	16024	-9.60	-7.37	8.4	2.300	7.42	0.599	shower	11	11	93081	-0.46	-5.60	8.0	0.966	3.64	0.669	0.071	53.7	94.4	85.7	0	0
mcp1k	386948	receiver_type	16003-79047	4	11	11	79047	-0.84	-4.96	12.0	1.249	2.33	0.914	shower	11	11	16003	-10.03	-11.71	5.6	0.877	6.44	0.792	0.400	72.6	44.4	149.6	0	0
mcp1k	386948	receiver_type	16003-79047	4	11	11	79047	-0.84	-4.96	12.0	1.249	2.33	0.914	shower	11	11	16003	-11.71	-10.03	5.6	0.877	6.44	0.792	0.400	68.9	44.7	68.8	0	0
mcp1k	386948	receiver_type	16008-79047	4	11	11	79047	-0.84	-4.96	12.0	1.249	2.33	0.914	shower	11	11	16008	-7.37	-4.25	4.9	1.416	3.96	0.886	0.000	78.1	44.6	107.6	0	0
mcp1k	386948	receiver_type	16008-79047	4	11	11	79047	-0.84	-4.96	12.0	1.249	2.33	0.914	shower	11	11	16008	-4.25	-7.37	4.9	1.416	3.96	0.886	0.000	78.7	45.4	99.3	0	0
mcp1k	386948	receiver_type	16010-79047	4	11	11	79047	-0.84	-4.96	12.0	1.249	2.33	0.914	shower	11	11	16010	-7.37	-7.24	5.2	0.990	8.35	0.941	0.000	78.1	44.6	119.2	0	0
mcp1k	386948	receiver_type	16010-79047	4	11	11	79047	-0.84	-4.96	12.0	1.249	2.33	0.914	shower	11	11	16010	-7.24	-7.37	5.2	0.990	8.35	0.941	0.000	79.0	47.6	61.8	0	0
mcp1k	386948	receiver_type	16012-79047	4	11	11	79047	-0.84	-4.96	12.0	1.249	2.33	0.914	shower	11	11	16012	-7.24	-6.97	9.7	1.077	5.81	0.890	0.000	79.0	47.6	153.6	0	0
mcp1k	386948	receiver_type	16012-79047	4	11	11	79047	-0.84	-4.96	12.0	1.249	2.33	0.914	shower	11	11	16012	-6.97	-7.24	9.7	1.077	5.81	0.890	0.000	75.1	52.8	23.6	0	0
mcp1k	386948	receiver_type	16019-79047	4	11	11	79047	-0.84	-4.96	12.0	1.249	2.33	0.914	shower	11	11	16019	-9.60	-11.28	3.4	1.570	5.05	0.972	0.000	82.4	44.1	45.3	0	0
mcp1k	386948	receiver_type	16019-79047	4	11	11	79047	-0.84	-4.96	12.0	1.249	2.33	0.914	shower	11	11	16019	-11.28	-9.60	3.4	1.570	5.05	0.972	0.000	84.4	43.4	127.6	0	0
mcp1k	386948	receiver_type	16020-79047	4	11	11	79047	-0.84	-4.96	12.0	1.249	2.33	0.914	shower	11	11	16020	-9.56	-16.00	11.5	0.996	3.13	0.798	0.000	78.7	47.0	121.3	0	0
mcp1k	386948	receiver_type	16021-79047	4	11	11	79047	-0.84	-4.96	12.0	1.249	2.33	0.914	shower	11	11	16021	-9.56	-7.37	3.9	0.837	5.21	0.882	0.000	78.7	47.0	62.9	0	0
mcp1k	386948	receiver_type	16021-79047	4	11	11	79047	-0.84	-4.96	12.0	1.249	2.33	0.914	shower	11	11	16021	-7.37	-9.56	3.9	0.837	5.21	0.882	0.000	78.1	44.6	131.6	0	0
mcp1k	386948	receiver_type	16022-79047	4	11	11	79047	-0.84	-4.96	12.0	1.249	2.33	0.914	shower	11	11	16022	-9.56	-10.03	9.1	2.334	10.94	0.856	0.062	78.7	47.0	116.5	0	0
mcp1k	386948	receiver_type	16022-79047	4	11	11	79047	-0.84	-4.96	12.0	1.249	2.33	0.914	shower	11	11	16022	-10.03	-9.56	9.1	2.334	10.94	0.856	0.062	72.6	44.4	89.4	0	0
mcp1k	386948	receiver_type	16023-79047	4	11	11	79047	-0.84	-4.96	12.0	1.249	2.33	0.914	shower	11	11	16023	-10.03	-13.02	24.8	1.548	7.02	0.919	0.024	72.6	44.4	52.6	0	0
mcp1k	386948	receiver_type	16024-79047	4	11	11	79047	-0.84	-4.96	12.0	1.249	2.33	0.914	shower	11	11	16024	-7.37	-9.60	8.4	2.300	7.42	0.599	0.000	78.1	44.6	57.3	0	0
mcp1k	386948	receiver_type	16024-79047	4	11	11	79047	-0.84	-4.96	12.0	1.249	2.33	0.914	shower	11	11	16024	-9.60	-7.37	8.4	2.300	7.42	0.599	0.000	82.4	44.1	136.4	0	0
mcp1k	386948	receiver_type	79047-80050	4	11	11	79047	-0.84	-4.96	12.0	1.249	2.33	0.914	shower	11	11	80050	-1.38	-0.88	7.4	0.785	5.11	0.891	0.000	36.7	17.3	161.9	0	0
mcp1k	386948	receiver_type	79047-80050	4	11	11	79047	-0.84	-4.96	12.0	1.249	2.33	0.914	shower	11	11	80050	-0.88	-1.38	7.4	0.785	5.11	0.891	0.000	30.2	16.4	30.2	0	0
mcp1k	386948	receiver_type	79047-80051	4	11	11	79047	-0.84	-4.96	12.0	1.249	2.33	0.914	shower	11	11	80051	-0.88	-1.43	8.8	1.222	3.56	0.870	0.000	30.2	16.4	159.7	0	0
mcp1k	386948	receiver_type	79047-80051	4	11	11	79047	-0.84	-4.96	12.0	1.249	2.33	0.914	shower	11	11	80051	-1.43	-0.88	8.8	1.222	3.56	0.870	0.000	22.8	18.3	15.8	0	0
mcp1k	386948	receiver_type	79047-80052	4	11	11	79047	-0.84	-4.96	12.0	1.249	2.33	0.914	shower	11	11	80052	-0.88	-3.70	7.2	0.982	3.96	0.693	0.000	30.2	16.4	118.9	0	0
mcp1k	386948	receiver_type	79047-80052	4	11	11	79047	-0.84	-4.96	12.0	1.249	2.33	0.914	shower	11	11	80052	-3.70	-0.88	7.2	0.982	3.96	0.693	0.000	27.4	23.1	21.5	0	0
mcp1k	386948	receiver_type	79047-91068	4	11	11	79047	-0.84	-4.96	12.0	1.249	2.33	0.914	shower	11	11	91068	-9.82	-7.28	6.6	1.104	2.01	0.899	0.000	78.4	25.6	114.0	0	0
mcp1k	386948	receiver_type	79047-91068	4	11	11	79047	-0.84	-4.96	12.0	1.249	2.33	0.914	shower	11	11	91068	-7.28	-9.82	6.6	1.104	2.01	0.899	0.000	75.8	25.9	63.3	0	0
mcp1k	386948	receiver_type	79047-93074	4	11	11	79047	-0.84	-4.96	12.0	1.249	2.33	0.914	shower	11	11	93074	-7.05	-6.42	8.8	1.146	4.48	0.891	0.000	52.4	23.1	160.3	0	0
mcp1k	386948	receiver_type	79047-93074	4	11	11	79047	-0.84	-4.96	12.0	1.249	2.33	0.914	shower	11	11	93074	-6.42	-7.05	8.8	1.146	4.48	0.891	0.000	44.6	23.5	22.7	0	0
mcp1k	386948	receiver_type	79047-93076	4	11	11	79047	-0.84	-4.96	12.0	1.249	2.33	0.914	shower	11	2212	93076	-11.64	-9.12	10.0	2.279	7.32	0.950	0.000	68.5	25.4	148.1	0	0
mcp1k	386948	receiver_type	79047-93076	4	11	11	79047	-0.84	-4.96	12.0	1.249	2.33	0.914	shower	11	2212	93076	-9.12	-11.64	10.0	2.279	7.32	0.950	0.000	59.2	24.3	35.8	0	0
mcp1k	386948	receiver_type	79047-93077	4	11	11	79047	-0.84	-4.96	12.0	1.249	2.33	0.914	shower	11	11	93077	-9.12	-7.05	7.4	2.270	6.63	0.928	0.000	59.2	24.3	146.5	0	0
mcp1k	386948	receiver_type	79047-93077	4	11	11	79047	-0.84	-4.96	12.0	1.249	2.33	0.914	shower	11	11	93077	-7.05	-9.12	7.4	2.270	6.63	0.928	0.000	52.4	23.1	34.3	0	0
mcp1k	386948	receiver_type	79047-93078	4	11	11	79047	-0.84	-4.96	12.0	1.249	2.33	0.914	shower	11	11	93078	-9.12	-8.15	3.1	1.870	3.20	0.974	0.000	59.2	24.3	43.5	0	0
mcp1k	386948	receiver_type	79047-93078	4	11	11	79047	-0.84	-4.96	12.0	1.249	2.33	0.914	shower	11	11	93078	-8.15	-9.12	3.1	1.870	3.20	0.974	0.000	61.2	23.3	141.2	0	0
mcp1k	386948	receiver_type	79047-93079	4	11	11	79047	-0.84	-4.96	12.0	1.249	2.33	0.914	shower	11	11	93079	-7.05	-5.60	2.5	1.124	5.99	0.753	0.000	52.4	23.1	102.7	0	0
mcp1k	386948	receiver_type	79047-93079	4	11	11	79047	-0.84	-4.96	12.0	1.249	2.33	0.914	shower	11	11	93079	-5.60	-7.05	2.5	1.124	5.99	0.753	0.000	51.4	21.6	76.9	0	0
mcp1k	386948	receiver_type	79047-93080	4	11	11	79047	-0.84	-4.96	12.0	1.249	2.33	0.914	shower	11	11	93080	-5.60	-4.15	7.4	0.784	3.77	0.507	0.000	51.4	21.6	122.6	0	0
mcp1k	386948	receiver_type	79047-93080	4	11	11	79047	-0.84	-4.96	12.0	1.249	2.33	0.914	shower	11	11	93080	-4.15	-5.60	7.4	0.784	3.77	0.507	0.000	48.2	20.5	35.9	0	0
mcp1k	386948	receiver_type	79047-93081	4	11	11	79047	-0.84	-4.96	12.0	1.249	2.33	0.914	shower	11	11	93081	-5.60	-0.46	8.0	0.966	3.64	0.669	0.071	51.4	21.6	84.0	0	0
mcp1k	386948	receiver_type	79047-93081	4	11	11	79047	-0.84	-4.96	12.0	1.249	2.33	0.914	shower	11	11	93081	-0.46	-5.60	8.0	0.966	3.64	0.669	0.071	51.6	15.9	122.8	0	0
mcp1k	386948	receiver_type	16003-79047	4	11	11	79047	-4.96	-0.84	12.0	1.249	2.33	0.914	shower	11	11	16003	-10.03	-11.71	5.6	0.877	6.44	0.792	0.400	80.1	130.6	33.8	0	0
mcp1k	386948	receiver_type	16003-79047	4	11	11	79047	-4.96	-0.84	12.0	1.249	2.33	0.914	shower	11	11	16003	-11.71	-10.03	5.6	0.877	6.44	0.792	0.400	76.4	130.3	108.0	0	0
mcp1k	386948	receiver_type	16008-79047	4	11	11	79047	-4.96	-0.84	12.0	1.249	2.33	0.914	shower	11	11	16008	-7.37	-4.25	4.9	1.416	3.96	0.886	0.000	85.6	130.5	78.7	0	0
mcp1k	386948	receiver_type	16008-79047	4	11	11	79047	-4.96	-0.84	12.0	1.249	2.33	0.914	shower	11	11	16008	-4.25	-7.37	4.9	1.416	3.96	0.886	0.000	86.2	130.3	76.0	0	0
mcp1k	386948	receiver_type	16010-79047	4	11	11	79047	-4.96	-0.84	12.0	1.249	2.33	0.914	shower	11	11	16010	-7.37	-7.24	5.2	0.990	8.35	0.941	0.000	85.6	130.5	57.1	0	0
mcp1k	386948	receiver_type	16010-79047	4	11	11	79047	-4.96	-0.84	12.0	1.249	2.33	0.914	shower	11	11	16010	-7.24	-7.37	5.2	0.990	8.35	0.941	0.000	86.1	128.0	119.3	0	0
mcp1k	386948	receiver_type	16012-79047	4	11	11	79047	-4.96	-0.84	12.0	1.249	2.33	0.914	shower	11	11	16012	-7.24	-6.97	9.7	1.077	5.81	0.890	0.000	86.1	128.0	33.2	0	0
mcp1k	386948	receiver_type	16012-79047	4	11	11	79047	-4.96	-0.84	12.0	1.249	2.33	0.914	shower	11	11	16012	-6.97	-7.24	9.7	1.077	5.81	0.890	0.000	81.5	124.1	150.0	0	0
mcp1k	386948	receiver_type	16019-79047	4	11	11	79047	-4.96	-0.84	12.0	1.249	2.33	0.914	shower	11	11	16019	-9.60	-11.28	3.4	1.570	5.05	0.972	0.000	89.9	130.4	123.8	0	0
mcp1k	386948	receiver_type	16019-79047	4	11	11	79047	-4.96	-0.84	12.0	1.249	2.33	0.914	shower	11	11	16019	-11.28	-9.60	3.4	1.570	5.05	0.972	0.000	92.0	130.7	61.9	0	0
mcp1k	386948	receiver_type	16020-79047	4	11	11	79047	-4.96	-0.84	12.0	1.249	2.33	0.914	shower	11	11	16020	-9.56	-16.00	11.5	0.996	3.13	0.798	0.000	85.8	128.2	48.7	0	0
mcp1k	386948	receiver_type	16021-79047	4	11	11	79047	-4.96	-0.84	12.0	1.249	2.33	0.914	shower	11	11	16021	-9.56	-7.37	3.9	0.837	5.21	0.882	0.000	85.8	128.2	128.8	0	0
mcp1k	386948	receiver_type	16021-79047	4	11	11	79047	-4.96	-0.84	12.0	1.249	2.33	0.914	shower	11	11	16021	-7.37	-9.56	3.9	0.837	5.21	0.882	0.000	85.6	130.5	37.5	0	0
mcp1k	386948	receiver_type	16022-79047	4	11	11	79047	-4.96	-0.84	12.0	1.249	2.33	0.914	shower	11	11	16022	-9.56	-10.03	9.1	2.334	10.94	0.856	0.062	85.8	128.2	70.1	0	0
mcp1k	386948	receiver_type	16022-79047	4	11	11	79047	-4.96	-0.84	12.0	1.249	2.33	0.914	shower	11	11	16022	-10.03	-9.56	9.1	2.334	10.94	0.856	0.062	80.1	130.6	85.5	0	0
mcp1k	386948	receiver_type	16023-79047	4	11	11	79047	-4.96	-0.84	12.0	1.249	2.33	0.914	shower	11	11	16023	-10.03	-13.02	24.8	1.548	7.02	0.919	0.024	80.1	130.6	128.4	0	0
mcp1k	386948	receiver_type	16024-79047	4	11	11	79047	-4.96	-0.84	12.0	1.249	2.33	0.914	shower	11	11	16024	-7.37	-9.60	8.4	2.300	7.42	0.599	0.000	85.6	130.5	110.8	0	0
mcp1k	386948	receiver_type	16024-79047	4	11	11	79047	-4.96	-0.84	12.0	1.249	2.33	0.914	shower	11	11	16024	-9.60	-7.37	8.4	2.300	7.42	0.599	0.000	89.9	130.4	53.6	0	0
mcp1k	386948	receiver_type	79047-80050	4	11	11	79047	-4.96	-0.84	12.0	1.249	2.33	0.914	shower	11	11	80050	-1.38	-0.88	7.4	0.785	5.11	0.891	0.000	46.9	156.3	26.9	0	0
mcp1k	386948	receiver_type	79047-80050	4	11	11	79047	-4.96	-0.84	12.0	1.249	2.33	0.914	shower	11	11	80050	-0.88	-1.38	7.4	0.785	5.11	0.891	0.000	40.6	157.4	141.3	0	0
mcp1k	386948	receiver_type	79047-80051	4	11	11	79047	-4.96	-0.84	12.0	1.249	2.33	0.914	shower	11	11	80051	-0.88	-1.43	8.8	1.222	3.56	0.870	0.000	40.6	157.4	31.4	0	0
mcp1k	386948	receiver_type	79047-80051	4	11	11	79047	-4.96	-0.84	12.0	1.249	2.33	0.914	shower	11	11	80051	-1.43	-0.88	8.8	1.222	3.56	0.870	0.000	33.2	158.1	151.3	0	0
mcp1k	386948	receiver_type	79047-80052	4	11	11	79047	-4.96	-0.84	12.0	1.249	2.33	0.914	shower	11	11	80052	-0.88	-3.70	7.2	0.982	3.96	0.693	0.000	40.6	157.4	57.3	0	0
mcp1k	386948	receiver_type	79047-80052	4	11	11	79047	-4.96	-0.84	12.0	1.249	2.33	0.914	shower	11	11	80052	-3.70	-0.88	7.2	0.982	3.96	0.693	0.000	37.4	154.0	150.7	0	0
mcp1k	386948	receiver_type	79047-91068	4	11	11	79047	-4.96	-0.84	12.0	1.249	2.33	0.914	shower	11	11	91068	-9.82	-7.28	6.6	1.104	2.01	0.899	0.000	87.8	145.3	69.3	0	0
mcp1k	386948	receiver_type	79047-91068	4	11	11	79047	-4.96	-0.84	12.0	1.249	2.33	0.914	shower	11	11	91068	-7.28	-9.82	6.6	1.104	2.01	0.899	0.000	85.2	145.2	112.8	0	0
mcp1k	386948	receiver_type	79047-93074	4	11	11	79047	-4.96	-0.84	12.0	1.249	2.33	0.914	shower	11	11	93074	-7.05	-6.42	8.8	1.146	4.48	0.891	0.000	62.2	149.6	31.9	0	0
mcp1k	386948	receiver_type	79047-93074	4	11	11	79047	-4.96	-0.84	12.0	1.249	2.33	0.914	shower	11	11	93074	-6.42	-7.05	8.8	1.146	4.48	0.891	0.000	54.4	150.0	146.3	0	0
mcp1k	386948	receiver_type	79047-93076	4	11	11	79047	-4.96	-0.84	12.0	1.249	2.33	0.914	shower	11	2212	93076	-11.64	-9.12	10.0	2.279	7.32	0.950	0.000	78.0	146.4	44.9	0	0
mcp1k	386948	receiver_type	79047-93076	4	11	11	79047	-4.96	-0.84	12.0	1.249	2.33	0.914	shower	11	2212	93076	-9.12	-11.64	10.0	2.279	7.32	0.950	0.000	68.9	148.1	131.3	0	0
mcp1k	386948	receiver_type	79047-93077	4	11	11	79047	-4.96	-0.84	12.0	1.249	2.33	0.914	shower	11	11	93077	-9.12	-7.05	7.4	2.270	6.63	0.928	0.000	68.9	148.1	45.2	0	0
mcp1k	386948	receiver_type	79047-93077	4	11	11	79047	-4.96	-0.84	12.0	1.249	2.33	0.914	shower	11	11	93077	-7.05	-9.12	7.4	2.270	6.63	0.928	0.000	62.2	149.6	133.3	0	0
mcp1k	386948	receiver_type	79047-93078	4	11	11	79047	-4.96	-0.84	12.0	1.249	2.33	0.914	shower	11	11	93078	-9.12	-8.15	3.1	1.870	3.20	0.974	0.000	68.9	148.1	131.3	0	0
mcp1k	386948	receiver_type	79047-93078	4	11	11	79047	-4.96	-0.84	12.0	1.249	2.33	0.914	shower	11	11	93078	-8.15	-9.12	3.1	1.870	3.20	0.974	0.000	70.9	148.6	43.1	0	0
mcp1k	386948	receiver_type	79047-93079	4	11	11	79047	-4.96	-0.84	12.0	1.249	2.33	0.914	shower	11	11	93079	-7.05	-5.60	2.5	1.124	5.99	0.753	0.000	62.2	149.6	81.2	0	0
mcp1k	386948	receiver_type	79047-93079	4	11	11	79047	-4.96	-0.84	12.0	1.249	2.33	0.914	shower	11	11	93079	-5.60	-7.05	2.5	1.124	5.99	0.753	0.000	61.3	150.8	92.1	0	0
mcp1k	386948	receiver_type	79047-93080	4	11	11	79047	-4.96	-0.84	12.0	1.249	2.33	0.914	shower	11	11	93080	-5.60	-4.15	7.4	0.784	3.77	0.507	0.000	61.3	150.8	67.6	0	0
mcp1k	386948	receiver_type	79047-93080	4	11	11	79047	-4.96	-0.84	12.0	1.249	2.33	0.914	shower	11	11	93080	-4.15	-5.60	7.4	0.784	3.77	0.507	0.000	58.2	151.8	145.8	0	0
mcp1k	386948	receiver_type	79047-93081	4	11	11	79047	-4.96	-0.84	12.0	1.249	2.33	0.914	shower	11	11	93081	-5.60	-0.46	8.0	0.966	3.64	0.669	0.071	61.3	150.8	108.7	0	0
mcp1k	386948	receiver_type	79047-93081	4	11	11	79047	-4.96	-0.84	12.0	1.249	2.33	0.914	shower	11	11	93081	-0.46	-5.60	8.0	0.966	3.64	0.669	0.071	61.9	155.7	44.4	0	0
mcp1k	386948	receiver_type	16003-79048	4	11	13	79048	-4.96	-7.28	2.5	1.141	2.06	0.986	shower	11	11	16003	-10.03	-11.71	5.6	0.877	6.44	0.792	0.400	80.1	84.0	122.4	0	0
mcp1k	386948	receiver_type	16003-79048	4	11	13	79048	-4.96	-7.28	2.5	1.141	2.06	0.986	shower	11	11	16003	-11.71	-10.03	5.6	0.877	6.44	0.792	0.400	76.4	84.9	80.2	0	0
mcp1k	386948	receiver_type	16008-79048	4	11	13	79048	-4.96	-7.28	2.5	1.141	2.06	0.986	shower	11	11	16008	-7.37	-4.25	4.9	1.416	3.96	0.886	0.000	85.6	82.8	73.7	0	0
mcp1k	386948	receiver_type	16008-79048	4	11	13	79048	-4.96	-7.28	2.5	1.141	2.06	0.986	shower	11	11	16008	-4.25	-7.37	4.9	1.416	3.96	0.886	0.000	86.2	81.7	121.1	0	0
mcp1k	386948	receiver_type	16010-79048	4	11	13	79048	-4.96	-7.28	2.5	1.141	2.06	0.986	shower	11	11	16010	-7.37	-7.24	5.2	0.990	8.35	0.941	0.000	85.6	82.8	115.0	0	0
mcp1k	386948	receiver_type	16010-79048	4	11	13	79048	-4.96	-7.28	2.5	1.141	2.06	0.986	shower	11	11	16010	-7.24	-7.37	5.2	0.990	8.35	0.941	0.000	86.1	84.0	74.4	0	0
mcp1k	386948	receiver_type	16012-79048	4	11	13	79048	-4.96	-7.28	2.5	1.141	2.06	0.986	shower	11	11	16012	-7.24	-6.97	9.7	1.077	5.81	0.890	0.000	86.1	84.0	110.1	0	0
mcp1k	386948	receiver_type	16012-79048	4	11	13	79048	-4.96	-7.28	2.5	1.141	2.06	0.986	shower	11	11	16012	-6.97	-7.24	9.7	1.077	5.81	0.890	0.000	81.5	85.9	66.9	0	0
mcp1k	386948	receiver_type	16019-79048	4	11	13	79048	-4.96	-7.28	2.5	1.141	2.06	0.986	shower	11	11	16019	-9.60	-11.28	3.4	1.570	5.05	0.972	0.000	89.9	83.7	95.9	0	0
mcp1k	386948	receiver_type	16019-79048	4	11	13	79048	-4.96	-7.28	2.5	1.141	2.06	0.986	shower	11	11	16019	-11.28	-9.60	3.4	1.570	5.05	0.972	0.000	92.0	84.1	81.1	0	0
mcp1k	386948	receiver_type	16020-79048	4	11	13	79048	-4.96	-7.28	2.5	1.141	2.06	0.986	shower	11	11	16020	-9.56	-16.00	11.5	0.996	3.13	0.798	0.000	85.8	84.8	142.3	0	0
mcp1k	386948	receiver_type	16021-79048	4	11	13	79048	-4.96	-7.28	2.5	1.141	2.06	0.986	shower	11	11	16021	-9.56	-7.37	3.9	0.837	5.21	0.882	0.000	85.8	84.8	29.8	0	0
mcp1k	386948	receiver_type	16021-79048	4	11	13	79048	-4.96	-7.28	2.5	1.141	2.06	0.986	shower	11	11	16021	-7.37	-9.56	3.9	0.837	5.21	0.882	0.000	85.6	82.8	149.7	0	0
mcp1k	386948	receiver_type	16022-79048	4	11	13	79048	-4.96	-7.28	2.5	1.141	2.06	0.986	shower	11	11	16022	-9.56	-10.03	9.1	2.334	10.94	0.856	0.062	85.8	84.8	91.3	0	0
mcp1k	386948	receiver_type	16022-79048	4	11	13	79048	-4.96	-7.28	2.5	1.141	2.06	0.986	shower	11	11	16022	-10.03	-9.56	9.1	2.334	10.94	0.856	0.062	80.1	84.0	101.2	0	0
mcp1k	386948	receiver_type	16023-79048	4	11	13	79048	-4.96	-7.28	2.5	1.141	2.06	0.986	shower	11	11	16023	-10.03	-13.02	24.8	1.548	7.02	0.919	0.024	80.1	84.0	69.1	0	0
mcp1k	386948	receiver_type	16024-79048	4	11	13	79048	-4.96	-7.28	2.5	1.141	2.06	0.986	shower	11	11	16024	-7.37	-9.60	8.4	2.300	7.42	0.599	0.000	85.6	82.8	104.4	0	0
mcp1k	386948	receiver_type	16024-79048	4	11	13	79048	-4.96	-7.28	2.5	1.141	2.06	0.986	shower	11	11	16024	-9.60	-7.37	8.4	2.300	7.42	0.599	0.000	89.9	83.7	87.9	0	0
mcp1k	386948	receiver_type	79048-80050	4	11	13	79048	-4.96	-7.28	2.5	1.141	2.06	0.986	shower	11	11	80050	-1.38	-0.88	7.4	0.785	5.11	0.891	0.000	46.9	64.9	113.6	0	0
mcp1k	386948	receiver_type	79048-80050	4	11	13	79048	-4.96	-7.28	2.5	1.141	2.06	0.986	shower	11	11	80050	-0.88	-1.38	7.4	0.785	5.11	0.891	0.000	40.6	63.9	76.5	0	0
mcp1k	386948	receiver_type	79048-80051	4	11	13	79048	-4.96	-7.28	2.5	1.141	2.06	0.986	shower	11	11	80051	-0.88	-1.43	8.8	1.222	3.56	0.870	0.000	40.6	63.9	111.1	0	0
mcp1k	386948	receiver_type	79048-80051	4	11	13	79048	-4.96	-7.28	2.5	1.141	2.06	0.986	shower	11	11	80051	-1.43	-0.88	8.8	1.222	3.56	0.870	0.000	33.2	62.9	69.8	0	0
mcp1k	386948	receiver_type	79048-80052	4	11	13	79048	-4.96	-7.28	2.5	1.141	2.06	0.986	shower	11	11	80052	-0.88	-3.70	7.2	0.982	3.96	0.693	0.000	40.6	63.9	129.6	0	0
mcp1k	386948	receiver_type	79048-80052	4	11	13	79048	-4.96	-7.28	2.5	1.141	2.06	0.986	shower	11	11	80052	-3.70	-0.88	7.2	0.982	3.96	0.693	0.000	37.4	66.7	62.2	0	0
mcp1k	386948	receiver_type	79048-91068	4	11	13	79048	-4.96	-7.28	2.5	1.141	2.06	0.986	shower	11	11	91068	-9.82	-7.28	6.6	1.104	2.01	0.899	0.000	87.8	75.5	88.1	0	0
mcp1k	386948	receiver_type	79048-91068	4	11	13	79048	-4.96	-7.28	2.5	1.141	2.06	0.986	shower	11	11	91068	-7.28	-9.82	6.6	1.104	2.01	0.899	0.000	85.2	74.9	91.7	0	0
mcp1k	386948	receiver_type	79048-93074	4	11	13	79048	-4.96	-7.28	2.5	1.141	2.06	0.986	shower	11	11	93074	-7.05	-6.42	8.8	1.146	4.48	0.891	0.000	62.2	71.6	106.9	0	0
mcp1k	386948	receiver_type	79048-93074	4	11	13	79048	-4.96	-7.28	2.5	1.141	2.06	0.986	shower	11	11	93074	-6.42	-7.05	8.8	1.146	4.48	0.891	0.000	54.4	71.3	74.3	0	0
mcp1k	386948	receiver_type	79048-93076	4	11	13	79048	-4.96	-7.28	2.5	1.141	2.06	0.986	shower	11	2212	93076	-11.64	-9.12	10.0	2.279	7.32	0.950	0.000	78.0	74.9	94.2	0	0
mcp1k	386948	receiver_type	79048-93076	4	11	13	79048	-4.96	-7.28	2.5	1.141	2.06	0.986	shower	11	2212	93076	-9.12	-11.64	10.0	2.279	7.32	0.950	0.000	68.9	73.1	89.8	0	0
mcp1k	386948	receiver_type	79048-93077	4	11	13	79048	-4.96	-7.28	2.5	1.141	2.06	0.986	shower	11	11	93077	-9.12	-7.05	7.4	2.270	6.63	0.928	0.000	68.9	73.1	93.9	0	0
mcp1k	386948	receiver_type	79048-93077	4	11	13	79048	-4.96	-7.28	2.5	1.141	2.06	0.986	shower	11	11	93077	-7.05	-9.12	7.4	2.270	6.63	0.928	0.000	62.2	71.6	88.0	0	0
mcp1k	386948	receiver_type	79048-93078	4	11	13	79048	-4.96	-7.28	2.5	1.141	2.06	0.986	shower	11	11	93078	-9.12	-8.15	3.1	1.870	3.20	0.974	0.000	68.9	73.1	69.9	0	0
mcp1k	386948	receiver_type	79048-93078	4	11	13	79048	-4.96	-7.28	2.5	1.141	2.06	0.986	shower	11	11	93078	-8.15	-9.12	3.1	1.870	3.20	0.974	0.000	70.9	72.6	115.5	0	0
mcp1k	386948	receiver_type	79048-93079	4	11	13	79048	-4.96	-7.28	2.5	1.141	2.06	0.986	shower	11	11	93079	-7.05	-5.60	2.5	1.124	5.99	0.753	0.000	62.2	71.6	77.9	0	0
mcp1k	386948	receiver_type	79048-93079	4	11	13	79048	-4.96	-7.28	2.5	1.141	2.06	0.986	shower	11	11	93079	-5.60	-7.05	2.5	1.124	5.99	0.753	0.000	61.3	70.5	126.5	0	0
mcp1k	386948	receiver_type	79048-93080	4	11	13	79048	-4.96	-7.28	2.5	1.141	2.06	0.986	shower	11	11	93080	-5.60	-4.15	7.4	0.784	3.77	0.507	0.000	61.3	70.5	74.5	0	0
mcp1k	386948	receiver_type	79048-93080	4	11	13	79048	-4.96	-7.28	2.5	1.141	2.06	0.986	shower	11	11	93080	-4.15	-5.60	7.4	0.784	3.77	0.507	0.000	58.2	69.5	57.6	0	0
mcp1k	386948	receiver_type	79048-93081	4	11	13	79048	-4.96	-7.28	2.5	1.141	2.06	0.986	shower	11	11	93081	-5.60	-0.46	8.0	0.966	3.64	0.669	0.071	61.3	70.5	30.0	0	0
mcp1k	386948	receiver_type	79048-93081	4	11	13	79048	-4.96	-7.28	2.5	1.141	2.06	0.986	shower	11	11	93081	-0.46	-5.60	8.0	0.966	3.64	0.669	0.071	61.9	65.5	176.4	0	0
mcp1k	386948	receiver_type	16003-79048	4	11	13	79048	-7.28	-4.96	2.5	1.141	2.06	0.986	shower	11	11	16003	-10.03	-11.71	5.6	0.877	6.44	0.792	0.400	80.4	96.4	57.9	0	0
mcp1k	386948	receiver_type	16003-79048	4	11	13	79048	-7.28	-4.96	2.5	1.141	2.06	0.986	shower	11	11	16003	-11.71	-10.03	5.6	0.877	6.44	0.792	0.400	76.6	95.4	104.0	0	0
mcp1k	386948	receiver_type	16008-79048	4	11	13	79048	-7.28	-4.96	2.5	1.141	2.06	0.986	shower	11	11	16008	-7.37	-4.25	4.9	1.416	3.96	0.886	0.000	85.9	97.7	113.8	0	0
mcp1k	386948	receiver_type	16008-79048	4	11	13	79048	-7.28	-4.96	2.5	1.141	2.06	0.986	shower	11	11	16008	-4.25	-7.37	4.9	1.416	3.96	0.886	0.000	86.5	99.2	52.2	0	0
mcp1k	386948	receiver_type	16010-79048	4	11	13	79048	-7.28	-4.96	2.5	1.141	2.06	0.986	shower	11	11	16010	-7.37	-7.24	5.2	0.990	8.35	0.941	0.000	85.9	97.7	72.2	0	0
mcp1k	386948	receiver_type	16010-79048	4	11	13	79048	-7.28	-4.96	2.5	1.141	2.06	0.986	shower	11	11	16010	-7.24	-7.37	5.2	0.990	8.35	0.941	0.000	86.4	96.9	98.3	0	0
mcp1k	386948	receiver_type	16012-79048	4	11	13	79048	-7.28	-4.96	2.5	1.141	2.06	0.986	shower	11	11	16012	-7.24	-6.97	9.7	1.077	5.81	0.890	0.000	86.4	96.9	76.5	0	0
mcp1k	386948	receiver_type	16012-79048	4	11	13	79048	-7.28	-4.96	2.5	1.141	2.06	0.986	shower	11	11	16012	-6.97	-7.24	9.7	1.077	5.81	0.890	0.000	81.7	95.8	106.6	0	0
mcp1k	386948	receiver_type	16019-79048	4	11	13	79048	-7.28	-4.96	2.5	1.141	2.06	0.986	shower	11	11	16019	-9.60	-11.28	3.4	1.570	5.05	0.972	0.000	90.2	96.6	78.0	0	0
mcp1k	386948	receiver_type	16019-79048	4	11	13	79048	-7.28	-4.96	2.5	1.141	2.06	0.986	shower	11	11	16019	-11.28	-9.60	3.4	1.570	5.05	0.972	0.000	92.2	96.0	105.7	0	0
mcp1k	386948	receiver_type	16020-79048	4	11	13	79048	-7.28	-4.96	2.5	1.141	2.06	0.986	shower	11	11	16020	-9.56	-16.00	11.5	0.996	3.13	0.798	0.000	86.1	95.9	44.3	0	0
mcp1k	386948	receiver_type	16021-79048	4	11	13	79048	-7.28	-4.96	2.5	1.141	2.06	0.986	shower	11	11	16021	-9.56	-7.37	3.9	0.837	5.21	0.882	0.000	86.1	95.9	144.5	0	0
mcp1k	386948	receiver_type	16021-79048	4	11	13	79048	-7.28	-4.96	2.5	1.141	2.06	0.986	shower	11	11	16021	-7.37	-9.56	3.9	0.837	5.21	0.882	0.000	85.9	97.7	37.7	0	0
mcp1k	386948	receiver_type	16022-79048	4	11	13	79048	-7.28	-4.96	2.5	1.141	2.06	0.986	shower	11	11	16022	-9.56	-10.03	9.1	2.334	10.94	0.856	0.062	86.1	95.9	86.1	0	0
mcp1k	386948	receiver_type	16022-79048	4	11	13	79048	-7.28	-4.96	2.5	1.141	2.06	0.986	shower	11	11	16022	-10.03	-9.56	9.1	2.334	10.94	0.856	0.062	80.4	96.4	84.0	0	0
mcp1k	386948	receiver_type	16023-79048	4	11	13	79048	-7.28	-4.96	2.5	1.141	2.06	0.986	shower	11	11	16023	-10.03	-13.02	24.8	1.548	7.02	0.919	0.024	80.4	96.4	103.5	0	0
mcp1k	386948	receiver_type	16024-79048	4	11	13	79048	-7.28	-4.96	2.5	1.141	2.06	0.986	shower	11	11	16024	-7.37	-9.60	8.4	2.300	7.42	0.599	0.000	85.9	97.7	74.6	0	0
mcp1k	386948	receiver_type	16024-79048	4	11	13	79048	-7.28	-4.96	2.5	1.141	2.06	0.986	shower	11	11	16024	-9.60	-7.37	8.4	2.300	7.42	0.599	0.000	90.2	96.6	98.6	0	0
mcp1k	386948	receiver_type	79048-80050	4	11	13	79048	-7.28	-4.96	2.5	1.141	2.06	0.986	shower	11	11	80050	-1.38	-0.88	7.4	0.785	5.11	0.891	0.000	47.9	112.6	72.4	0	0
mcp1k	386948	receiver_type	79048-80050	4	11	13	79048	-7.28	-4.96	2.5	1.141	2.06	0.986	shower	11	11	80050	-0.88	-1.38	7.4	0.785	5.11	0.891	0.000	41.6	114.1	97.0	0	0
mcp1k	386948	receiver_type	79048-80051	4	11	13	79048	-7.28	-4.96	2.5	1.141	2.06	0.986	shower	11	11	80051	-0.88	-1.43	8.8	1.222	3.56	0.870	0.000	41.6	114.1	71.7	0	0
mcp1k	386948	receiver_type	79048-80051	4	11	13	79048	-7.28	-4.96	2.5	1.141	2.06	0.986	shower	11	11	80051	-1.43	-0.88	8.8	1.222	3.56	0.870	0.000	34.3	115.5	105.7	0	0
mcp1k	386948	receiver_type	79048-80052	4	11	13	79048	-7.28	-4.96	2.5	1.141	2.06	0.986	shower	11	11	80052	-0.88	-3.70	7.2	0.982	3.96	0.693	0.000	41.6	114.1	45.5	0	0
mcp1k	386948	receiver_type	79048-80052	4	11	13	79048	-7.28	-4.96	2.5	1.141	2.06	0.986	shower	11	11	80052	-3.70	-0.88	7.2	0.982	3.96	0.693	0.000	38.3	111.2	115.8	0	0
mcp1k	386948	receiver_type	79048-91068	4	11	13	79048	-7.28	-4.96	2.5	1.141	2.06	0.986	shower	11	11	91068	-9.82	-7.28	6.6	1.104	2.01	0.899	0.000	88.4	101.9	99.4	0	0
mcp1k	386948	receiver_type	79048-91068	4	11	13	79048	-7.28	-4.96	2.5	1.141	2.06	0.986	shower	11	11	91068	-7.28	-9.82	6.6	1.104	2.01	0.899	0.000	85.8	103.0	80.8	0	0
mcp1k	386948	receiver_type	79048-93074	4	11	13	79048	-7.28	-4.96	2.5	1.141	2.06	0.986	shower	11	11	93074	-7.05	-6.42	8.8	1.146	4.48	0.891	0.000	62.9	105.4	78.2	0	0
mcp1k	386948	receiver_type	79048-93074	4	11	13	79048	-7.28	-4.96	2.5	1.141	2.06	0.986	shower	11	11	93074	-6.42	-7.05	8.8	1.146	4.48	0.891	0.000	55.1	106.1	100.0	0	0
mcp1k	386948	receiver_type	79048-93076	4	11	13	79048	-7.28	-4.96	2.5	1.141	2.06	0.986	shower	11	2212	93076	-11.64	-9.12	10.0	2.279	7.32	0.950	0.000	78.6	101.8	89.9	0	0
mcp1k	386948	receiver_type	79048-93076	4	11	13	79048	-7.28	-4.96	2.5	1.141	2.06	0.986	shower	11	2212	93076	-9.12	-11.64	10.0	2.279	7.32	0.950	0.000	69.6	103.7	85.8	0	0
mcp1k	386948	receiver_type	79048-93077	4	11	13	79048	-7.28	-4.96	2.5	1.141	2.06	0.986	shower	11	11	93077	-9.12	-7.05	7.4	2.270	6.63	0.928	0.000	69.6	103.7	91.6	0	0
mcp1k	386948	receiver_type	79048-93077	4	11	13	79048	-7.28	-4.96	2.5	1.141	2.06	0.986	shower	11	11	93077	-7.05	-9.12	7.4	2.270	6.63	0.928	0.000	62.9	105.4	87.0	0	0
mcp1k	386948	receiver_type	79048-93078	4	11	13	79048	-7.28	-4.96	2.5	1.141	2.06	0.986	shower	11	11	93078	-9.12	-8.15	3.1	1.870	3.20	0.974	0.000	69.6	103.7	111.2	0	0
mcp1k	386948	receiver_type	79048-93078	4	11	13	79048	-7.28	-4.96	2.5	1.141	2.06	0.986	shower	11	11	93078	-8.15	-9.12	3.1	1.870	3.20	0.974	0.000	71.6	104.3	63.8	0	0
mcp1k	386948	receiver_type	79048-93079	4	11	13	79048	-7.28	-4.96	2.5	1.141	2.06	0.986	shower	11	11	93079	-7.05	-5.60	2.5	1.124	5.99	0.753	0.000	62.9	105.4	109.4	0	0
mcp1k	386948	receiver_type	79048-93079	4	11	13	79048	-7.28	-4.96	2.5	1.141	2.06	0.986	shower	11	11	93079	-5.60	-7.05	2.5	1.124	5.99	0.753	0.000	62.1	106.7	46.8	0	0
mcp1k	386948	receiver_type	79048-93080	4	11	13	79048	-7.28	-4.96	2.5	1.141	2.06	0.986	shower	11	11	93080	-5.60	-4.15	7.4	0.784	3.77	0.507	0.000	62.1	106.7	112.2	0	0
mcp1k	386948	receiver_type	79048-93080	4	11	13	79048	-7.28	-4.96	2.5	1.141	2.06	0.986	shower	11	11	93080	-4.15	-5.60	7.4	0.784	3.77	0.507	0.000	59.0	107.9	115.0	0	0
mcp1k	386948	receiver_type	79048-93081	4	11	13	79048	-7.28	-4.96	2.5	1.141	2.06	0.986	shower	11	11	93081	-5.60	-0.46	8.0	0.966	3.64	0.669	0.071	62.1	106.7	154.1	0	0
mcp1k	386948	receiver_type	79048-93081	4	11	13	79048	-7.28	-4.96	2.5	1.141	2.06	0.986	shower	11	11	93081	-0.46	-5.60	8.0	0.966	3.64	0.669	0.071	62.9	111.5	7.9	0	0
mcp1k	386948	receiver_type	16003-80050	17	11	11	80050	-1.38	-0.88	7.4	0.785	5.11	0.891	shower	11	11	16003	-10.03	-11.71	5.6	0.877	6.44	0.792	0.400	51.0	77.0	133.8	0	0
mcp1k	386948	receiver_type	16003-80050	17	11	11	80050	-1.38	-0.88	7.4	0.785	5.11	0.891	shower	11	11	16003	-11.71	-10.03	5.6	0.877	6.44	0.792	0.400	47.4	78.4	82.5	0	0
mcp1k	386948	receiver_type	16008-80050	17	11	11	80050	-1.38	-0.88	7.4	0.785	5.11	0.891	shower	11	11	16008	-7.37	-4.25	4.9	1.416	3.96	0.886	0.000	56.7	76.0	125.6	0	0
mcp1k	386948	receiver_type	16008-80050	17	11	11	80050	-1.38	-0.88	7.4	0.785	5.11	0.891	shower	11	11	16008	-4.25	-7.37	4.9	1.416	3.96	0.886	0.000	58.5	78.1	81.4	0	0
mcp1k	386948	receiver_type	16010-80050	17	11	11	80050	-1.38	-0.88	7.4	0.785	5.11	0.891	shower	11	11	16010	-7.37	-7.24	5.2	0.990	8.35	0.941	0.000	56.7	76.0	129.6	0	0
mcp1k	386948	receiver_type	16010-80050	17	11	11	80050	-1.38	-0.88	7.4	0.785	5.11	0.891	shower	11	11	16010	-7.24	-7.37	5.2	0.990	8.35	0.941	0.000	59.6	79.9	48.4	0	0
mcp1k	386948	receiver_type	16012-80050	17	11	11	80050	-1.38	-0.88	7.4	0.785	5.11	0.891	shower	11	11	16012	-7.24	-6.97	9.7	1.077	5.81	0.890	0.000	59.6	79.9	171.0	0	0
mcp1k	386948	receiver_type	16012-80050	17	11	11	80050	-1.38	-0.88	7.4	0.785	5.11	0.891	shower	11	11	16012	-6.97	-7.24	9.7	1.077	5.81	0.890	0.000	59.8	88.1	7.1	0	0
mcp1k	386948	receiver_type	16019-80050	17	11	11	80050	-1.38	-0.88	7.4	0.785	5.11	0.891	shower	11	11	16019	-9.60	-11.28	3.4	1.570	5.05	0.972	0.000	60.0	72.8	29.6	0	0
mcp1k	386948	receiver_type	16019-80050	17	11	11	80050	-1.38	-0.88	7.4	0.785	5.11	0.891	shower	11	11	16019	-11.28	-9.60	3.4	1.570	5.05	0.972	0.000	61.0	70.4	144.9	0	0
mcp1k	386948	receiver_type	16020-80050	17	11	11	80050	-1.38	-0.88	7.4	0.785	5.11	0.891	shower	11	11	16020	-9.56	-16.00	11.5	0.996	3.13	0.798	0.000	58.5	78.3	121.5	0	0
mcp1k	386948	receiver_type	16021-80050	17	11	11	80050	-1.38	-0.88	7.4	0.785	5.11	0.891	shower	11	11	16021	-9.56	-7.37	3.9	0.837	5.21	0.882	0.000	58.5	78.3	65.9	0	0
mcp1k	386948	receiver_type	16021-80050	17	11	11	80050	-1.38	-0.88	7.4	0.785	5.11	0.891	shower	11	11	16021	-7.37	-9.56	3.9	0.837	5.21	0.882	0.000	56.7	76.0	129.0	0	0
mcp1k	386948	receiver_type	16022-80050	17	11	11	80050	-1.38	-0.88	7.4	0.785	5.11	0.891	shower	11	11	16022	-9.56	-10.03	9.1	2.334	10.94	0.856	0.062	58.5	78.3	106.2	0	0
mcp1k	386948	receiver_type	16022-80050	17	11	11	80050	-1.38	-0.88	7.4	0.785	5.11	0.891	shower	11	11	16022	-10.03	-9.56	9.1	2.334	10.94	0.856	0.062	51.0	77.0	100.1	0	0
mcp1k	386948	receiver_type	16023-80050	17	11	11	80050	-1.38	-0.88	7.4	0.785	5.11	0.891	shower	11	11	16023	-10.03	-13.02	24.8	1.548	7.02	0.919	0.024	51.0	77.0	39.8	0	0
mcp1k	386948	receiver_type	16024-80050	17	11	11	80050	-1.38	-0.88	7.4	0.785	5.11	0.891	shower	11	11	16024	-7.37	-9.60	8.4	2.300	7.42	0.599	0.000	56.7	76.0	57.5	0	0
mcp1k	386948	receiver_type	16024-80050	17	11	11	80050	-1.38	-0.88	7.4	0.785	5.11	0.891	shower	11	11	16024	-9.60	-7.37	8.4	2.300	7.42	0.599	0.000	60.0	72.8	153.3	0	0
mcp1k	386948	receiver_type	79047-80050	17	11	11	80050	-1.38	-0.88	7.4	0.785	5.11	0.891	shower	11	11	79047	-0.84	-4.96	12.0	1.249	2.33	0.914	0.000	36.7	172.2	161.9	0	0
mcp1k	386948	receiver_type	79047-80050	17	11	11	80050	-1.38	-0.88	7.4	0.785	5.11	0.891	shower	11	11	79047	-4.96	-0.84	12.0	1.249	2.33	0.914	0.000	46.9	172.0	26.9	0	0
mcp1k	386948	receiver_type	79048-80050	17	11	11	80050	-1.38	-0.88	7.4	0.785	5.11	0.891	shower	11	13	79048	-4.96	-7.28	2.5	1.141	2.06	0.986	0.000	46.9	172.0	113.6	0	0
mcp1k	386948	receiver_type	79048-80050	17	11	11	80050	-1.38	-0.88	7.4	0.785	5.11	0.891	shower	11	13	79048	-7.28	-4.96	2.5	1.141	2.06	0.986	0.000	47.9	171.0	72.4	0	0
mcp1k	386948	receiver_type	16003-80050	17	11	11	80050	-0.88	-1.38	7.4	0.785	5.11	0.891	shower	11	11	16003	-10.03	-11.71	5.6	0.877	6.44	0.792	0.400	52.7	106.7	56.9	0	0
mcp1k	386948	receiver_type	16003-80050	17	11	11	80050	-0.88	-1.38	7.4	0.785	5.11	0.891	shower	11	11	16003	-11.71	-10.03	5.6	0.877	6.44	0.792	0.400	49.0	106.5	89.2	0	0
mcp1k	386948	receiver_type	16008-80050	17	11	11	80050	-0.88	-1.38	7.4	0.785	5.11	0.891	shower	11	11	16008	-7.37	-4.25	4.9	1.416	3.96	0.886	0.000	58.4	106.1	42.5	0	0
mcp1k	386948	receiver_type	16008-80050	17	11	11	80050	-0.88	-1.38	7.4	0.785	5.11	0.891	shower	11	11	16008	-4.25	-7.37	4.9	1.416	3.96	0.886	0.000	60.0	103.4	110.4	0	0
mcp1k	386948	receiver_type	16010-80050	17	11	11	80050	-0.88	-1.38	7.4	0.785	5.11	0.891	shower	11	11	16010	-7.37	-7.24	5.2	0.990	8.35	0.941	0.000	58.4	106.1	47.0	0	0
mcp1k	386948	receiver_type	16010-80050	17	11	11	80050	-0.88	-1.38	7.4	0.785	5.11	0.891	shower	11	11	16010	-7.24	-7.37	5.2	0.990	8.35	0.941	0.000	60.9	102.1	137.7	0	0
mcp1k	386948	receiver_type	16012-80050	17	11	11	80050	-0.88	-1.38	7.4	0.785	5.11	0.891	shower	11	11	16012	-7.24	-6.97	9.7	1.077	5.81	0.890	0.000	60.9	102.1	6.8	0	0
mcp1k	386948	receiver_type	16012-80050	17	11	11	80050	-0.88	-1.38	7.4	0.785	5.11	0.891	shower	11	11	16012	-6.97	-7.24	9.7	1.077	5.81	0.890	0.000	60.1	94.1	170.3	0	0
mcp1k	386948	receiver_type	16019-80050	17	11	11	80050	-0.88	-1.38	7.4	0.785	5.11	0.891	shower	11	11	16019	-9.60	-11.28	3.4	1.570	5.05	0.972	0.000	62.1	109.2	160.2	0	0
mcp1k	386948	receiver_type	16019-80050	17	11	11	80050	-0.88	-1.38	7.4	0.785	5.11	0.891	shower	11	11	16019	-11.28	-9.60	3.4	1.570	5.05	0.972	0.000	63.4	111.8	23.3	0	0
mcp1k	386948	receiver_type	16020-80050	17	11	11	80050	-0.88	-1.38	7.4	0.785	5.11	0.891	shower	11	11	16020	-9.56	-16.00	11.5	0.996	3.13	0.798	0.000	60.0	104.2	61.9	0	0
mcp1k	386948	receiver_type	16021-80050	17	11	11	80050	-0.88	-1.38	7.4	0.785	5.11	0.891	shower	11	11	16021	-9.56	-7.37	3.9	0.837	5.21	0.882	0.000	60.0	104.2	109.0	0	0
mcp1k	386948	receiver_type	16021-80050	17	11	11	80050	-0.88	-1.38	7.4	0.785	5.11	0.891	shower	11	11	16021	-7.37	-9.56	3.9	0.837	5.21	0.882	0.000	58.4	106.1	56.7	0	0
mcp1k	386948	receiver_type	16022-80050	17	11	11	80050	-0.88	-1.38	7.4	0.785	5.11	0.891	shower	11	11	16022	-9.56	-10.03	9.1	2.334	10.94	0.856	0.062	60.0	104.2	80.0	0	0
mcp1k	386948	receiver_type	16022-80050	17	11	11	80050	-0.88	-1.38	7.4	0.785	5.11	0.891	shower	11	11	16022	-10.03	-9.56	9.1	2.334	10.94	0.856	0.062	52.7	106.7	74.6	0	0
mcp1k	386948	receiver_type	16023-80050	17	11	11	80050	-0.88	-1.38	7.4	0.785	5.11	0.891	shower	11	11	16023	-10.03	-13.02	24.8	1.548	7.02	0.919	0.024	52.7	106.7	145.1	0	0
mcp1k	386948	receiver_type	16024-80050	17	11	11	80050	-0.88	-1.38	7.4	0.785	5.11	0.891	shower	11	11	16024	-7.37	-9.60	8.4	2.300	7.42	0.599	0.000	58.4	106.1	122.0	0	0
mcp1k	386948	receiver_type	16024-80050	17	11	11	80050	-0.88	-1.38	7.4	0.785	5.11	0.891	shower	11	11	16024	-9.60	-7.37	8.4	2.300	7.42	0.599	0.000	62.1	109.2	15.6	0	0
mcp1k	386948	receiver_type	79047-80050	17	11	11	80050	-0.88	-1.38	7.4	0.785	5.11	0.891	shower	11	11	79047	-0.84	-4.96	12.0	1.249	2.33	0.914	0.000	30.2	17.7	30.2	0	0
mcp1k	386948	receiver_type	79047-80050	17	11	11	80050	-0.88	-1.38	7.4	0.785	5.11	0.891	shower	11	11	79047	-4.96	-0.84	12.0	1.249	2.33	0.914	0.000	40.6	21.0	141.3	0	0
mcp1k	386948	receiver_type	79048-80050	17	11	11	80050	-0.88	-1.38	7.4	0.785	5.11	0.891	shower	11	13	79048	-4.96	-7.28	2.5	1.141	2.06	0.986	0.000	40.6	21.0	76.5	0	0
mcp1k	386948	receiver_type	79048-80050	17	11	11	80050	-0.88	-1.38	7.4	0.785	5.11	0.891	shower	11	13	79048	-7.28	-4.96	2.5	1.141	2.06	0.986	0.000	41.6	23.0	97.0	0	0
mcp1k	386948	receiver_type	16003-80051	17	11	11	80051	-0.88	-1.43	8.8	1.222	3.56	0.870	shower	11	11	16003	-10.03	-11.71	5.6	0.877	6.44	0.792	0.400	52.7	44.2	158.3	0	0
mcp1k	386948	receiver_type	16003-80051	17	11	11	80051	-0.88	-1.43	8.8	1.222	3.56	0.870	shower	11	11	16003	-11.71	-10.03	5.6	0.877	6.44	0.792	0.400	49.0	45.7	53.9	0	0
mcp1k	386948	receiver_type	16008-80051	17	11	11	80051	-0.88	-1.43	8.8	1.222	3.56	0.870	shower	11	11	16008	-7.37	-4.25	4.9	1.416	3.96	0.886	0.000	58.4	43.1	102.8	0	0
mcp1k	386948	receiver_type	16008-80051	17	11	11	80051	-0.88	-1.43	8.8	1.222	3.56	0.870	shower	11	11	16008	-4.25	-7.37	4.9	1.416	3.96	0.886	0.000	60.0	44.5	104.0	0	0
mcp1k	386948	receiver_type	16010-80051	17	11	11	80051	-0.88	-1.43	8.8	1.222	3.56	0.870	shower	11	11	16010	-7.37	-7.24	5.2	0.990	8.35	0.941	0.000	58.4	43.1	101.5	0	0
mcp1k	386948	receiver_type	16010-80051	17	11	11	80051	-0.88	-1.43	8.8	1.222	3.56	0.870	shower	11	11	16010	-7.24	-7.37	5.2	0.990	8.35	0.941	0.000	60.9	46.8	77.2	0	0
mcp1k	386948	receiver_type	16012-80051	17	11	11	80051	-0.88	-1.43	8.8	1.222	3.56	0.870	shower	11	11	16012	-7.24	-6.97	9.7	1.077	5.81	0.890	0.000	60.9	46.8	142.6	0	0
mcp1k	386948	receiver_type	16012-80051	17	11	11	80051	-0.88	-1.43	8.8	1.222	3.56	0.870	shower	11	11	16012	-6.97	-7.24	9.7	1.077	5.81	0.890	0.000	60.1	54.7	35.9	0	0
mcp1k	386948	receiver_type	16019-80051	17	11	11	80051	-0.88	-1.43	8.8	1.222	3.56	0.870	shower	11	11	16019	-9.60	-11.28	3.4	1.570	5.05	0.972	0.000	62.1	40.9	43.2	0	0
mcp1k	386948	receiver_type	16019-80051	17	11	11	80051	-0.88	-1.43	8.8	1.222	3.56	0.870	shower	11	11	16019	-11.28	-9.60	3.4	1.570	5.05	0.972	0.000	63.4	39.1	126.9	0	0
mcp1k	386948	receiver_type	16020-80051	17	11	11	80051	-0.88	-1.43	8.8	1.222	3.56	0.870	shower	11	11	16020	-9.56	-16.00	11.5	0.996	3.13	0.798	0.000	60.0	45.8	101.0	0	0
mcp1k	386948	receiver_type	16021-80051	17	11	11	80051	-0.88	-1.43	8.8	1.222	3.56	0.870	shower	11	11	16021	-9.56	-7.37	3.9	0.837	5.21	0.882	0.000	60.0	45.8	82.6	0	0
mcp1k	386948	receiver_type	16021-80051	17	11	11	80051	-0.88	-1.43	8.8	1.222	3.56	0.870	shower	11	11	16021	-7.37	-9.56	3.9	0.837	5.21	0.882	0.000	58.4	43.1	111.5	0	0
mcp1k	386948	receiver_type	16022-80051	17	11	11	80051	-0.88	-1.43	8.8	1.222	3.56	0.870	shower	11	11	16022	-9.56	-10.03	9.1	2.334	10.94	0.856	0.062	60.0	45.8	134.7	0	0
mcp1k	386948	receiver_type	16022-80051	17	11	11	80051	-0.88	-1.43	8.8	1.222	3.56	0.870	shower	11	11	16022	-10.03	-9.56	9.1	2.334	10.94	0.856	0.062	52.7	44.2	71.6	0	0
mcp1k	386948	receiver_type	16023-80051	17	11	11	80051	-0.88	-1.43	8.8	1.222	3.56	0.870	shower	11	11	16023	-10.03	-13.02	24.8	1.548	7.02	0.919	0.024	52.7	44.2	68.4	0	0
mcp1k	386948	receiver_type	16024-80051	17	11	11	80051	-0.88	-1.43	8.8	1.222	3.56	0.870	shower	11	11	16024	-7.37	-9.60	8.4	2.300	7.42	0.599	0.000	58.4	43.1	37.8	0	0
mcp1k	386948	receiver_type	16024-80051	17	11	11	80051	-0.88	-1.43	8.8	1.222	3.56	0.870	shower	11	11	16024	-9.60	-7.37	8.4	2.300	7.42	0.599	0.000	62.1	40.9	135.6	0	0
mcp1k	386948	receiver_type	79047-80051	17	11	11	80051	-0.88	-1.43	8.8	1.222	3.56	0.870	shower	11	11	79047	-0.84	-4.96	12.0	1.249	2.33	0.914	0.000	30.2	160.2	159.7	0	0
mcp1k	386948	receiver_type	79047-80051	17	11	11	80051	-0.88	-1.43	8.8	1.222	3.56	0.870	shower	11	11	79047	-4.96	-0.84	12.0	1.249	2.33	0.914	0.000	40.6	160.8	31.4	0	0
mcp1k	386948	receiver_type	79048-80051	17	11	11	80051	-0.88	-1.43	8.8	1.222	3.56	0.870	shower	11	13	79048	-4.96	-7.28	2.5	1.141	2.06	0.986	0.000	40.6	160.8	111.1	0	0
mcp1k	386948	receiver_type	79048-80051	17	11	11	80051	-0.88	-1.43	8.8	1.222	3.56	0.870	shower	11	13	79048	-7.28	-4.96	2.5	1.141	2.06	0.986	0.000	41.6	160.1	71.7	0	0
mcp1k	386948	receiver_type	16003-80051	17	11	11	80051	-1.43	-0.88	8.8	1.222	3.56	0.870	shower	11	11	16003	-10.03	-11.71	5.6	0.877	6.44	0.792	0.400	58.0	130.9	33.9	0	0
mcp1k	386948	receiver_type	16003-80051	17	11	11	80051	-1.43	-0.88	8.8	1.222	3.56	0.870	shower	11	11	16003	-11.71	-10.03	5.6	0.877	6.44	0.792	0.400	54.2	130.4	112.4	0	0
mcp1k	386948	receiver_type	16008-80051	17	11	11	80051	-1.43	-0.88	8.8	1.222	3.56	0.870	shower	11	11	16008	-7.37	-4.25	4.9	1.416	3.96	0.886	0.000	63.8	130.8	64.6	0	0
mcp1k	386948	receiver_type	16008-80051	17	11	11	80051	-1.43	-0.88	8.8	1.222	3.56	0.870	shower	11	11	16008	-4.25	-7.37	4.9	1.416	3.96	0.886	0.000	65.1	128.8	88.3	0	0
mcp1k	386948	receiver_type	16010-80051	17	11	11	80051	-1.43	-0.88	8.8	1.222	3.56	0.870	shower	11	11	16010	-7.37	-7.24	5.2	0.990	8.35	0.941	0.000	63.8	130.8	66.0	0	0
mcp1k	386948	receiver_type	16010-80051	17	11	11	80051	-1.43	-0.88	8.8	1.222	3.56	0.870	shower	11	11	16010	-7.24	-7.37	5.2	0.990	8.35	0.941	0.000	65.9	126.9	116.2	0	0
mcp1k	386948	receiver_type	16012-80051	17	11	11	80051	-1.43	-0.88	8.8	1.222	3.56	0.870	shower	11	11	16012	-7.24	-6.97	9.7	1.077	5.81	0.890	0.000	65.9	126.9	23.7	0	0
mcp1k	386948	receiver_type	16012-80051	17	11	11	80051	-1.43	-0.88	8.8	1.222	3.56	0.870	shower	11	11	16012	-6.97	-7.24	9.7	1.077	5.81	0.890	0.000	64.2	119.5	157.4	0	0
mcp1k	386948	receiver_type	16019-80051	17	11	11	80051	-1.43	-0.88	8.8	1.222	3.56	0.870	shower	11	11	16019	-9.60	-11.28	3.4	1.570	5.05	0.972	0.000	67.6	132.9	147.5	0	0
mcp1k	386948	receiver_type	16019-80051	17	11	11	80051	-1.43	-0.88	8.8	1.222	3.56	0.870	shower	11	11	16019	-11.28	-9.60	3.4	1.570	5.05	0.972	0.000	69.1	134.8	41.4	0	0
mcp1k	386948	receiver_type	16020-80051	17	11	11	80051	-1.43	-0.88	8.8	1.222	3.56	0.870	shower	11	11	16020	-9.56	-16.00	11.5	0.996	3.13	0.798	0.000	65.0	128.4	71.0	0	0
mcp1k	386948	receiver_type	16021-80051	17	11	11	80051	-1.43	-0.88	8.8	1.222	3.56	0.870	shower	11	11	16021	-9.56	-7.37	3.9	0.837	5.21	0.882	0.000	65.0	128.4	103.2	0	0
mcp1k	386948	receiver_type	16021-80051	17	11	11	80051	-1.43	-0.88	8.8	1.222	3.56	0.870	shower	11	11	16021	-7.37	-9.56	3.9	0.837	5.21	0.882	0.000	63.8	130.8	61.9	0	0
mcp1k	386948	receiver_type	16022-80051	17	11	11	80051	-1.43	-0.88	8.8	1.222	3.56	0.870	shower	11	11	16022	-9.56	-10.03	9.1	2.334	10.94	0.856	0.062	65.0	128.4	58.2	0	0
mcp1k	386948	receiver_type	16022-80051	17	11	11	80051	-1.43	-0.88	8.8	1.222	3.56	0.870	shower	11	11	16022	-10.03	-9.56	9.1	2.334	10.94	0.856	0.062	58.0	130.9	95.5	0	0
mcp1k	386948	receiver_type	16023-80051	17	11	11	80051	-1.43	-0.88	8.8	1.222	3.56	0.870	shower	11	11	16023	-10.03	-13.02	24.8	1.548	7.02	0.919	0.024	58.0	130.9	124.7	0	0
mcp1k	386948	receiver_type	16024-80051	17	11	11	80051	-1.43	-0.88	8.8	1.222	3.56	0.870	shower	11	11	16024	-7.37	-9.60	8.4	2.300	7.42	0.599	0.000	63.8	130.8	135.9	0	0
mcp1k	386948	receiver_type	16024-80051	17	11	11	80051	-1.43	-0.88	8.8	1.222	3.56	0.870	shower	11	11	16024	-9.60	-7.37	8.4	2.300	7.42	0.599	0.000	67.6	132.9	32.4	0	0
mcp1k	386948	receiver_type	79047-80051	17	11	11	80051	-1.43	-0.88	8.8	1.222	3.56	0.870	shower	11	11	79047	-0.84	-4.96	12.0	1.249	2.33	0.914	0.000	22.8	10.4	15.8	0	0
mcp1k	386948	receiver_type	79047-80051	17	11	11	80051	-1.43	-0.88	8.8	1.222	3.56	0.870	shower	11	11	79047	-4.96	-0.84	12.0	1.249	2.33	0.914	0.000	33.2	10.6	151.3	0	0
mcp1k	386948	receiver_type	79048-80051	17	11	11	80051	-1.43	-0.88	8.8	1.222	3.56	0.870	shower	11	13	79048	-4.96	-7.28	2.5	1.141	2.06	0.986	0.000	33.2	10.6	69.8	0	0
mcp1k	386948	receiver_type	79048-80051	17	11	11	80051	-1.43	-0.88	8.8	1.222	3.56	0.870	shower	11	13	79048	-7.28	-4.96	2.5	1.141	2.06	0.986	0.000	34.3	13.2	105.7	0	0
mcp1k	386948	receiver_type	16003-80052	17	11	11	80052	-0.88	-3.70	7.2	0.982	3.96	0.693	shower	11	11	16003	-10.03	-11.71	5.6	0.877	6.44	0.792	0.400	52.7	58.2	144.6	0	0
mcp1k	386948	receiver_type	16003-80052	17	11	11	80052	-0.88	-3.70	7.2	0.982	3.96	0.693	shower	11	11	16003	-11.71	-10.03	5.6	0.877	6.44	0.792	0.400	49.0	61.0	30.8	0	0
mcp1k	386948	receiver_type	16008-80052	17	11	11	80052	-0.88	-3.70	7.2	0.982	3.96	0.693	shower	11	11	16008	-7.37	-4.25	4.9	1.416	3.96	0.886	0.000	58.4	54.6	46.9	0	0
mcp1k	386948	receiver_type	16008-80052	17	11	11	80052	-0.88	-3.70	7.2	0.982	3.96	0.693	shower	11	11	16008	-4.25	-7.37	4.9	1.416	3.96	0.886	0.000	60.0	51.3	160.3	0	0
mcp1k	386948	receiver_type	16010-80052	17	11	11	80052	-0.88	-3.70	7.2	0.982	3.96	0.693	shower	11	11	16010	-7.37	-7.24	5.2	0.990	8.35	0.941	0.000	58.4	54.6	70.1	0	0
mcp1k	386948	receiver_type	16010-80052	17	11	11	80052	-0.88	-3.70	7.2	0.982	3.96	0.693	shower	11	11	16010	-7.24	-7.37	5.2	0.990	8.35	0.941	0.000	60.9	54.0	116.4	0	0
mcp1k	386948	receiver_type	16012-80052	17	11	11	80052	-0.88	-3.70	7.2	0.982	3.96	0.693	shower	11	11	16012	-7.24	-6.97	9.7	1.077	5.81	0.890	0.000	60.9	54.0	92.5	0	0
mcp1k	386948	receiver_type	16012-80052	17	11	11	80052	-0.88	-3.70	7.2	0.982	3.96	0.693	shower	11	11	16012	-6.97	-7.24	9.7	1.077	5.81	0.890	0.000	60.1	54.2	84.7	0	0
mcp1k	386948	receiver_type	16019-80052	17	11	11	80052	-0.88	-3.70	7.2	0.982	3.96	0.693	shower	11	11	16019	-9.60	-11.28	3.4	1.570	5.05	0.972	0.000	62.1	56.6	100.2	0	0
mcp1k	386948	receiver_type	16019-80052	17	11	11	80052	-0.88	-3.70	7.2	0.982	3.96	0.693	shower	11	11	16019	-11.28	-9.60	3.4	1.570	5.05	0.972	0.000	63.4	58.3	69.9	0	0
mcp1k	386948	receiver_type	16020-80052	17	11	11	80052	-0.88	-3.70	7.2	0.982	3.96	0.693	shower	11	11	16020	-9.56	-16.00	11.5	0.996	3.13	0.798	0.000	60.0	56.4	92.9	0	0
mcp1k	386948	receiver_type	16021-80052	17	11	11	80052	-0.88	-3.70	7.2	0.982	3.96	0.693	shower	11	11	16021	-9.56	-7.37	3.9	0.837	5.21	0.882	0.000	60.0	56.4	80.2	0	0
mcp1k	386948	receiver_type	16021-80052	17	11	11	80052	-0.88	-3.70	7.2	0.982	3.96	0.693	shower	11	11	16021	-7.37	-9.56	3.9	0.837	5.21	0.882	0.000	58.4	54.6	102.8	0	0
mcp1k	386948	receiver_type	16022-80052	17	11	11	80052	-0.88	-3.70	7.2	0.982	3.96	0.693	shower	11	11	16022	-9.56	-10.03	9.1	2.334	10.94	0.856	0.062	60.0	56.4	136.6	0	0
mcp1k	386948	receiver_type	16022-80052	17	11	11	80052	-0.88	-3.70	7.2	0.982	3.96	0.693	shower	11	11	16022	-10.03	-9.56	9.1	2.334	10.94	0.856	0.062	52.7	58.2	50.8	0	0
mcp1k	386948	receiver_type	16023-80052	17	11	11	80052	-0.88	-3.70	7.2	0.982	3.96	0.693	shower	11	11	16023	-10.03	-13.02	24.8	1.548	7.02	0.919	0.024	52.7	58.2	108.0	0	0
mcp1k	386948	receiver_type	16024-80052	17	11	11	80052	-0.88	-3.70	7.2	0.982	3.96	0.693	shower	11	11	16024	-7.37	-9.60	8.4	2.300	7.42	0.599	0.000	58.4	54.6	71.9	0	0
mcp1k	386948	receiver_type	16024-80052	17	11	11	80052	-0.88	-3.70	7.2	0.982	3.96	0.693	shower	11	11	16024	-9.60	-7.37	8.4	2.300	7.42	0.599	0.000	62.1	56.6	78.8	0	0
mcp1k	386948	receiver_type	79047-80052	17	11	11	80052	-0.88	-3.70	7.2	0.982	3.96	0.693	shower	11	11	79047	-0.84	-4.96	12.0	1.249	2.33	0.914	0.000	30.2	106.3	118.9	0	0
mcp1k	386948	receiver_type	79047-80052	17	11	11	80052	-0.88	-3.70	7.2	0.982	3.96	0.693	shower	11	11	79047	-4.96	-0.84	12.0	1.249	2.33	0.914	0.000	40.6	110.4	57.3	0	0
mcp1k	386948	receiver_type	79048-80052	17	11	11	80052	-0.88	-3.70	7.2	0.982	3.96	0.693	shower	11	13	79048	-4.96	-7.28	2.5	1.141	2.06	0.986	0.000	40.6	110.4	129.6	0	0
mcp1k	386948	receiver_type	79048-80052	17	11	11	80052	-0.88	-3.70	7.2	0.982	3.96	0.693	shower	11	13	79048	-7.28	-4.96	2.5	1.141	2.06	0.986	0.000	41.6	112.3	45.5	0	0
mcp1k	386948	receiver_type	16003-80052	17	11	11	80052	-3.70	-0.88	7.2	0.982	3.96	0.693	shower	11	11	16003	-10.03	-11.71	5.6	0.877	6.44	0.792	0.400	56.2	138.5	12.3	0	0
mcp1k	386948	receiver_type	16003-80052	17	11	11	80052	-3.70	-0.88	7.2	0.982	3.96	0.693	shower	11	11	16003	-11.71	-10.03	5.6	0.877	6.44	0.792	0.400	52.4	136.8	132.1	0	0
mcp1k	386948	receiver_type	16008-80052	17	11	11	80052	-3.70	-0.88	7.2	0.982	3.96	0.693	shower	11	11	16008	-7.37	-4.25	4.9	1.416	3.96	0.886	0.000	62.1	139.9	86.2	0	0
mcp1k	386948	receiver_type	16008-80052	17	11	11	80052	-3.70	-0.88	7.2	0.982	3.96	0.693	shower	11	11	16008	-4.25	-7.37	4.9	1.416	3.96	0.886	0.000	63.7	139.2	66.8	0	0
mcp1k	386948	receiver_type	16010-80052	17	11	11	80052	-3.70	-0.88	7.2	0.982	3.96	0.693	shower	11	11	16010	-7.37	-7.24	5.2	0.990	8.35	0.941	0.000	62.1	139.9	82.3	0	0
mcp1k	386948	receiver_type	16010-80052	17	11	11	80052	-3.70	-0.88	7.2	0.982	3.96	0.693	shower	11	11	16010	-7.24	-7.37	5.2	0.990	8.35	0.941	0.000	64.5	136.6	97.4	0	0
mcp1k	386948	receiver_type	16012-80052	17	11	11	80052	-3.70	-0.88	7.2	0.982	3.96	0.693	shower	11	11	16012	-7.24	-6.97	9.7	1.077	5.81	0.890	0.000	64.5	136.6	44.0	0	0
mcp1k	386948	receiver_type	16012-80052	17	11	11	80052	-3.70	-0.88	7.2	0.982	3.96	0.693	shower	11	11	16012	-6.97	-7.24	9.7	1.077	5.81	0.890	0.000	63.5	129.7	138.0	0	0
mcp1k	386948	receiver_type	16019-80052	17	11	11	80052	-3.70	-0.88	7.2	0.982	3.96	0.693	shower	11	11	16019	-9.60	-11.28	3.4	1.570	5.05	0.972	0.000	65.7	141.3	127.3	0	0
mcp1k	386948	receiver_type	16019-80052	17	11	11	80052	-3.70	-0.88	7.2	0.982	3.96	0.693	shower	11	11	16019	-11.28	-9.60	3.4	1.570	5.05	0.972	0.000	66.9	142.4	62.5	0	0
mcp1k	386948	receiver_type	16020-80052	17	11	11	80052	-3.70	-0.88	7.2	0.982	3.96	0.693	shower	11	11	16020	-9.56	-16.00	11.5	0.996	3.13	0.798	0.000	63.5	137.1	77.9	0	0
mcp1k	386948	receiver_type	16021-80052	17	11	11	80052	-3.70	-0.88	7.2	0.982	3.96	0.693	shower	11	11	16021	-9.56	-7.37	3.9	0.837	5.21	0.882	0.000	63.5	137.1	100.2	0	0
mcp1k	386948	receiver_type	16021-80052	17	11	11	80052	-3.70	-0.88	7.2	0.982	3.96	0.693	shower	11	11	16021	-7.37	-9.56	3.9	0.837	5.21	0.882	0.000	62.1	139.9	66.7	0	0
mcp1k	386948	receiver_type	16022-80052	17	11	11	80052	-3.70	-0.88	7.2	0.982	3.96	0.693	shower	11	11	16022	-9.56	-10.03	9.1	2.334	10.94	0.856	0.062	63.5	137.1	42.0	0	0
mcp1k	386948	receiver_type	16022-80052	17	11	11	80052	-3.70	-0.88	7.2	0.982	3.96	0.693	shower	11	11	16022	-10.03	-9.56	9.1	2.334	10.94	0.856	0.062	56.2	138.5	112.1	0	0
mcp1k	386948	receiver_type	16023-80052	17	11	11	80052	-3.70	-0.88	7.2	0.982	3.96	0.693	shower	11	11	16023	-10.03	-13.02	24.8	1.548	7.02	0.919	0.024	56.2	138.5	106.5	0	0
mcp1k	386948	receiver_type	16024-80052	17	11	11	80052	-3.70	-0.88	7.2	0.982	3.96	0.693	shower	11	11	16024	-7.37	-9.60	8.4	2.300	7.42	0.599	0.000	62.1	139.9	137.4	0	0
mcp1k	386948	receiver_type	16024-80052	17	11	11	80052	-3.70	-0.88	7.2	0.982	3.96	0.693	shower	11	11	16024	-9.60	-7.37	8.4	2.300	7.42	0.599	0.000	65.7	141.3	53.7	0	0
mcp1k	386948	receiver_type	79047-80052	17	11	11	80052	-3.70	-0.88	7.2	0.982	3.96	0.693	shower	11	11	79047	-0.84	-4.96	12.0	1.249	2.33	0.914	0.000	27.4	35.4	21.5	0	0
mcp1k	386948	receiver_type	79047-80052	17	11	11	80052	-3.70	-0.88	7.2	0.982	3.96	0.693	shower	11	11	79047	-4.96	-0.84	12.0	1.249	2.33	0.914	0.000	37.4	30.4	150.7	0	0
mcp1k	386948	receiver_type	79048-80052	17	11	11	80052	-3.70	-0.88	7.2	0.982	3.96	0.693	shower	11	13	79048	-4.96	-7.28	2.5	1.141	2.06	0.986	0.000	37.4	30.4	62.2	0	0
mcp1k	386948	receiver_type	79048-80052	17	11	11	80052	-3.70	-0.88	7.2	0.982	3.96	0.693	shower	11	13	79048	-7.28	-4.96	2.5	1.141	2.06	0.986	0.000	38.3	29.5	115.8	0	0
mcp1k	386948	receiver_type	16003-91068	17	11	11	91068	-9.82	-7.28	6.6	1.104	2.01	0.899	shower	11	11	16003	-10.03	-11.71	5.6	0.877	6.44	0.792	0.400	34.9	154.2	84.9	0	0
mcp1k	386948	receiver_type	16003-91068	17	11	11	91068	-9.82	-7.28	6.6	1.104	2.01	0.899	shower	11	11	16003	-11.71	-10.03	5.6	0.877	6.44	0.792	0.400	33.8	151.4	128.7	0	0
mcp1k	386948	receiver_type	16008-91068	17	11	11	91068	-9.82	-7.28	6.6	1.104	2.01	0.899	shower	11	11	16008	-7.37	-4.25	4.9	1.416	3.96	0.886	0.000	38.0	155.7	164.8	0	0
mcp1k	386948	receiver_type	16008-91068	17	11	11	91068	-9.82	-7.28	6.6	1.104	2.01	0.899	shower	11	11	16008	-4.25	-7.37	4.9	1.416	3.96	0.886	0.000	41.3	159.2	34.8	0	0
mcp1k	386948	receiver_type	16010-91068	17	11	11	91068	-9.82	-7.28	6.6	1.104	2.01	0.899	shower	11	11	16010	-7.37	-7.24	5.2	0.990	8.35	0.941	0.000	38.0	155.7	150.3	0	0
mcp1k	386948	receiver_type	16010-91068	17	11	11	91068	-9.82	-7.28	6.6	1.104	2.01	0.899	shower	11	11	16010	-7.24	-7.37	5.2	0.990	8.35	0.941	0.000	42.9	155.7	19.2	0	0
mcp1k	386948	receiver_type	16012-91068	17	11	11	91068	-9.82	-7.28	6.6	1.104	2.01	0.899	shower	11	11	16012	-7.24	-6.97	9.7	1.077	5.81	0.890	0.000	42.9	155.7	140.1	0	0
mcp1k	386948	receiver_type	16012-91068	17	11	11	91068	-9.82	-7.28	6.6	1.104	2.01	0.899	shower	11	11	16012	-6.97	-7.24	9.7	1.077	5.81	0.890	0.000	49.2	157.8	42.5	0	0
mcp1k	386948	receiver_type	16019-91068	17	11	11	91068	-9.82	-7.28	6.6	1.104	2.01	0.899	shower	11	11	16019	-9.60	-11.28	3.4	1.570	5.05	0.972	0.000	37.4	149.3	39.7	0	0
mcp1k	386948	receiver_type	16019-91068	17	11	11	91068	-9.82	-7.28	6.6	1.104	2.01	0.899	shower	11	11	16019	-11.28	-9.60	3.4	1.570	5.05	0.972	0.000	36.0	144.9	150.0	0	0
mcp1k	386948	receiver_type	16020-91068	17	11	11	91068	-9.82	-7.28	6.6	1.104	2.01	0.899	shower	11	11	16020	-9.56	-16.00	11.5	0.996	3.13	0.798	0.000	40.5	152.9	121.7	0	0
mcp1k	386948	receiver_type	16021-91068	17	11	11	91068	-9.82	-7.28	6.6	1.104	2.01	0.899	shower	11	11	16021	-9.56	-7.37	3.9	0.837	5.21	0.882	0.000	40.5	152.9	69.3	0	0
mcp1k	386948	receiver_type	16021-91068	17	11	11	91068	-9.82	-7.28	6.6	1.104	2.01	0.899	shower	11	11	16021	-7.37	-9.56	3.9	0.837	5.21	0.882	0.000	38.0	155.7	118.0	0	0
mcp1k	386948	receiver_type	16022-91068	17	11	11	91068	-9.82	-7.28	6.6	1.104	2.01	0.899	shower	11	11	16022	-9.56	-10.03	9.1	2.334	10.94	0.856	0.062	40.5	152.9	64.3	0	0
mcp1k	386948	receiver_type	16022-91068	17	11	11	91068	-9.82	-7.28	6.6	1.104	2.01	0.899	shower	11	11	16022	-10.03	-9.56	9.1	2.334	10.94	0.856	0.062	34.9	154.2	137.2	0	0
mcp1k	386948	receiver_type	16023-91068	17	11	11	91068	-9.82	-7.28	6.6	1.104	2.01	0.899	shower	11	11	16023	-10.03	-13.02	24.8	1.548	7.02	0.919	0.024	34.9	154.2	22.9	0	0
mcp1k	386948	receiver_type	16024-91068	17	11	11	91068	-9.82	-7.28	6.6	1.104	2.01	0.899	shower	11	11	16024	-7.37	-9.60	8.4	2.300	7.42	0.599	0.000	38.0	155.7	86.7	0	0
mcp1k	386948	receiver_type	16024-91068	17	11	11	91068	-9.82	-7.28	6.6	1.104	2.01	0.899	shower	11	11	16024	-9.60	-7.37	8.4	2.300	7.42	0.599	0.000	37.4	149.3	144.8	0	0
mcp1k	386948	receiver_type	79047-91068	17	11	11	91068	-9.82	-7.28	6.6	1.104	2.01	0.899	shower	11	11	79047	-0.84	-4.96	12.0	1.249	2.33	0.914	0.000	78.4	116.2	114.0	0	0
mcp1k	386948	receiver_type	79047-91068	17	11	11	91068	-9.82	-7.28	6.6	1.104	2.01	0.899	shower	11	11	79047	-4.96	-0.84	12.0	1.249	2.33	0.914	0.000	87.8	116.2	69.3	0	0
mcp1k	386948	receiver_type	79048-91068	17	11	11	91068	-9.82	-7.28	6.6	1.104	2.01	0.899	shower	11	13	79048	-4.96	-7.28	2.5	1.141	2.06	0.986	0.000	87.8	116.2	88.1	0	0
mcp1k	386948	receiver_type	79048-91068	17	11	11	91068	-9.82	-7.28	6.6	1.104	2.01	0.899	shower	11	13	79048	-7.28	-4.96	2.5	1.141	2.06	0.986	0.000	88.4	115.8	99.4	0	0
mcp1k	386948	receiver_type	16003-91068	17	11	11	91068	-7.28	-9.82	6.6	1.104	2.01	0.899	shower	11	11	16003	-10.03	-11.71	5.6	0.877	6.44	0.792	0.400	29.6	31.7	92.1	0	0
mcp1k	386948	receiver_type	16003-91068	17	11	11	91068	-7.28	-9.82	6.6	1.104	2.01	0.899	shower	11	11	16003	-11.71	-10.03	5.6	0.877	6.44	0.792	0.400	28.8	34.3	54.6	0	0
mcp1k	386948	receiver_type	16008-91068	17	11	11	91068	-7.28	-9.82	6.6	1.104	2.01	0.899	shower	11	11	16008	-7.37	-4.25	4.9	1.416	3.96	0.886	0.000	32.7	30.7	14.7	0	0
mcp1k	386948	receiver_type	16008-91068	17	11	11	91068	-7.28	-9.82	6.6	1.104	2.01	0.899	shower	11	11	16008	-4.25	-7.37	4.9	1.416	3.96	0.886	0.000	35.9	26.6	143.2	0	0
mcp1k	386948	receiver_type	16010-91068	17	11	11	91068	-7.28	-9.82	6.6	1.104	2.01	0.899	shower	11	11	16010	-7.37	-7.24	5.2	0.990	8.35	0.941	0.000	32.7	30.7	31.0	0	0
mcp1k	386948	receiver_type	16010-91068	17	11	11	91068	-7.28	-9.82	6.6	1.104	2.01	0.899	shower	11	11	16010	-7.24	-7.37	5.2	0.990	8.35	0.941	0.000	37.6	30.0	159.4	0	0
mcp1k	386948	receiver_type	16012-91068	17	11	11	91068	-7.28	-9.82	6.6	1.104	2.01	0.899	shower	11	11	16012	-7.24	-6.97	9.7	1.077	5.81	0.890	0.000	37.6	30.0	37.1	0	0
mcp1k	386948	receiver_type	16012-91068	17	11	11	91068	-7.28	-9.82	6.6	1.104	2.01	0.899	shower	11	11	16012	-6.97	-7.24	9.7	1.077	5.81	0.890	0.000	43.8	26.2	140.3	0	0
mcp1k	386948	receiver_type	16019-91068	17	11	11	91068	-7.28	-9.82	6.6	1.104	2.01	0.899	shower	11	11	16019	-9.60	-11.28	3.4	1.570	5.05	0.972	0.000	32.5	38.5	143.6	0	0
mcp1k	386948	receiver_type	16019-91068	17	11	11	91068	-7.28	-9.82	6.6	1.104	2.01	0.899	shower	11	11	16019	-11.28	-9.60	3.4	1.570	5.05	0.972	0.000	31.4	43.9	26.8	0	0
mcp1k	386948	receiver_type	16020-91068	17	11	11	91068	-7.28	-9.82	6.6	1.104	2.01	0.899	shower	11	11	16020	-9.56	-16.00	11.5	0.996	3.13	0.798	0.000	35.4	33.4	59.2	0	0
mcp1k	386948	receiver_type	16021-91068	17	11	11	91068	-7.28	-9.82	6.6	1.104	2.01	0.899	shower	11	11	16021	-9.56	-7.37	3.9	0.837	5.21	0.882	0.000	35.4	33.4	109.8	0	0
mcp1k	386948	receiver_type	16021-91068	17	11	11	91068	-7.28	-9.82	6.6	1.104	2.01	0.899	shower	11	11	16021	-7.37	-9.56	3.9	0.837	5.21	0.882	0.000	32.7	30.7	62.1	0	0
mcp1k	386948	receiver_type	16022-91068	17	11	11	91068	-7.28	-9.82	6.6	1.104	2.01	0.899	shower	11	11	16022	-9.56	-10.03	9.1	2.334	10.94	0.856	0.062	35.4	33.4	112.4	0	0
mcp1k	386948	receiver_type	16022-91068	17	11	11	91068	-7.28	-9.82	6.6	1.104	2.01	0.899	shower	11	11	16022	-10.03	-9.56	9.1	2.334	10.94	0.856	0.062	29.6	31.7	45.9	0	0
mcp1k	386948	receiver_type	16023-91068	17	11	11	91068	-7.28	-9.82	6.6	1.104	2.01	0.899	shower	11	11	16023	-10.03	-13.02	24.8	1.548	7.02	0.919	0.024	29.6	31.7	157.1	0	0
mcp1k	386948	receiver_type	16024-91068	17	11	11	91068	-7.28	-9.82	6.6	1.104	2.01	0.899	shower	11	11	16024	-7.37	-9.60	8.4	2.300	7.42	0.599	0.000	32.7	30.7	96.5	0	0
mcp1k	386948	receiver_type	16024-91068	17	11	11	91068	-7.28	-9.82	6.6	1.104	2.01	0.899	shower	11	11	16024	-9.60	-7.37	8.4	2.300	7.42	0.599	0.000	32.5	38.5	31.9	0	0
mcp1k	386948	receiver_type	79047-91068	17	11	11	91068	-7.28	-9.82	6.6	1.104	2.01	0.899	shower	11	11	79047	-0.84	-4.96	12.0	1.249	2.33	0.914	0.000	75.8	64.5	63.3	0	0
mcp1k	386948	receiver_type	79047-91068	17	11	11	91068	-7.28	-9.82	6.6	1.104	2.01	0.899	shower	11	11	79047	-4.96	-0.84	12.0	1.249	2.33	0.914	0.000	85.2	64.1	112.8	0	0
mcp1k	386948	receiver_type	79048-91068	17	11	11	91068	-7.28	-9.82	6.6	1.104	2.01	0.899	shower	11	13	79048	-4.96	-7.28	2.5	1.141	2.06	0.986	0.000	85.2	64.1	91.7	0	0
mcp1k	386948	receiver_type	79048-91068	17	11	11	91068	-7.28	-9.82	6.6	1.104	2.01	0.899	shower	11	13	79048	-7.28	-4.96	2.5	1.141	2.06	0.986	0.000	85.8	64.5	80.8	0	0
mcp1k	386948	receiver_type	16003-93074	17	11	11	93074	-7.05	-6.42	8.8	1.146	4.48	0.891	shower	11	11	16003	-10.03	-11.71	5.6	0.877	6.44	0.792	0.400	44.5	83.4	139.1	0	0
mcp1k	386948	receiver_type	16003-93074	17	11	11	93074	-7.05	-6.42	8.8	1.146	4.48	0.891	shower	11	11	16003	-11.71	-10.03	5.6	0.877	6.44	0.792	0.400	41.2	86.3	74.0	0	0
mcp1k	386948	receiver_type	16008-93074	17	11	11	93074	-7.05	-6.42	8.8	1.146	4.48	0.891	shower	11	11	16008	-7.37	-4.25	4.9	1.416	3.96	0.886	0.000	50.1	80.7	122.4	0	0
mcp1k	386948	receiver_type	16008-93074	17	11	11	93074	-7.05	-6.42	8.8	1.146	4.48	0.891	shower	11	11	16008	-4.25	-7.37	4.9	1.416	3.96	0.886	0.000	52.7	82.7	84.7	0	0
mcp1k	386948	receiver_type	16010-93074	17	11	11	93074	-7.05	-6.42	8.8	1.146	4.48	0.891	shower	11	11	16010	-7.37	-7.24	5.2	0.990	8.35	0.941	0.000	50.1	80.7	118.7	0	0
mcp1k	386948	receiver_type	16010-93074	17	11	11	93074	-7.05	-6.42	8.8	1.146	4.48	0.891	shower	11	11	16010	-7.24	-7.37	5.2	0.990	8.35	0.941	0.000	53.9	84.0	58.2	0	0
mcp1k	386948	receiver_type	16012-93074	17	11	11	93074	-7.05	-6.42	8.8	1.146	4.48	0.891	shower	11	11	16012	-7.24	-6.97	9.7	1.077	5.81	0.890	0.000	53.9	84.0	161.9	0	0
mcp1k	386948	receiver_type	16012-93074	17	11	11	93074	-7.05	-6.42	8.8	1.146	4.48	0.891	shower	11	11	16012	-6.97	-7.24	9.7	1.077	5.81	0.890	0.000	56.3	92.6	17.7	0	0
mcp1k	386948	receiver_type	16019-93074	17	11	11	93074	-7.05	-6.42	8.8	1.146	4.48	0.891	shower	11	11	16019	-9.60	-11.28	3.4	1.570	5.05	0.972	0.000	52.2	76.1	26.2	0	0
mcp1k	386948	receiver_type	16019-93074	17	11	11	93074	-7.05	-6.42	8.8	1.146	4.48	0.891	shower	11	11	16019	-11.28	-9.60	3.4	1.570	5.05	0.972	0.000	52.4	72.9	145.3	0	0
mcp1k	386948	receiver_type	16020-93074	17	11	11	93074	-7.05	-6.42	8.8	1.146	4.48	0.891	shower	11	11	16020	-9.56	-16.00	11.5	0.996	3.13	0.798	0.000	52.2	82.5	110.4	0	0
mcp1k	386948	receiver_type	16021-93074	17	11	11	93074	-7.05	-6.42	8.8	1.146	4.48	0.891	shower	11	11	16021	-9.56	-7.37	3.9	0.837	5.21	0.882	0.000	52.2	82.5	76.5	0	0
mcp1k	386948	receiver_type	16021-93074	17	11	11	93074	-7.05	-6.42	8.8	1.146	4.48	0.891	shower	11	11	16021	-7.37	-9.56	3.9	0.837	5.21	0.882	0.000	50.1	80.7	118.5	0	0
mcp1k	386948	receiver_type	16022-93074	17	11	11	93074	-7.05	-6.42	8.8	1.146	4.48	0.891	shower	11	11	16022	-9.56	-10.03	9.1	2.334	10.94	0.856	0.062	52.2	82.5	116.2	0	0
mcp1k	386948	receiver_type	16022-93074	17	11	11	93074	-7.05	-6.42	8.8	1.146	4.48	0.891	shower	11	11	16022	-10.03	-9.56	9.1	2.334	10.94	0.856	0.062	44.5	83.4	89.8	0	0
mcp1k	386948	receiver_type	16023-93074	17	11	11	93074	-7.05	-6.42	8.8	1.146	4.48	0.891	shower	11	11	16023	-10.03	-13.02	24.8	1.548	7.02	0.919	0.024	44.5	83.4	50.0	0	0
mcp1k	386948	receiver_type	16024-93074	17	11	11	93074	-7.05	-6.42	8.8	1.146	4.48	0.891	shower	11	11	16024	-7.37	-9.60	8.4	2.300	7.42	0.599	0.000	50.1	80.7	46.1	0	0
mcp1k	386948	receiver_type	16024-93074	17	11	11	93074	-7.05	-6.42	8.8	1.146	4.48	0.891	shower	11	11	16024	-9.60	-7.37	8.4	2.300	7.42	0.599	0.000	52.2	76.1	154.3	0	0
mcp1k	386948	receiver_type	79047-93074	17	11	11	93074	-7.05	-6.42	8.8	1.146	4.48	0.891	shower	11	11	79047	-0.84	-4.96	12.0	1.249	2.33	0.914	0.000	52.4	176.5	160.3	0	0
mcp1k	386948	receiver_type	79047-93074	17	11	11	93074	-7.05	-6.42	8.8	1.146	4.48	0.891	shower	11	11	79047	-4.96	-0.84	12.0	1.249	2.33	0.914	0.000	62.2	178.5	31.9	0	0
mcp1k	386948	receiver_type	79048-93074	17	11	11	93074	-7.05	-6.42	8.8	1.146	4.48	0.891	shower	11	13	79048	-4.96	-7.28	2.5	1.141	2.06	0.986	0.000	62.2	178.5	106.9	0	0
mcp1k	386948	receiver_type	79048-93074	17	11	11	93074	-7.05	-6.42	8.8	1.146	4.48	0.891	shower	11	13	79048	-7.28	-4.96	2.5	1.141	2.06	0.986	0.000	62.9	176.3	78.2	0	0
mcp1k	386948	receiver_type	16003-93074	17	11	11	93074	-6.42	-7.05	8.8	1.146	4.48	0.891	shower	11	11	16003	-10.03	-11.71	5.6	0.877	6.44	0.792	0.400	45.7	101.0	46.7	0	0
mcp1k	386948	receiver_type	16003-93074	17	11	11	93074	-6.42	-7.05	8.8	1.146	4.48	0.891	shower	11	11	16003	-11.71	-10.03	5.6	0.877	6.44	0.792	0.400	42.1	99.2	99.8	0	0
mcp1k	386948	receiver_type	16008-93074	17	11	11	93074	-6.42	-7.05	8.8	1.146	4.48	0.891	shower	11	11	16008	-7.37	-4.25	4.9	1.416	3.96	0.886	0.000	51.6	102.4	51.9	0	0
mcp1k	386948	receiver_type	16008-93074	17	11	11	93074	-6.42	-7.05	8.8	1.146	4.48	0.891	shower	11	11	16008	-4.25	-7.37	4.9	1.416	3.96	0.886	0.000	53.9	99.9	100.8	0	0
mcp1k	386948	receiver_type	16010-93074	17	11	11	93074	-6.42	-7.05	8.8	1.146	4.48	0.891	shower	11	11	16010	-7.37	-7.24	5.2	0.990	8.35	0.941	0.000	51.6	102.4	56.0	0	0
mcp1k	386948	receiver_type	16010-93074	17	11	11	93074	-6.42	-7.05	8.8	1.146	4.48	0.891	shower	11	11	16010	-7.24	-7.37	5.2	0.990	8.35	0.941	0.000	54.9	98.6	127.6	0	0
mcp1k	386948	receiver_type	16012-93074	17	11	11	93074	-6.42	-7.05	8.8	1.146	4.48	0.891	shower	11	11	16012	-7.24	-6.97	9.7	1.077	5.81	0.890	0.000	54.9	98.6	12.7	0	0
mcp1k	386948	receiver_type	16012-93074	17	11	11	93074	-6.42	-7.05	8.8	1.146	4.48	0.891	shower	11	11	16012	-6.97	-7.24	9.7	1.077	5.81	0.890	0.000	56.1	89.8	167.0	0	0
mcp1k	386948	receiver_type	16019-93074	17	11	11	93074	-6.42	-7.05	8.8	1.146	4.48	0.891	shower	11	11	16019	-9.60	-11.28	3.4	1.570	5.05	0.972	0.000	54.3	106.6	157.4	0	0
mcp1k	386948	receiver_type	16019-93074	17	11	11	93074	-6.42	-7.05	8.8	1.146	4.48	0.891	shower	11	11	16019	-11.28	-9.60	3.4	1.570	5.05	0.972	0.000	54.9	109.7	29.9	0	0
mcp1k	386948	receiver_type	16020-93074	17	11	11	93074	-6.42	-7.05	8.8	1.146	4.48	0.891	shower	11	11	16020	-9.56	-16.00	11.5	0.996	3.13	0.798	0.000	53.4	100.5	66.7	0	0
mcp1k	386948	receiver_type	16021-93074	17	11	11	93074	-6.42	-7.05	8.8	1.146	4.48	0.891	shower	11	11	16021	-9.56	-7.37	3.9	0.837	5.21	0.882	0.000	53.4	100.5	105.6	0	0
mcp1k	386948	receiver_type	16021-93074	17	11	11	93074	-6.42	-7.05	8.8	1.146	4.48	0.891	shower	11	11	16021	-7.37	-9.56	3.9	0.837	5.21	0.882	0.000	51.6	102.4	59.5	0	0
mcp1k	386948	receiver_type	16022-93074	17	11	11	93074	-6.42	-7.05	8.8	1.146	4.48	0.891	shower	11	11	16022	-9.56	-10.03	9.1	2.334	10.94	0.856	0.062	53.4	100.5	69.7	0	0
mcp1k	386948	receiver_type	16022-93074	17	11	11	93074	-6.42	-7.05	8.8	1.146	4.48	0.891	shower	11	11	16022	-10.03	-9.56	9.1	2.334	10.94	0.856	0.062	45.7	101.0	84.5	0	0
mcp1k	386948	receiver_type	16023-93074	17	11	11	93074	-6.42	-7.05	8.8	1.146	4.48	0.891	shower	11	11	16023	-10.03	-13.02	24.8	1.548	7.02	0.919	0.024	45.7	101.0	135.6	0	0
mcp1k	386948	receiver_type	16024-93074	17	11	11	93074	-6.42	-7.05	8.8	1.146	4.48	0.891	shower	11	11	16024	-7.37	-9.60	8.4	2.300	7.42	0.599	0.000	51.6	102.4	129.8	0	0
mcp1k	386948	receiver_type	16024-93074	17	11	11	93074	-6.42	-7.05	8.8	1.146	4.48	0.891	shower	11	11	16024	-9.60	-7.37	8.4	2.300	7.42	0.599	0.000	54.3	106.6	21.0	0	0
mcp1k	386948	receiver_type	79047-93074	17	11	11	93074	-6.42	-7.05	8.8	1.146	4.48	0.891	shower	11	11	79047	-0.84	-4.96	12.0	1.249	2.33	0.914	0.000	44.6	6.2	22.7	0	0
mcp1k	386948	receiver_type	79047-93074	17	11	11	93074	-6.42	-7.05	8.8	1.146	4.48	0.891	shower	11	11	79047	-4.96	-0.84	12.0	1.249	2.33	0.914	0.000	54.4	6.9	146.3	0	0
mcp1k	386948	receiver_type	79048-93074	17	11	11	93074	-6.42	-7.05	8.8	1.146	4.48	0.891	shower	11	13	79048	-4.96	-7.28	2.5	1.141	2.06	0.986	0.000	54.4	6.9	74.3	0	0
mcp1k	386948	receiver_type	79048-93074	17	11	11	93074	-6.42	-7.05	8.8	1.146	4.48	0.891	shower	11	13	79048	-7.28	-4.96	2.5	1.141	2.06	0.986	0.000	55.1	8.3	100.0	0	0
mcp1k	386948	receiver_type	16003-93076	17	11	2212	93076	-11.64	-9.12	10.0	2.279	7.32	0.950	shower	11	11	16003	-10.03	-11.71	5.6	0.877	6.44	0.792	0.400	43.5	92.4	138.3	0	0
mcp1k	386948	receiver_type	16003-93076	17	11	2212	93076	-11.64	-9.12	10.0	2.279	7.32	0.950	shower	11	11	16003	-11.71	-10.03	5.6	0.877	6.44	0.792	0.400	41.0	96.3	66.7	0	0
mcp1k	386948	receiver_type	16008-93076	17	11	2212	93076	-11.64	-9.12	10.0	2.279	7.32	0.950	shower	11	11	16008	-7.37	-4.25	4.9	1.416	3.96	0.886	0.000	48.2	88.0	120.2	0	0
mcp1k	386948	receiver_type	16008-93076	17	11	2212	93076	-11.64	-9.12	10.0	2.279	7.32	0.950	shower	11	11	16008	-4.25	-7.37	4.9	1.416	3.96	0.886	0.000	51.5	89.5	85.3	0	0
mcp1k	386948	receiver_type	16010-93076	17	11	2212	93076	-11.64	-9.12	10.0	2.279	7.32	0.950	shower	11	11	16010	-7.37	-7.24	5.2	0.990	8.35	0.941	0.000	48.2	88.0	105.6	0	0
mcp1k	386948	receiver_type	16010-93076	17	11	2212	93076	-11.64	-9.12	10.0	2.279	7.32	0.950	shower	11	11	16010	-7.24	-7.37	5.2	0.990	8.35	0.941	0.000	52.8	89.8	69.6	0	0
mcp1k	386948	receiver_type	16012-93076	17	11	2212	93076	-11.64	-9.12	10.0	2.279	7.32	0.950	shower	11	11	16012	-7.24	-6.97	9.7	1.077	5.81	0.890	0.000	52.8	89.8	148.5	0	0
mcp1k	386948	receiver_type	16012-93076	17	11	2212	93076	-11.64	-9.12	10.0	2.279	7.32	0.950	shower	11	11	16012	-6.97	-7.24	9.7	1.077	5.81	0.890	0.000	57.4	97.1	32.0	0	0
mcp1k	386948	receiver_type	16019-93076	17	11	2212	93076	-11.64	-9.12	10.0	2.279	7.32	0.950	shower	11	11	16019	-9.60	-11.28	3.4	1.570	5.05	0.972	0.000	48.8	82.2	24.5	0	0
mcp1k	386948	receiver_type	16019-93076	17	11	2212	93076	-11.64	-9.12	10.0	2.279	7.32	0.950	shower	11	11	16019	-11.28	-9.60	3.4	1.570	5.05	0.972	0.000	48.0	78.6	144.9	0	0
mcp1k	386948	receiver_type	16020-93076	17	11	2212	93076	-11.64	-9.12	10.0	2.279	7.32	0.950	shower	11	11	16020	-9.56	-16.00	11.5	0.996	3.13	0.798	0.000	50.5	88.5	94.9	0	0
mcp1k	386948	receiver_type	16021-93076	17	11	2212	93076	-11.64	-9.12	10.0	2.279	7.32	0.950	shower	11	11	16021	-9.56	-7.37	3.9	0.837	5.21	0.882	0.000	50.5	88.5	92.0	0	0
mcp1k	386948	receiver_type	16021-93076	17	11	2212	93076	-11.64	-9.12	10.0	2.279	7.32	0.950	shower	11	11	16021	-7.37	-9.56	3.9	0.837	5.21	0.882	0.000	48.2	88.0	103.1	0	0
mcp1k	386948	receiver_type	16022-93076	17	11	2212	93076	-11.64	-9.12	10.0	2.279	7.32	0.950	shower	11	11	16022	-9.56	-10.03	9.1	2.334	10.94	0.856	0.062	50.5	88.5	126.2	0	0
mcp1k	386948	receiver_type	16022-93076	17	11	2212	93076	-11.64	-9.12	10.0	2.279	7.32	0.950	shower	11	11	16022	-10.03	-9.56	9.1	2.334	10.94	0.856	0.062	43.5	92.4	78.3	0	0
mcp1k	386948	receiver_type	16023-93076	17	11	2212	93076	-11.64	-9.12	10.0	2.279	7.32	0.950	shower	11	11	16023	-10.03	-13.02	24.8	1.548	7.02	0.919	0.024	43.5	92.4	62.4	0	0
mcp1k	386948	receiver_type	16024-93076	17	11	2212	93076	-11.64	-9.12	10.0	2.279	7.32	0.950	shower	11	11	16024	-7.37	-9.60	8.4	2.300	7.42	0.599	0.000	48.2	88.0	31.1	0	0
mcp1k	386948	receiver_type	16024-93076	17	11	2212	93076	-11.64	-9.12	10.0	2.279	7.32	0.950	shower	11	11	16024	-9.60	-7.37	8.4	2.300	7.42	0.599	0.000	48.8	82.2	152.6	0	0
mcp1k	386948	receiver_type	79047-93076	17	11	2212	93076	-11.64	-9.12	10.0	2.279	7.32	0.950	shower	11	11	79047	-0.84	-4.96	12.0	1.249	2.33	0.914	0.000	68.5	168.8	148.1	0	0
mcp1k	386948	receiver_type	79047-93076	17	11	2212	93076	-11.64	-9.12	10.0	2.279	7.32	0.950	shower	11	11	79047	-4.96	-0.84	12.0	1.249	2.33	0.914	0.000	78.0	166.2	44.9	0	0
mcp1k	386948	receiver_type	79048-93076	17	11	2212	93076	-11.64	-9.12	10.0	2.279	7.32	0.950	shower	11	13	79048	-4.96	-7.28	2.5	1.141	2.06	0.986	0.000	78.0	166.2	94.2	0	0
mcp1k	386948	receiver_type	79048-93076	17	11	2212	93076	-11.64	-9.12	10.0	2.279	7.32	0.950	shower	11	13	79048	-7.28	-4.96	2.5	1.141	2.06	0.986	0.000	78.6	164.8	89.9	0	0
mcp1k	386948	receiver_type	16003-93076	17	11	2212	93076	-9.12	-11.64	10.0	2.279	7.32	0.950	shower	11	11	16003	-10.03	-11.71	5.6	0.877	6.44	0.792	0.400	44.0	98.8	46.3	0	0
mcp1k	386948	receiver_type	16003-93076	17	11	2212	93076	-9.12	-11.64	10.0	2.279	7.32	0.950	shower	11	11	16003	-11.71	-10.03	5.6	0.877	6.44	0.792	0.400	41.0	96.1	110.3	0	0
mcp1k	386948	receiver_type	16008-93076	17	11	2212	93076	-9.12	-11.64	10.0	2.279	7.32	0.950	shower	11	11	16008	-7.37	-4.25	4.9	1.416	3.96	0.886	0.000	49.4	101.6	56.1	0	0
mcp1k	386948	receiver_type	16008-93076	17	11	2212	93076	-9.12	-11.64	10.0	2.279	7.32	0.950	shower	11	11	16008	-4.25	-7.37	4.9	1.416	3.96	0.886	0.000	52.3	99.1	98.8	0	0
mcp1k	386948	receiver_type	16010-93076	17	11	2212	93076	-9.12	-11.64	10.0	2.279	7.32	0.950	shower	11	11	16010	-7.37	-7.24	5.2	0.990	8.35	0.941	0.000	49.4	101.6	74.0	0	0
mcp1k	386948	receiver_type	16010-93076	17	11	2212	93076	-9.12	-11.64	10.0	2.279	7.32	0.950	shower	11	11	16010	-7.24	-7.37	5.2	0.990	8.35	0.941	0.000	53.5	98.9	111.6	0	0
mcp1k	386948	receiver_type	16012-93076	17	11	2212	93076	-9.12	-11.64	10.0	2.279	7.32	0.950	shower	11	11	16012	-7.24	-6.97	9.7	1.077	5.81	0.890	0.000	53.5	98.9	32.0	0	0
mcp1k	386948	receiver_type	16012-93076	17	11	2212	93076	-9.12	-11.64	10.0	2.279	7.32	0.950	shower	11	11	16012	-6.97	-7.24	9.7	1.077	5.81	0.890	0.000	56.9	91.0	147.0	0	0
mcp1k	386948	receiver_type	16019-93076	17	11	2212	93076	-9.12	-11.64	10.0	2.279	7.32	0.950	shower	11	11	16019	-9.60	-11.28	3.4	1.570	5.05	0.972	0.000	50.9	107.0	159.2	0	0
mcp1k	386948	receiver_type	16019-93076	17	11	2212	93076	-9.12	-11.64	10.0	2.279	7.32	0.950	shower	11	11	16019	-11.28	-9.60	3.4	1.570	5.05	0.972	0.000	50.6	110.6	31.4	0	0
mcp1k	386948	receiver_type	16020-93076	17	11	2212	93076	-9.12	-11.64	10.0	2.279	7.32	0.950	shower	11	11	16020	-9.56	-16.00	11.5	0.996	3.13	0.798	0.000	51.5	100.8	86.8	0	0
mcp1k	386948	receiver_type	16021-93076	17	11	2212	93076	-9.12	-11.64	10.0	2.279	7.32	0.950	shower	11	11	16021	-9.56	-7.37	3.9	0.837	5.21	0.882	0.000	51.5	100.8	85.7	0	0
mcp1k	386948	receiver_type	16021-93076	17	11	2212	93076	-9.12	-11.64	10.0	2.279	7.32	0.950	shower	11	11	16021	-7.37	-9.56	3.9	0.837	5.21	0.882	0.000	49.4	101.6	79.3	0	0
mcp1k	386948	receiver_type	16022-93076	17	11	2212	93076	-9.12	-11.64	10.0	2.279	7.32	0.950	shower	11	11	16022	-9.56	-10.03	9.1	2.334	10.94	0.856	0.062	51.5	100.8	56.2	0	0
mcp1k	386948	receiver_type	16022-93076	17	11	2212	93076	-9.12	-11.64	10.0	2.279	7.32	0.950	shower	11	11	16022	-10.03	-9.56	9.1	2.334	10.94	0.856	0.062	44.0	98.8	100.2	0	0
mcp1k	386948	receiver_type	16023-93076	17	11	2212	93076	-9.12	-11.64	10.0	2.279	7.32	0.950	shower	11	11	16023	-10.03	-13.02	24.8	1.548	7.02	0.919	0.024	44.0	98.8	118.2	0	0
mcp1k	386948	receiver_type	16024-93076	17	11	2212	93076	-9.12	-11.64	10.0	2.279	7.32	0.950	shower	11	11	16024	-7.37	-9.60	8.4	2.300	7.42	0.599	0.000	49.4	101.6	149.1	0	0
mcp1k	386948	receiver_type	16024-93076	17	11	2212	93076	-9.12	-11.64	10.0	2.279	7.32	0.950	shower	11	11	16024	-9.60	-7.37	8.4	2.300	7.42	0.599	0.000	50.9	107.0	24.4	0	0
mcp1k	386948	receiver_type	79047-93076	17	11	2212	93076	-9.12	-11.64	10.0	2.279	7.32	0.950	shower	11	11	79047	-0.84	-4.96	12.0	1.249	2.33	0.914	0.000	59.2	14.4	35.8	0	0
mcp1k	386948	receiver_type	79047-93076	17	11	2212	93076	-9.12	-11.64	10.0	2.279	7.32	0.950	shower	11	11	79047	-4.96	-0.84	12.0	1.249	2.33	0.914	0.000	68.9	18.2	131.3	0	0
mcp1k	386948	receiver_type	79048-93076	17	11	2212	93076	-9.12	-11.64	10.0	2.279	7.32	0.950	shower	11	13	79048	-4.96	-7.28	2.5	1.141	2.06	0.986	0.000	68.9	18.2	89.8	0	0
mcp1k	386948	receiver_type	79048-93076	17	11	2212	93076	-9.12	-11.64	10.0	2.279	7.32	0.950	shower	11	13	79048	-7.28	-4.96	2.5	1.141	2.06	0.986	0.000	69.6	19.9	85.8	0	0
mcp1k	386948	receiver_type	16003-93077	17	11	11	93077	-9.12	-7.05	7.4	2.270	6.63	0.928	shower	11	11	16003	-10.03	-11.71	5.6	0.877	6.44	0.792	0.400	44.0	93.7	127.5	0	0
mcp1k	386948	receiver_type	16003-93077	17	11	11	93077	-9.12	-7.05	7.4	2.270	6.63	0.928	shower	11	11	16003	-11.71	-10.03	5.6	0.877	6.44	0.792	0.400	41.0	96.4	80.8	0	0
mcp1k	386948	receiver_type	16008-93077	17	11	11	93077	-9.12	-7.05	7.4	2.270	6.63	0.928	shower	11	11	16008	-7.37	-4.25	4.9	1.416	3.96	0.886	0.000	49.4	90.9	133.4	0	0
mcp1k	386948	receiver_type	16008-93077	17	11	11	93077	-9.12	-7.05	7.4	2.270	6.63	0.928	shower	11	11	16008	-4.25	-7.37	4.9	1.416	3.96	0.886	0.000	52.3	93.2	73.2	0	0
mcp1k	386948	receiver_type	16010-93077	17	11	11	93077	-9.12	-7.05	7.4	2.270	6.63	0.928	shower	11	11	16010	-7.37	-7.24	5.2	0.990	8.35	0.941	0.000	49.4	90.9	118.4	0	0
mcp1k	386948	receiver_type	16010-93077	17	11	11	93077	-9.12	-7.05	7.4	2.270	6.63	0.928	shower	11	11	16010	-7.24	-7.37	5.2	0.990	8.35	0.941	0.000	53.5	93.5	55.9	0	0
mcp1k	386948	receiver_type	16012-93077	17	11	11	93077	-9.12	-7.05	7.4	2.270	6.63	0.928	shower	11	11	16012	-7.24	-6.97	9.7	1.077	5.81	0.890	0.000	53.5	93.5	159.1	0	0
mcp1k	386948	receiver_type	16012-93077	17	11	11	93077	-9.12	-7.05	7.4	2.270	6.63	0.928	shower	11	11	16012	-6.97	-7.24	9.7	1.077	5.81	0.890	0.000	56.9	101.4	22.6	0	0
mcp1k	386948	receiver_type	16019-93077	17	11	11	93077	-9.12	-7.05	7.4	2.270	6.63	0.928	shower	11	11	16019	-9.60	-11.28	3.4	1.570	5.05	0.972	0.000	50.9	85.5	12.6	0	0
mcp1k	386948	receiver_type	16019-93077	17	11	11	93077	-9.12	-7.05	7.4	2.270	6.63	0.928	shower	11	11	16019	-11.28	-9.60	3.4	1.570	5.05	0.972	0.000	50.6	81.8	157.7	0	0
mcp1k	386948	receiver_type	16020-93077	17	11	11	93077	-9.12	-7.05	7.4	2.270	6.63	0.928	shower	11	11	16020	-9.56	-16.00	11.5	0.996	3.13	0.798	0.000	51.5	91.7	103.4	0	0
mcp1k	386948	receiver_type	16021-93077	17	11	11	93077	-9.12	-7.05	7.4	2.270	6.63	0.928	shower	11	11	16021	-9.56	-7.37	3.9	0.837	5.21	0.882	0.000	51.5	91.7	85.1	0	0
mcp1k	386948	receiver_type	16021-93077	17	11	11	93077	-9.12	-7.05	7.4	2.270	6.63	0.928	shower	11	11	16021	-7.37	-9.56	3.9	0.837	5.21	0.882	0.000	49.4	90.9	109.6	0	0
mcp1k	386948	receiver_type	16022-93077	17	11	11	93077	-9.12	-7.05	7.4	2.270	6.63	0.928	shower	11	11	16022	-9.56	-10.03	9.1	2.334	10.94	0.856	0.062	51.5	91.7	111.9	0	0
mcp1k	386948	receiver_type	16022-93077	17	11	11	93077	-9.12	-7.05	7.4	2.270	6.63	0.928	shower	11	11	16022	-10.03	-9.56	9.1	2.334	10.94	0.856	0.062	44.0	93.7	92.2	0	0
mcp1k	386948	receiver_type	16023-93077	17	11	11	93077	-9.12	-7.05	7.4	2.270	6.63	0.928	shower	11	11	16023	-10.03	-13.02	24.8	1.548	7.02	0.919	0.024	44.0	93.7	49.3	0	0
mcp1k	386948	receiver_type	16024-93077	17	11	11	93077	-9.12	-7.05	7.4	2.270	6.63	0.928	shower	11	11	16024	-7.37	-9.60	8.4	2.300	7.42	0.599	0.000	49.4	90.9	43.2	0	0
mcp1k	386948	receiver_type	16024-93077	17	11	11	93077	-9.12	-7.05	7.4	2.270	6.63	0.928	shower	11	11	16024	-9.60	-7.37	8.4	2.300	7.42	0.599	0.000	50.9	85.5	166.3	0	0
mcp1k	386948	receiver_type	79047-93077	17	11	11	93077	-9.12	-7.05	7.4	2.270	6.63	0.928	shower	11	11	79047	-0.84	-4.96	12.0	1.249	2.33	0.914	0.000	59.2	170.7	146.5	0	0
mcp1k	386948	receiver_type	79047-93077	17	11	11	93077	-9.12	-7.05	7.4	2.270	6.63	0.928	shower	11	11	79047	-4.96	-0.84	12.0	1.249	2.33	0.914	0.000	68.9	166.3	45.2	0	0
mcp1k	386948	receiver_type	79048-93077	17	11	11	93077	-9.12	-7.05	7.4	2.270	6.63	0.928	shower	11	13	79048	-4.96	-7.28	2.5	1.141	2.06	0.986	0.000	68.9	166.3	93.9	0	0
mcp1k	386948	receiver_type	79048-93077	17	11	11	93077	-9.12	-7.05	7.4	2.270	6.63	0.928	shower	11	13	79048	-7.28	-4.96	2.5	1.141	2.06	0.986	0.000	69.6	164.3	91.6	0	0
mcp1k	386948	receiver_type	16003-93077	17	11	11	93077	-7.05	-9.12	7.4	2.270	6.63	0.928	shower	11	11	16003	-10.03	-11.71	5.6	0.877	6.44	0.792	0.400	44.5	101.0	49.6	0	0
mcp1k	386948	receiver_type	16003-93077	17	11	11	93077	-7.05	-9.12	7.4	2.270	6.63	0.928	shower	11	11	16003	-11.71	-10.03	5.6	0.877	6.44	0.792	0.400	41.2	99.0	104.2	0	0
mcp1k	386948	receiver_type	16008-93077	17	11	11	93077	-7.05	-9.12	7.4	2.270	6.63	0.928	shower	11	11	16008	-7.37	-4.25	4.9	1.416	3.96	0.886	0.000	50.1	102.7	50.8	0	0
mcp1k	386948	receiver_type	16008-93077	17	11	11	93077	-7.05	-9.12	7.4	2.270	6.63	0.928	shower	11	11	16008	-4.25	-7.37	4.9	1.416	3.96	0.886	0.000	52.7	100.0	103.4	0	0
mcp1k	386948	receiver_type	16010-93077	17	11	11	93077	-7.05	-9.12	7.4	2.270	6.63	0.928	shower	11	11	16010	-7.37	-7.24	5.2	0.990	8.35	0.941	0.000	50.1	102.7	67.3	0	0
mcp1k	386948	receiver_type	16010-93077	17	11	11	93077	-7.05	-9.12	7.4	2.270	6.63	0.928	shower	11	11	16010	-7.24	-7.37	5.2	0.990	8.35	0.941	0.000	53.9	99.5	118.3	0	0
mcp1k	386948	receiver_type	16012-93077	17	11	11	93077	-7.05	-9.12	7.4	2.270	6.63	0.928	shower	11	11	16012	-7.24	-6.97	9.7	1.077	5.81	0.890	0.000	53.9	99.5	26.0	0	0
mcp1k	386948	receiver_type	16012-93077	17	11	11	93077	-7.05	-9.12	7.4	2.270	6.63	0.928	shower	11	11	16012	-6.97	-7.24	9.7	1.077	5.81	0.890	0.000	56.3	91.3	152.7	0	0
mcp1k	386948	receiver_type	16019-93077	17	11	11	93077	-7.05	-9.12	7.4	2.270	6.63	0.928	shower	11	11	16019	-9.60	-11.28	3.4	1.570	5.05	0.972	0.000	52.2	107.8	164.5	0	0
mcp1k	386948	receiver_type	16019-93077	17	11	11	93077	-7.05	-9.12	7.4	2.270	6.63	0.928	shower	11	11	16019	-11.28	-9.60	3.4	1.570	5.05	0.972	0.000	52.4	111.3	26.0	0	0
mcp1k	386948	receiver_type	16020-93077	17	11	11	93077	-7.05	-9.12	7.4	2.270	6.63	0.928	shower	11	11	16020	-9.56	-16.00	11.5	0.996	3.13	0.798	0.000	52.2	101.7	81.4	0	0
mcp1k	386948	receiver_type	16021-93077	17	11	11	93077	-7.05	-9.12	7.4	2.270	6.63	0.928	shower	11	11	16021	-9.56	-7.37	3.9	0.837	5.21	0.882	0.000	52.2	101.7	90.5	0	0
mcp1k	386948	receiver_type	16021-93077	17	11	11	93077	-7.05	-9.12	7.4	2.270	6.63	0.928	shower	11	11	16021	-7.37	-9.56	3.9	0.837	5.21	0.882	0.000	50.1	102.7	74.6	0	0
mcp1k	386948	receiver_type	16022-93077	17	11	11	93077	-7.05	-9.12	7.4	2.270	6.63	0.928	shower	11	11	16022	-9.56	-10.03	9.1	2.334	10.94	0.856	0.062	52.2	101.7	62.7	0	0
mcp1k	386948	receiver_type	16022-93077	17	11	11	93077	-7.05	-9.12	7.4	2.270	6.63	0.928	shower	11	11	16022	-10.03	-9.56	9.1	2.334	10.94	0.856	0.062	44.5	101.0	93.5	0	0
mcp1k	386948	receiver_type	16023-93077	17	11	11	93077	-7.05	-9.12	7.4	2.270	6.63	0.928	shower	11	11	16023	-10.03	-13.02	24.8	1.548	7.02	0.919	0.024	44.5	101.0	124.9	0	0
mcp1k	386948	receiver_type	16024-93077	17	11	11	93077	-7.05	-9.12	7.4	2.270	6.63	0.928	shower	11	11	16024	-7.37	-9.60	8.4	2.300	7.42	0.599	0.000	50.1	102.7	142.5	0	0
mcp1k	386948	receiver_type	16024-93077	17	11	11	93077	-7.05	-9.12	7.4	2.270	6.63	0.928	shower	11	11	16024	-9.60	-7.37	8.4	2.300	7.42	0.599	0.000	52.2	107.8	18.2	0	0
mcp1k	386948	receiver_type	79047-93077	17	11	11	93077	-7.05	-9.12	7.4	2.270	6.63	0.928	shower	11	11	79047	-0.84	-4.96	12.0	1.249	2.33	0.914	0.000	52.4	11.6	34.3	0	0
mcp1k	386948	receiver_type	79047-93077	17	11	11	93077	-7.05	-9.12	7.4	2.270	6.63	0.928	shower	11	11	79047	-4.96	-0.84	12.0	1.249	2.33	0.914	0.000	62.2	16.4	133.3	0	0
mcp1k	386948	receiver_type	79048-93077	17	11	11	93077	-7.05	-9.12	7.4	2.270	6.63	0.928	shower	11	13	79048	-4.96	-7.28	2.5	1.141	2.06	0.986	0.000	62.2	16.4	88.0	0	0
mcp1k	386948	receiver_type	79048-93077	17	11	11	93077	-7.05	-9.12	7.4	2.270	6.63	0.928	shower	11	13	79048	-7.28	-4.96	2.5	1.141	2.06	0.986	0.000	62.9	18.6	87.0	0	0
mcp1k	386948	receiver_type	16003-93078	17	11	11	93078	-9.12	-8.15	3.1	1.870	3.20	0.974	shower	11	11	16003	-10.03	-11.71	5.6	0.877	6.44	0.792	0.400	44.0	130.2	15.1	0	0
mcp1k	386948	receiver_type	16003-93078	17	11	11	93078	-9.12	-8.15	3.1	1.870	3.20	0.974	shower	11	11	16003	-11.71	-10.03	5.6	0.877	6.44	0.792	0.400	41.0	125.9	154.4	0	0
mcp1k	386948	receiver_type	16008-93078	17	11	11	93078	-9.12	-8.15	3.1	1.870	3.20	0.974	shower	11	11	16008	-7.37	-4.25	4.9	1.416	3.96	0.886	0.000	49.4	135.1	104.3	0	0
mcp1k	386948	receiver_type	16008-93078	17	11	11	93078	-9.12	-8.15	3.1	1.870	3.20	0.974	shower	11	11	16008	-4.25	-7.37	4.9	1.416	3.96	0.886	0.000	52.3	134.9	50.5	0	0
mcp1k	386948	receiver_type	16010-93078	17	11	11	93078	-9.12	-8.15	3.1	1.870	3.20	0.974	shower	11	11	16010	-7.37	-7.24	5.2	0.990	8.35	0.941	0.000	49.4	135.1	104.3	0	0
mcp1k	386948	receiver_type	16010-93078	17	11	11	93078	-9.12	-8.15	3.1	1.870	3.20	0.974	shower	11	11	16010	-7.24	-7.37	5.2	0.990	8.35	0.941	0.000	53.5	132.5	75.1	0	0
mcp1k	386948	receiver_type	16012-93078	17	11	11	93078	-9.12	-8.15	3.1	1.870	3.20	0.974	shower	11	11	16012	-7.24	-6.97	9.7	1.077	5.81	0.890	0.000	53.5	132.5	65.8	0	0
mcp1k	386948	receiver_type	16012-93078	17	11	11	93078	-9.12	-8.15	3.1	1.870	3.20	0.974	shower	11	11	16012	-6.97	-7.24	9.7	1.077	5.81	0.890	0.000	56.9	124.9	116.0	0	0
mcp1k	386948	receiver_type	16019-93078	17	11	11	93078	-9.12	-8.15	3.1	1.870	3.20	0.974	shower	11	11	16019	-9.60	-11.28	3.4	1.570	5.05	0.972	0.000	50.9	138.4	111.0	0	0
mcp1k	386948	receiver_type	16019-93078	17	11	11	93078	-9.12	-8.15	3.1	1.870	3.20	0.974	shower	11	11	16019	-11.28	-9.60	3.4	1.570	5.05	0.972	0.000	50.6	140.3	79.5	0	0
mcp1k	386948	receiver_type	16020-93078	17	11	11	93078	-9.12	-8.15	3.1	1.870	3.20	0.974	shower	11	11	16020	-9.56	-16.00	11.5	0.996	3.13	0.798	0.000	51.5	132.6	95.7	0	0
mcp1k	386948	receiver_type	16021-93078	17	11	11	93078	-9.12	-8.15	3.1	1.870	3.20	0.974	shower	11	11	16021	-9.56	-7.37	3.9	0.837	5.21	0.882	0.000	51.5	132.6	85.4	0	0
mcp1k	386948	receiver_type	16021-93078	17	11	11	93078	-9.12	-8.15	3.1	1.870	3.20	0.974	shower	11	11	16021	-7.37	-9.56	3.9	0.837	5.21	0.882	0.000	49.4	135.1	84.0	0	0
mcp1k	386948	receiver_type	16022-93078	17	11	11	93078	-9.12	-8.15	3.1	1.870	3.20	0.974	shower	11	11	16022	-9.56	-10.03	9.1	2.334	10.94	0.856	0.062	51.5	132.6	21.7	0	0
mcp1k	386948	receiver_type	16022-93078	17	11	11	93078	-9.12	-8.15	3.1	1.870	3.20	0.974	shower	11	11	16022	-10.03	-9.56	9.1	2.334	10.94	0.856	0.062	44.0	130.2	133.9	0	0
mcp1k	386948	receiver_type	16023-93078	17	11	11	93078	-9.12	-8.15	3.1	1.870	3.20	0.974	shower	11	11	16023	-10.03	-13.02	24.8	1.548	7.02	0.919	0.024	44.0	130.2	84.2	0	0
mcp1k	386948	receiver_type	16024-93078	17	11	11	93078	-9.12	-8.15	3.1	1.870	3.20	0.974	shower	11	11	16024	-7.37	-9.60	8.4	2.300	7.42	0.599	0.000	49.4	135.1	141.3	0	0
mcp1k	386948	receiver_type	16024-93078	17	11	11	93078	-9.12	-8.15	3.1	1.870	3.20	0.974	shower	11	11	16024	-9.60	-7.37	8.4	2.300	7.42	0.599	0.000	50.9	138.4	71.5	0	0
mcp1k	386948	receiver_type	79047-93078	17	11	11	93078	-9.12	-8.15	3.1	1.870	3.20	0.974	shower	11	11	79047	-0.84	-4.96	12.0	1.249	2.33	0.914	0.000	59.2	51.3	43.5	0	0
mcp1k	386948	receiver_type	79047-93078	17	11	11	93078	-9.12	-8.15	3.1	1.870	3.20	0.974	shower	11	11	79047	-4.96	-0.84	12.0	1.249	2.33	0.914	0.000	68.9	49.6	131.3	0	0
mcp1k	386948	receiver_type	79048-93078	17	11	11	93078	-9.12	-8.15	3.1	1.870	3.20	0.974	shower	11	13	79048	-4.96	-7.28	2.5	1.141	2.06	0.986	0.000	68.9	49.6	69.9	0	0
mcp1k	386948	receiver_type	79048-93078	17	11	11	93078	-9.12	-8.15	3.1	1.870	3.20	0.974	shower	11	13	79048	-7.28	-4.96	2.5	1.141	2.06	0.986	0.000	69.6	49.1	111.2	0	0
mcp1k	386948	receiver_type	16003-93078	17	11	11	93078	-8.15	-9.12	3.1	1.870	3.20	0.974	shower	11	11	16003	-10.03	-11.71	5.6	0.877	6.44	0.792	0.400	42.3	58.5	170.6	0	0
mcp1k	386948	receiver_type	16003-93078	17	11	11	93078	-8.15	-9.12	3.1	1.870	3.20	0.974	shower	11	11	16003	-11.71	-10.03	5.6	0.877	6.44	0.792	0.400	39.5	63.3	30.0	0	0
mcp1k	386948	receiver_type	16008-93078	17	11	11	93078	-8.15	-9.12	3.1	1.870	3.20	0.974	shower	11	11	16008	-7.37	-4.25	4.9	1.416	3.96	0.886	0.000	47.4	53.0	77.0	0	0
mcp1k	386948	receiver_type	16008-93078	17	11	11	93078	-8.15	-9.12	3.1	1.870	3.20	0.974	shower	11	11	16008	-4.25	-7.37	4.9	1.416	3.96	0.886	0.000	50.3	52.8	129.2	0	0
mcp1k	386948	receiver_type	16010-93078	17	11	11	93078	-8.15	-9.12	3.1	1.870	3.20	0.974	shower	11	11	16010	-7.37	-7.24	5.2	0.990	8.35	0.941	0.000	47.4	53.0	80.7	0	0
mcp1k	386948	receiver_type	16010-93078	17	11	11	93078	-8.15	-9.12	3.1	1.870	3.20	0.974	shower	11	11	16010	-7.24	-7.37	5.2	0.990	8.35	0.941	0.000	51.7	55.4	100.5	0	0
mcp1k	386948	receiver_type	16012-93078	17	11	11	93078	-8.15	-9.12	3.1	1.870	3.20	0.974	shower	11	11	16012	-7.24	-6.97	9.7	1.077	5.81	0.890	0.000	51.7	55.4	117.7	0	0
mcp1k	386948	receiver_type	16012-93078	17	11	11	93078	-8.15	-9.12	3.1	1.870	3.20	0.974	shower	11	11	16012	-6.97	-7.24	9.7	1.077	5.81	0.890	0.000	55.4	62.9	60.3	0	0
mcp1k	386948	receiver_type	16019-93078	17	11	11	93078	-8.15	-9.12	3.1	1.870	3.20	0.974	shower	11	11	16019	-9.60	-11.28	3.4	1.570	5.05	0.972	0.000	48.8	49.6	68.1	0	0
mcp1k	386948	receiver_type	16019-93078	17	11	11	93078	-8.15	-9.12	3.1	1.870	3.20	0.974	shower	11	11	16019	-11.28	-9.60	3.4	1.570	5.05	0.972	0.000	48.5	47.8	101.5	0	0
mcp1k	386948	receiver_type	16020-93078	17	11	11	93078	-8.15	-9.12	3.1	1.870	3.20	0.974	shower	11	11	16020	-9.56	-16.00	11.5	0.996	3.13	0.798	0.000	49.7	55.5	90.2	0	0
mcp1k	386948	receiver_type	16021-93078	17	11	11	93078	-8.15	-9.12	3.1	1.870	3.20	0.974	shower	11	11	16021	-9.56	-7.37	3.9	0.837	5.21	0.882	0.000	49.7	55.5	88.7	0	0
mcp1k	386948	receiver_type	16021-93078	17	11	11	93078	-8.15	-9.12	3.1	1.870	3.20	0.974	shower	11	11	16021	-7.37	-9.56	3.9	0.837	5.21	0.882	0.000	47.4	53.0	101.9	0	0
mcp1k	386948	receiver_type	16022-93078	17	11	11	93078	-8.15	-9.12	3.1	1.870	3.20	0.974	shower	11	11	16022	-9.56	-10.03	9.1	2.334	10.94	0.856	0.062	49.7	55.5	152.4	0	0
mcp1k	386948	receiver_type	16022-93078	17	11	11	93078	-8.15	-9.12	3.1	1.870	3.20	0.974	shower	11	11	16022	-10.03	-9.56	9.1	2.334	10.94	0.856	0.062	42.3	58.5	51.5	0	0
mcp1k	386948	receiver_type	16023-93078	17	11	11	93078	-8.15	-9.12	3.1	1.870	3.20	0.974	shower	11	11	16023	-10.03	-13.02	24.8	1.548	7.02	0.919	0.024	42.3	58.5	91.3	0	0
mcp1k	386948	receiver_type	16024-93078	17	11	11	93078	-8.15	-9.12	3.1	1.870	3.20	0.974	shower	11	11	16024	-7.37	-9.60	8.4	2.300	7.42	0.599	0.000	47.4	53.0	42.5	0	0
mcp1k	386948	receiver_type	16024-93078	17	11	11	93078	-8.15	-9.12	3.1	1.870	3.20	0.974	shower	11	11	16024	-9.60	-7.37	8.4	2.300	7.42	0.599	0.000	48.8	49.6	109.9	0	0
mcp1k	386948	receiver_type	79047-93078	17	11	11	93078	-8.15	-9.12	3.1	1.870	3.20	0.974	shower	11	11	79047	-0.84	-4.96	12.0	1.249	2.33	0.914	0.000	61.2	133.1	141.2	0	0
mcp1k	386948	receiver_type	79047-93078	17	11	11	93078	-8.15	-9.12	3.1	1.870	3.20	0.974	shower	11	11	79047	-4.96	-0.84	12.0	1.249	2.33	0.914	0.000	70.9	134.9	43.1	0	0
mcp1k	386948	receiver_type	79048-93078	17	11	11	93078	-8.15	-9.12	3.1	1.870	3.20	0.974	shower	11	13	79048	-4.96	-7.28	2.5	1.141	2.06	0.986	0.000	70.9	134.9	115.5	0	0
mcp1k	386948	receiver_type	79048-93078	17	11	11	93078	-8.15	-9.12	3.1	1.870	3.20	0.974	shower	11	13	79048	-7.28	-4.96	2.5	1.141	2.06	0.986	0.000	71.6	135.6	63.8	0	0
mcp1k	386948	receiver_type	16003-93079	17	11	11	93079	-7.05	-5.60	2.5	1.124	5.99	0.753	shower	11	11	16003	-10.03	-11.71	5.6	0.877	6.44	0.792	0.400	44.5	130.0	74.3	0	0
mcp1k	386948	receiver_type	16003-93079	17	11	11	93079	-7.05	-5.60	2.5	1.124	5.99	0.753	shower	11	11	16003	-11.71	-10.03	5.6	0.877	6.44	0.792	0.400	41.2	129.6	136.0	0	0
mcp1k	386948	receiver_type	16008-93079	17	11	11	93079	-7.05	-5.60	2.5	1.124	5.99	0.753	shower	11	11	16008	-7.37	-4.25	4.9	1.416	3.96	0.886	0.000	50.1	130.9	168.2	0	0
mcp1k	386948	receiver_type	16008-93079	17	11	11	93079	-7.05	-5.60	2.5	1.124	5.99	0.753	shower	11	11	16008	-4.25	-7.37	4.9	1.416	3.96	0.886	0.000	52.7	134.6	22.9	0	0
mcp1k	386948	receiver_type	16010-93079	17	11	11	93079	-7.05	-5.60	2.5	1.124	5.99	0.753	shower	11	11	16010	-7.37	-7.24	5.2	0.990	8.35	0.941	0.000	50.1	130.9	142.4	0	0
mcp1k	386948	receiver_type	16010-93079	17	11	11	93079	-7.05	-5.60	2.5	1.124	5.99	0.753	shower	11	11	16010	-7.24	-7.37	5.2	0.990	8.35	0.941	0.000	53.9	133.1	27.7	0	0
mcp1k	386948	receiver_type	16012-93079	17	11	11	93079	-7.05	-5.60	2.5	1.124	5.99	0.753	shower	11	11	16012	-7.24	-6.97	9.7	1.077	5.81	0.890	0.000	53.9	133.1	129.0	0	0
mcp1k	386948	receiver_type	16012-93079	17	11	11	93079	-7.05	-5.60	2.5	1.124	5.99	0.753	shower	11	11	16012	-6.97	-7.24	9.7	1.077	5.81	0.890	0.000	56.3	138.4	53.7	0	0
mcp1k	386948	receiver_type	16019-93079	17	11	11	93079	-7.05	-5.60	2.5	1.124	5.99	0.753	shower	11	11	16019	-9.60	-11.28	3.4	1.570	5.05	0.972	0.000	52.2	126.0	45.7	0	0
mcp1k	386948	receiver_type	16019-93079	17	11	11	93079	-7.05	-5.60	2.5	1.124	5.99	0.753	shower	11	11	16019	-11.28	-9.60	3.4	1.570	5.05	0.972	0.000	52.4	122.5	144.9	0	0
mcp1k	386948	receiver_type	16020-93079	17	11	11	93079	-7.05	-5.60	2.5	1.124	5.99	0.753	shower	11	11	16020	-9.56	-16.00	11.5	0.996	3.13	0.798	0.000	52.2	130.3	113.5	0	0
mcp1k	386948	receiver_type	16021-93079	17	11	11	93079	-7.05	-5.60	2.5	1.124	5.99	0.753	shower	11	11	16021	-9.56	-7.37	3.9	0.837	5.21	0.882	0.000	52.2	130.3	77.0	0	0
mcp1k	386948	receiver_type	16021-93079	17	11	11	93079	-7.05	-5.60	2.5	1.124	5.99	0.753	shower	11	11	16021	-7.37	-9.56	3.9	0.837	5.21	0.882	0.000	50.1	130.9	108.2	0	0
mcp1k	386948	receiver_type	16022-93079	17	11	11	93079	-7.05	-5.60	2.5	1.124	5.99	0.753	shower	11	11	16022	-9.56	-10.03	9.1	2.334	10.94	0.856	0.062	52.2	130.3	58.5	0	0
mcp1k	386948	receiver_type	16022-93079	17	11	11	93079	-7.05	-5.60	2.5	1.124	5.99	0.753	shower	11	11	16022	-10.03	-9.56	9.1	2.334	10.94	0.856	0.062	44.5	130.0	138.4	0	0
mcp1k	386948	receiver_type	16023-93079	17	11	11	93079	-7.05	-5.60	2.5	1.124	5.99	0.753	shower	11	11	16023	-10.03	-13.02	24.8	1.548	7.02	0.919	0.024	44.5	130.0	33.5	0	0
mcp1k	386948	receiver_type	16024-93079	17	11	11	93079	-7.05	-5.60	2.5	1.124	5.99	0.753	shower	11	11	16024	-7.37	-9.60	8.4	2.300	7.42	0.599	0.000	50.1	130.9	90.1	0	0
mcp1k	386948	receiver_type	16024-93079	17	11	11	93079	-7.05	-5.60	2.5	1.124	5.99	0.753	shower	11	11	16024	-9.60	-7.37	8.4	2.300	7.42	0.599	0.000	52.2	126.0	137.7	0	0
mcp1k	386948	receiver_type	79047-93079	17	11	11	93079	-7.05	-5.60	2.5	1.124	5.99	0.753	shower	11	11	79047	-0.84	-4.96	12.0	1.249	2.33	0.914	0.000	52.4	117.0	102.7	0	0
mcp1k	386948	receiver_type	79047-93079	17	11	11	93079	-7.05	-5.60	2.5	1.124	5.99	0.753	shower	11	11	79047	-4.96	-0.84	12.0	1.249	2.33	0.914	0.000	62.2	114.5	81.2	0	0
mcp1k	386948	receiver_type	79048-93079	17	11	11	93079	-7.05	-5.60	2.5	1.124	5.99	0.753	shower	11	13	79048	-4.96	-7.28	2.5	1.141	2.06	0.986	0.000	62.2	114.5	77.9	0	0
mcp1k	386948	receiver_type	79048-93079	17	11	11	93079	-7.05	-5.60	2.5	1.124	5.99	0.753	shower	11	13	79048	-7.28	-4.96	2.5	1.141	2.06	0.986	0.000	62.9	113.6	109.4	0	0
mcp1k	386948	receiver_type	16003-93079	17	11	11	93079	-5.60	-7.05	2.5	1.124	5.99	0.753	shower	11	11	16003	-10.03	-11.71	5.6	0.877	6.44	0.792	0.400	43.9	92.8	91.4	0	0
mcp1k	386948	receiver_type	16003-93079	17	11	11	93079	-5.60	-7.05	2.5	1.124	5.99	0.753	shower	11	11	16003	-11.71	-10.03	5.6	0.877	6.44	0.792	0.400	40.6	93.8	77.4	0	0
mcp1k	386948	receiver_type	16008-93079	17	11	11	93079	-5.60	-7.05	2.5	1.124	5.99	0.753	shower	11	11	16008	-7.37	-4.25	4.9	1.416	3.96	0.886	0.000	49.5	90.9	30.3	0	0
mcp1k	386948	receiver_type	16008-93079	17	11	11	93079	-5.60	-7.05	2.5	1.124	5.99	0.753	shower	11	11	16008	-4.25	-7.37	4.9	1.416	3.96	0.886	0.000	52.0	86.9	138.1	0	0
mcp1k	386948	receiver_type	16010-93079	17	11	11	93079	-5.60	-7.05	2.5	1.124	5.99	0.753	shower	11	11	16010	-7.37	-7.24	5.2	0.990	8.35	0.941	0.000	49.5	90.9	73.8	0	0
mcp1k	386948	receiver_type	16010-93079	17	11	11	93079	-5.60	-7.05	2.5	1.124	5.99	0.753	shower	11	11	16010	-7.24	-7.37	5.2	0.990	8.35	0.941	0.000	53.2	89.0	116.4	0	0
mcp1k	386948	receiver_type	16012-93079	17	11	11	93079	-5.60	-7.05	2.5	1.124	5.99	0.753	shower	11	11	16012	-7.24	-6.97	9.7	1.077	5.81	0.890	0.000	53.2	89.0	56.7	0	0
mcp1k	386948	receiver_type	16012-93079	17	11	11	93079	-5.60	-7.05	2.5	1.124	5.99	0.753	shower	11	11	16012	-6.97	-7.24	9.7	1.077	5.81	0.890	0.000	55.5	84.3	120.2	0	0
mcp1k	386948	receiver_type	16019-93079	17	11	11	93079	-5.60	-7.05	2.5	1.124	5.99	0.753	shower	11	11	16019	-9.60	-11.28	3.4	1.570	5.05	0.972	0.000	51.7	95.2	148.3	0	0
mcp1k	386948	receiver_type	16019-93079	17	11	11	93079	-5.60	-7.05	2.5	1.124	5.99	0.753	shower	11	11	16019	-11.28	-9.60	3.4	1.570	5.05	0.972	0.000	52.0	98.4	27.6	0	0
mcp1k	386948	receiver_type	16020-93079	17	11	11	93079	-5.60	-7.05	2.5	1.124	5.99	0.753	shower	11	11	16020	-9.56	-16.00	11.5	0.996	3.13	0.798	0.000	51.6	92.0	101.3	0	0
mcp1k	386948	receiver_type	16021-93079	17	11	11	93079	-5.60	-7.05	2.5	1.124	5.99	0.753	shower	11	11	16021	-9.56	-7.37	3.9	0.837	5.21	0.882	0.000	51.6	92.0	67.7	0	0
mcp1k	386948	receiver_type	16021-93079	17	11	11	93079	-5.60	-7.05	2.5	1.124	5.99	0.753	shower	11	11	16021	-7.37	-9.56	3.9	0.837	5.21	0.882	0.000	49.5	90.9	101.6	0	0
mcp1k	386948	receiver_type	16022-93079	17	11	11	93079	-5.60	-7.05	2.5	1.124	5.99	0.753	shower	11	11	16022	-9.56	-10.03	9.1	2.334	10.94	0.856	0.062	51.6	92.0	86.9	0	0
mcp1k	386948	receiver_type	16022-93079	17	11	11	93079	-5.60	-7.05	2.5	1.124	5.99	0.753	shower	11	11	16022	-10.03	-9.56	9.1	2.334	10.94	0.856	0.062	43.9	92.8	82.2	0	0
mcp1k	386948	receiver_type	16023-93079	17	11	11	93079	-5.60	-7.05	2.5	1.124	5.99	0.753	shower	11	11	16023	-10.03	-13.02	24.8	1.548	7.02	0.919	0.024	43.9	92.8	115.7	0	0
mcp1k	386948	receiver_type	16024-93079	17	11	11	93079	-5.60	-7.05	2.5	1.124	5.99	0.753	shower	11	11	16024	-7.37	-9.60	8.4	2.300	7.42	0.599	0.000	49.5	90.9	125.3	0	0
mcp1k	386948	receiver_type	16024-93079	17	11	11	93079	-5.60	-7.05	2.5	1.124	5.99	0.753	shower	11	11	16024	-9.60	-7.37	8.4	2.300	7.42	0.599	0.000	51.7	95.2	34.7	0	0
mcp1k	386948	receiver_type	79047-93079	17	11	11	93079	-5.60	-7.05	2.5	1.124	5.99	0.753	shower	11	11	79047	-0.84	-4.96	12.0	1.249	2.33	0.914	0.000	51.4	55.5	76.9	0	0
mcp1k	386948	receiver_type	79047-93079	17	11	11	93079	-5.60	-7.05	2.5	1.124	5.99	0.753	shower	11	11	79047	-4.96	-0.84	12.0	1.249	2.33	0.914	0.000	61.3	60.1	92.1	0	0
mcp1k	386948	receiver_type	79048-93079	17	11	11	93079	-5.60	-7.05	2.5	1.124	5.99	0.753	shower	11	13	79048	-4.96	-7.28	2.5	1.141	2.06	0.986	0.000	61.3	60.1	126.5	0	0
mcp1k	386948	receiver_type	79048-93079	17	11	11	93079	-5.60	-7.05	2.5	1.124	5.99	0.753	shower	11	13	79048	-7.28	-4.96	2.5	1.141	2.06	0.986	0.000	62.1	62.2	46.8	0	0
mcp1k	386948	receiver_type	16003-93080	17	11	11	93080	-5.60	-4.15	7.4	0.784	3.77	0.507	shower	11	11	16003	-10.03	-11.71	5.6	0.877	6.44	0.792	0.400	43.9	92.9	102.7	0	0
mcp1k	386948	receiver_type	16003-93080	17	11	11	93080	-5.60	-4.15	7.4	0.784	3.77	0.507	shower	11	11	16003	-11.71	-10.03	5.6	0.877	6.44	0.792	0.400	40.6	93.3	99.8	0	0
mcp1k	386948	receiver_type	16008-93080	17	11	11	93080	-5.60	-4.15	7.4	0.784	3.77	0.507	shower	11	11	16008	-7.37	-4.25	4.9	1.416	3.96	0.886	0.000	49.5	93.1	154.7	0	0
mcp1k	386948	receiver_type	16008-93080	17	11	11	93080	-5.60	-4.15	7.4	0.784	3.77	0.507	shower	11	11	16008	-4.25	-7.37	4.9	1.416	3.96	0.886	0.000	52.0	96.8	49.3	0	0
mcp1k	386948	receiver_type	16010-93080	17	11	11	93080	-5.60	-4.15	7.4	0.784	3.77	0.507	shower	11	11	16010	-7.37	-7.24	5.2	0.990	8.35	0.941	0.000	49.5	93.1	120.8	0	0
mcp1k	386948	receiver_type	16010-93080	17	11	11	93080	-5.60	-4.15	7.4	0.784	3.77	0.507	shower	11	11	16010	-7.24	-7.37	5.2	0.990	8.35	0.941	0.000	53.2	95.9	49.9	0	0
mcp1k	386948	receiver_type	16012-93080	17	11	11	93080	-5.60	-4.15	7.4	0.784	3.77	0.507	shower	11	11	16012	-7.24	-6.97	9.7	1.077	5.81	0.890	0.000	53.2	95.9	144.3	0	0
mcp1k	386948	receiver_type	16012-93080	17	11	11	93080	-5.60	-4.15	7.4	0.784	3.77	0.507	shower	11	11	16012	-6.97	-7.24	9.7	1.077	5.81	0.890	0.000	55.5	102.9	38.9	0	0
mcp1k	386948	receiver_type	16019-93080	17	11	11	93080	-5.60	-4.15	7.4	0.784	3.77	0.507	shower	11	11	16019	-9.60	-11.28	3.4	1.570	5.05	0.972	0.000	51.7	88.1	12.6	0	0
mcp1k	386948	receiver_type	16019-93080	17	11	11	93080	-5.60	-4.15	7.4	0.784	3.77	0.507	shower	11	11	16019	-11.28	-9.60	3.4	1.570	5.05	0.972	0.000	52.0	84.5	173.0	0	0
mcp1k	386948	receiver_type	16020-93080	17	11	11	93080	-5.60	-4.15	7.4	0.784	3.77	0.507	shower	11	11	16020	-9.56	-16.00	11.5	0.996	3.13	0.798	0.000	51.6	93.1	96.3	0	0
mcp1k	386948	receiver_type	16021-93080	17	11	11	93080	-5.60	-4.15	7.4	0.784	3.77	0.507	shower	11	11	16021	-9.56	-7.37	3.9	0.837	5.21	0.882	0.000	51.6	93.1	94.4	0	0
mcp1k	386948	receiver_type	16021-93080	17	11	11	93080	-5.60	-4.15	7.4	0.784	3.77	0.507	shower	11	11	16021	-7.37	-9.56	3.9	0.837	5.21	0.882	0.000	49.5	93.1	97.9	0	0
mcp1k	386948	receiver_type	16022-93080	17	11	11	93080	-5.60	-4.15	7.4	0.784	3.77	0.507	shower	11	11	16022	-9.56	-10.03	9.1	2.334	10.94	0.856	0.062	51.6	93.1	95.2	0	0
mcp1k	386948	receiver_type	16022-93080	17	11	11	93080	-5.60	-4.15	7.4	0.784	3.77	0.507	shower	11	11	16022	-10.03	-9.56	9.1	2.334	10.94	0.856	0.062	43.9	92.9	103.6	0	0
mcp1k	386948	receiver_type	16023-93080	17	11	11	93080	-5.60	-4.15	7.4	0.784	3.77	0.507	shower	11	11	16023	-10.03	-13.02	24.8	1.548	7.02	0.919	0.024	43.9	92.9	47.8	0	0
mcp1k	386948	receiver_type	16024-93080	17	11	11	93080	-5.60	-4.15	7.4	0.784	3.77	0.507	shower	11	11	16024	-7.37	-9.60	8.4	2.300	7.42	0.599	0.000	49.5	93.1	53.6	0	0
mcp1k	386948	receiver_type	16024-93080	17	11	11	93080	-5.60	-4.15	7.4	0.784	3.77	0.507	shower	11	11	16024	-9.60	-7.37	8.4	2.300	7.42	0.599	0.000	51.7	88.1	166.0	0	0
mcp1k	386948	receiver_type	79047-93080	17	11	11	93080	-5.60	-4.15	7.4	0.784	3.77	0.507	shower	11	11	79047	-0.84	-4.96	12.0	1.249	2.33	0.914	0.000	51.4	142.8	122.6	0	0
mcp1k	386948	receiver_type	79047-93080	17	11	11	93080	-5.60	-4.15	7.4	0.784	3.77	0.507	shower	11	11	79047	-4.96	-0.84	12.0	1.249	2.33	0.914	0.000	61.3	138.7	67.6	0	0
mcp1k	386948	receiver_type	79048-93080	17	11	11	93080	-5.60	-4.15	7.4	0.784	3.77	0.507	shower	11	13	79048	-4.96	-7.28	2.5	1.141	2.06	0.986	0.000	61.3	138.7	74.5	0	0
mcp1k	386948	receiver_type	79048-93080	17	11	11	93080	-5.60	-4.15	7.4	0.784	3.77	0.507	shower	11	13	79048	-7.28	-4.96	2.5	1.141	2.06	0.986	0.000	62.1	136.8	112.2	0	0
mcp1k	386948	receiver_type	16003-93080	17	11	11	93080	-4.15	-5.60	7.4	0.784	3.77	0.507	shower	11	11	16003	-10.03	-11.71	5.6	0.877	6.44	0.792	0.400	43.2	65.2	65.9	0	0
mcp1k	386948	receiver_type	16003-93080	17	11	11	93080	-4.15	-5.60	7.4	0.784	3.77	0.507	shower	11	11	16003	-11.71	-10.03	5.6	0.877	6.44	0.792	0.400	39.9	62.4	75.4	0	0
mcp1k	386948	receiver_type	16008-93080	17	11	11	93080	-4.15	-5.60	7.4	0.784	3.77	0.507	shower	11	11	16008	-7.37	-4.25	4.9	1.416	3.96	0.886	0.000	48.8	68.0	49.6	0	0
mcp1k	386948	receiver_type	16008-93080	17	11	11	93080	-4.15	-5.60	7.4	0.784	3.77	0.507	shower	11	11	16008	-4.25	-7.37	4.9	1.416	3.96	0.886	0.000	51.1	66.4	108.5	0	0
mcp1k	386948	receiver_type	16010-93080	17	11	11	93080	-4.15	-5.60	7.4	0.784	3.77	0.507	shower	11	11	16010	-7.37	-7.24	5.2	0.990	8.35	0.941	0.000	48.8	68.0	25.1	0	0
mcp1k	386948	receiver_type	16010-93080	17	11	11	93080	-4.15	-5.60	7.4	0.784	3.77	0.507	shower	11	11	16010	-7.24	-7.37	5.2	0.990	8.35	0.941	0.000	52.4	64.3	153.5	0	0
mcp1k	386948	receiver_type	16012-93080	17	11	11	93080	-4.15	-5.60	7.4	0.784	3.77	0.507	shower	11	11	16012	-7.24	-6.97	9.7	1.077	5.81	0.890	0.000	52.4	64.3	21.3	0	0
mcp1k	386948	receiver_type	16012-93080	17	11	11	93080	-4.15	-5.60	7.4	0.784	3.77	0.507	shower	11	11	16012	-6.97	-7.24	9.7	1.077	5.81	0.890	0.000	54.1	55.3	159.6	0	0
mcp1k	386948	receiver_type	16019-93080	17	11	11	93080	-4.15	-5.60	7.4	0.784	3.77	0.507	shower	11	11	16019	-9.60	-11.28	3.4	1.570	5.05	0.972	0.000	51.4	72.0	134.9	0	0
mcp1k	386948	receiver_type	16019-93080	17	11	11	93080	-4.15	-5.60	7.4	0.784	3.77	0.507	shower	11	11	16019	-11.28	-9.60	3.4	1.570	5.05	0.972	0.000	51.9	75.0	43.7	0	0
mcp1k	386948	receiver_type	16020-93080	17	11	11	93080	-4.15	-5.60	7.4	0.784	3.77	0.507	shower	11	11	16020	-9.56	-16.00	11.5	0.996	3.13	0.798	0.000	50.8	65.6	35.0	0	0
mcp1k	386948	receiver_type	16021-93080	17	11	11	93080	-4.15	-5.60	7.4	0.784	3.77	0.507	shower	11	11	16021	-9.56	-7.37	3.9	0.837	5.21	0.882	0.000	50.8	65.6	135.4	0	0
mcp1k	386948	receiver_type	16021-93080	17	11	11	93080	-4.15	-5.60	7.4	0.784	3.77	0.507	shower	11	11	16021	-7.37	-9.56	3.9	0.837	5.21	0.882	0.000	48.8	68.0	31.5	0	0
mcp1k	386948	receiver_type	16022-93080	17	11	11	93080	-4.15	-5.60	7.4	0.784	3.77	0.507	shower	11	11	16022	-9.56	-10.03	9.1	2.334	10.94	0.856	0.062	50.8	65.6	98.7	0	0
mcp1k	386948	receiver_type	16022-93080	17	11	11	93080	-4.15	-5.60	7.4	0.784	3.77	0.507	shower	11	11	16022	-10.03	-9.56	9.1	2.334	10.94	0.856	0.062	43.2	65.2	55.0	0	0
mcp1k	386948	receiver_type	16023-93080	17	11	11	93080	-4.15	-5.60	7.4	0.784	3.77	0.507	shower	11	11	16023	-10.03	-13.02	24.8	1.548	7.02	0.919	0.024	43.2	65.2	162.6	0	0
mcp1k	386948	receiver_type	16024-93080	17	11	11	93080	-4.15	-5.60	7.4	0.784	3.77	0.507	shower	11	11	16024	-7.37	-9.60	8.4	2.300	7.42	0.599	0.000	48.8	68.0	96.4	0	0
mcp1k	386948	receiver_type	16024-93080	17	11	11	93080	-4.15	-5.60	7.4	0.784	3.77	0.507	shower	11	11	16024	-9.60	-7.37	8.4	2.300	7.42	0.599	0.000	51.4	72.0	39.7	0	0
mcp1k	386948	receiver_type	79047-93080	17	11	11	93080	-4.15	-5.60	7.4	0.784	3.77	0.507	shower	11	11	79047	-0.84	-4.96	12.0	1.249	2.33	0.914	0.000	48.2	40.5	35.9	0	0
mcp1k	386948	receiver_type	79047-93080	17	11	11	93080	-4.15	-5.60	7.4	0.784	3.77	0.507	shower	11	11	79047	-4.96	-0.84	12.0	1.249	2.33	0.914	0.000	58.2	38.3	145.8	0	0
mcp1k	386948	receiver_type	79048-93080	17	11	11	93080	-4.15	-5.60	7.4	0.784	3.77	0.507	shower	11	13	79048	-4.96	-7.28	2.5	1.141	2.06	0.986	0.000	58.2	38.3	57.6	0	0
mcp1k	386948	receiver_type	79048-93080	17	11	11	93080	-4.15	-5.60	7.4	0.784	3.77	0.507	shower	11	13	79048	-7.28	-4.96	2.5	1.141	2.06	0.986	0.000	59.0	37.4	115.0	0	0
mcp1k	386948	receiver_type	16003-93081	17	11	11	93081	-5.60	-0.46	8.0	0.966	3.64	0.669	shower	11	11	16003	-10.03	-11.71	5.6	0.877	6.44	0.792	0.400	43.9	67.7	82.3	0	0
mcp1k	386948	receiver_type	16003-93081	17	11	11	93081	-5.60	-0.46	8.0	0.966	3.64	0.669	shower	11	11	16003	-11.71	-10.03	5.6	0.877	6.44	0.792	0.400	40.6	65.3	90.1	0	0
mcp1k	386948	receiver_type	16008-93081	17	11	11	93081	-5.60	-0.46	8.0	0.966	3.64	0.669	shower	11	11	16008	-7.37	-4.25	4.9	1.416	3.96	0.886	0.000	49.5	71.0	123.0	0	0
mcp1k	386948	receiver_type	16008-93081	17	11	11	93081	-5.60	-0.46	8.0	0.966	3.64	0.669	shower	11	11	16008	-4.25	-7.37	4.9	1.416	3.96	0.886	0.000	52.0	74.8	56.7	0	0
mcp1k	386948	receiver_type	16010-93081	17	11	11	93081	-5.60	-0.46	8.0	0.966	3.64	0.669	shower	11	11	16010	-7.37	-7.24	5.2	0.990	8.35	0.941	0.000	49.5	71.0	78.2	0	0
mcp1k	386948	receiver_type	16010-93081	17	11	11	93081	-5.60	-0.46	8.0	0.966	3.64	0.669	shower	11	11	16010	-7.24	-7.37	5.2	0.990	8.35	0.941	0.000	53.2	71.8	91.4	0	0
mcp1k	386948	receiver_type	16012-93081	17	11	11	93081	-5.60	-0.46	8.0	0.966	3.64	0.669	shower	11	11	16012	-7.24	-6.97	9.7	1.077	5.81	0.890	0.000	53.2	71.8	97.9	0	0
mcp1k	386948	receiver_type	16012-93081	17	11	11	93081	-5.60	-0.46	8.0	0.966	3.64	0.669	shower	11	11	16012	-6.97	-7.24	9.7	1.077	5.81	0.890	0.000	55.5	73.6	84.9	0	0
mcp1k	386948	receiver_type	16019-93081	17	11	11	93081	-5.60	-0.46	8.0	0.966	3.64	0.669	shower	11	11	16019	-9.60	-11.28	3.4	1.570	5.05	0.972	0.000	51.7	68.2	55.6	0	0
mcp1k	386948	receiver_type	16019-93081	17	11	11	93081	-5.60	-0.46	8.0	0.966	3.64	0.669	shower	11	11	16019	-11.28	-9.60	3.4	1.570	5.05	0.972	0.000	52.0	66.0	125.1	0	0
mcp1k	386948	receiver_type	16020-93081	17	11	11	93081	-5.60	-0.46	8.0	0.966	3.64	0.669	shower	11	11	16020	-9.56	-16.00	11.5	0.996	3.13	0.798	0.000	51.6	69.0	50.1	0	0
mcp1k	386948	receiver_type	16021-93081	17	11	11	93081	-5.60	-0.46	8.0	0.966	3.64	0.669	shower	11	11	16021	-9.56	-7.37	3.9	0.837	5.21	0.882	0.000	51.6	69.0	140.9	0	0
mcp1k	386948	receiver_type	16021-93081	17	11	11	93081	-5.60	-0.46	8.0	0.966	3.64	0.669	shower	11	11	16021	-7.37	-9.56	3.9	0.837	5.21	0.882	0.000	49.5	71.0	50.0	0	0
mcp1k	386948	receiver_type	16022-93081	17	11	11	93081	-5.60	-0.46	8.0	0.966	3.64	0.669	shower	11	11	16022	-9.56	-10.03	9.1	2.334	10.94	0.856	0.062	51.6	69.0	103.6	0	0
mcp1k	386948	receiver_type	16022-93081	17	11	11	93081	-5.60	-0.46	8.0	0.966	3.64	0.669	shower	11	11	16022	-10.03	-9.56	9.1	2.334	10.94	0.856	0.062	43.9	67.7	76.7	0	0
mcp1k	386948	receiver_type	16023-93081	17	11	11	93081	-5.60	-0.46	8.0	0.966	3.64	0.669	shower	11	11	16023	-10.03	-13.02	24.8	1.548	7.02	0.919	0.024	43.9	67.7	92.9	0	0
mcp1k	386948	receiver_type	16024-93081	17	11	11	93081	-5.60	-0.46	8.0	0.966	3.64	0.669	shower	11	11	16024	-7.37	-9.60	8.4	2.300	7.42	0.599	0.000	49.5	71.0	50.8	0	0
mcp1k	386948	receiver_type	16024-93081	17	11	11	93081	-5.60	-0.46	8.0	0.966	3.64	0.669	shower	11	11	16024	-9.60	-7.37	8.4	2.300	7.42	0.599	0.000	51.7	68.2	119.9	0	0
mcp1k	386948	receiver_type	79047-93081	17	11	11	93081	-5.60	-0.46	8.0	0.966	3.64	0.669	shower	11	11	79047	-0.84	-4.96	12.0	1.249	2.33	0.914	0.000	51.4	105.2	84.0	0	0
mcp1k	386948	receiver_type	79047-93081	17	11	11	93081	-5.60	-0.46	8.0	0.966	3.64	0.669	shower	11	11	79047	-4.96	-0.84	12.0	1.249	2.33	0.914	0.000	61.3	100.5	108.7	0	0
mcp1k	386948	receiver_type	79048-93081	17	11	11	93081	-5.60	-0.46	8.0	0.966	3.64	0.669	shower	11	13	79048	-4.96	-7.28	2.5	1.141	2.06	0.986	0.000	61.3	100.5	30.0	0	0
mcp1k	386948	receiver_type	79048-93081	17	11	11	93081	-5.60	-0.46	8.0	0.966	3.64	0.669	shower	11	13	79048	-7.28	-4.96	2.5	1.141	2.06	0.986	0.000	62.1	98.3	154.1	0	0
mcp1k	386948	receiver_type	16003-93081	17	11	11	93081	-0.46	-5.60	8.0	0.966	3.64	0.669	shower	11	11	16003	-10.03	-11.71	5.6	0.877	6.44	0.792	0.400	46.1	114.6	118.9	0	0
mcp1k	386948	receiver_type	16003-93081	17	11	11	93081	-0.46	-5.60	8.0	0.966	3.64	0.669	shower	11	11	16003	-11.71	-10.03	5.6	0.877	6.44	0.792	0.400	43.1	118.6	82.8	0	0
mcp1k	386948	receiver_type	16008-93081	17	11	11	93081	-0.46	-5.60	8.0	0.966	3.64	0.669	shower	11	11	16008	-7.37	-4.25	4.9	1.416	3.96	0.886	0.000	51.3	109.7	73.2	0	0
mcp1k	386948	receiver_type	16008-93081	17	11	11	93081	-0.46	-5.60	8.0	0.966	3.64	0.669	shower	11	11	16008	-4.25	-7.37	4.9	1.416	3.96	0.886	0.000	53.5	106.9	120.0	0	0
mcp1k	386948	receiver_type	16010-93081	17	11	11	93081	-0.46	-5.60	8.0	0.966	3.64	0.669	shower	11	11	16010	-7.37	-7.24	5.2	0.990	8.35	0.941	0.000	51.3	109.7	115.6	0	0
mcp1k	386948	receiver_type	16010-93081	17	11	11	93081	-0.46	-5.60	8.0	0.966	3.64	0.669	shower	11	11	16010	-7.24	-7.37	5.2	0.990	8.35	0.941	0.000	55.0	110.2	74.1	0	0
mcp1k	386948	receiver_type	16012-93081	17	11	11	93081	-0.46	-5.60	8.0	0.966	3.64	0.669	shower	11	11	16012	-7.24	-6.97	9.7	1.077	5.81	0.890	0.000	55.0	110.2	107.9	0	0
mcp1k	386948	receiver_type	16012-93081	17	11	11	93081	-0.46	-5.60	8.0	0.966	3.64	0.669	shower	11	11	16012	-6.97	-7.24	9.7	1.077	5.81	0.890	0.000	57.3	112.4	69.1	0	0
mcp1k	386948	receiver_type	16019-93081	17	11	11	93081	-0.46	-5.60	8.0	0.966	3.64	0.669	shower	11	11	16019	-9.60	-11.28	3.4	1.570	5.05	0.972	0.000	53.7	110.0	98.3	0	0
mcp1k	386948	receiver_type	16019-93081	17	11	11	93081	-0.46	-5.60	8.0	0.966	3.64	0.669	shower	11	11	16019	-11.28	-9.60	3.4	1.570	5.05	0.972	0.000	54.1	110.5	79.2	0	0
mcp1k	386948	receiver_type	16020-93081	17	11	11	93081	-0.46	-5.60	8.0	0.966	3.64	0.669	shower	11	11	16020	-9.56	-16.00	11.5	0.996	3.13	0.798	0.000	53.6	112.3	143.5	0	0
mcp1k	386948	receiver_type	16021-93081	17	11	11	93081	-0.46	-5.60	8.0	0.966	3.64	0.669	shower	11	11	16021	-9.56	-7.37	3.9	0.837	5.21	0.882	0.000	53.6	112.3	27.8	0	0
mcp1k	386948	receiver_type	16021-93081	17	11	11	93081	-0.46	-5.60	8.0	0.966	3.64	0.669	shower	11	11	16021	-7.37	-9.56	3.9	0.837	5.21	0.882	0.000	51.3	109.7	149.9	0	0
mcp1k	386948	receiver_type	16022-93081	17	11	11	93081	-0.46	-5.60	8.0	0.966	3.64	0.669	shower	11	11	16022	-9.56	-10.03	9.1	2.334	10.94	0.856	0.062	53.6	112.3	88.1	0	0
mcp1k	386948	receiver_type	16022-93081	17	11	11	93081	-0.46	-5.60	8.0	0.966	3.64	0.669	shower	11	11	16022	-10.03	-9.56	9.1	2.334	10.94	0.856	0.062	46.1	114.6	103.4	0	0
mcp1k	386948	receiver_type	16023-93081	17	11	11	93081	-0.46	-5.60	8.0	0.966	3.64	0.669	shower	11	11	16023	-10.03	-13.02	24.8	1.548	7.02	0.919	0.024	46.1	114.6	69.3	0	0
mcp1k	386948	receiver_type	16024-93081	17	11	11	93081	-0.46	-5.60	8.0	0.966	3.64	0.669	shower	11	11	16024	-7.37	-9.60	8.4	2.300	7.42	0.599	0.000	51.3	109.7	108.0	0	0
mcp1k	386948	receiver_type	16024-93081	17	11	11	93081	-0.46	-5.60	8.0	0.966	3.64	0.669	shower	11	11	16024	-9.60	-7.37	8.4	2.300	7.42	0.599	0.000	53.7	110.0	85.7	0	0
mcp1k	386948	receiver_type	79047-93081	17	11	11	93081	-0.46	-5.60	8.0	0.966	3.64	0.669	shower	11	11	79047	-0.84	-4.96	12.0	1.249	2.33	0.914	0.000	51.6	107.7	122.8	0	0
mcp1k	386948	receiver_type	79047-93081	17	11	11	93081	-0.46	-5.60	8.0	0.966	3.64	0.669	shower	11	11	79047	-4.96	-0.84	12.0	1.249	2.33	0.914	0.000	61.9	111.5	44.4	0	0
mcp1k	386948	receiver_type	79048-93081	17	11	11	93081	-0.46	-5.60	8.0	0.966	3.64	0.669	shower	11	13	79048	-4.96	-7.28	2.5	1.141	2.06	0.986	0.000	61.9	111.5	176.4	0	0
mcp1k	386948	receiver_type	79048-93081	17	11	11	93081	-0.46	-5.60	8.0	0.966	3.64	0.669	shower	11	13	79048	-7.28	-4.96	2.5	1.141	2.06	0.986	0.000	62.9	113.5	7.9	0	0
mcp1k	391766	receiver_seg_type	24009-25013	0	13	11	24009	-8.15	-6.05	7.7	1.039	3.57	0.886	shower	13	13	25013	9.80	16.50	32.0	1.719	1.65	0.892	0.000	270.7	142.1	42.2	0	0
mcp1k	391766	receiver_seg_type	24009-25013	0	13	11	24009	-6.05	-8.15	7.7	1.039	3.57	0.886	shower	13	13	25013	9.80	16.50	32.0	1.719	1.65	0.892	0.000	265.8	49.9	129.5	0	0
mcp1k	394796	receiver_type	15001-46013	0	11	11	46013	3.35	1.68	6.4	1.472	1.65	0.978	bare	-1	13	15001	4.48	36.81	147.3	1.158	1.49	0.953	0.000	6.3	14.7	7.1	1	0
mcp1k	394796	receiver_type	15001-46013	0	11	11	46013	1.68	3.35	6.4	1.472	1.65	0.978	bare	-1	13	15001	4.48	36.81	147.3	1.158	1.49	0.953	0.000	12.4	171.8	172.8	0	0
mcp1k	399118	receiver_type	16016-9000	2	2212	2212	16016	6.86	5.32	4.2	4.996	5.01	0.985	bare	-1	13	9000	-0.70	-45.55	153.7	1.218	1.54	0.959	0.000	14.4	153.8	139.6	0	0
mcp1k	399118	receiver_type	16016-16017	2	2212	2212	16016	6.86	5.32	4.2	4.996	5.01	0.985	bare	-1	2212	16017	5.32	-9.18	107.2	2.063	2.40	0.919	0.000	4.1	175.6	132.0	0	1
mcp1k	399118	receiver_type	16016-16017	2	2212	2212	16016	6.86	5.32	4.2	4.996	5.01	0.985	bare	-1	2212	16017	-9.18	5.32	107.2	2.063	2.40	0.919	0.000	101.5	130.7	52.4	0	1
mcp1k	399118	receiver_type	16016-60031	2	2212	2212	16016	6.86	5.32	4.2	4.996	5.01	0.985	shower	11	11	60031	6.99	5.33	6.2	1.152	4.09	0.940	0.000	17.5	125.7	103.2	0	0
mcp1k	399118	receiver_type	16016-60031	2	2212	2212	16016	6.86	5.32	4.2	4.996	5.01	0.985	shower	11	11	60031	5.33	6.99	6.2	1.152	4.09	0.940	0.000	13.9	142.6	86.0	0	0
mcp1k	399118	receiver_type	16016-60032	2	2212	2212	16016	6.86	5.32	4.2	4.996	5.01	0.985	shower	11	11	60032	5.33	8.89	6.8	1.155	3.98	0.750	0.000	13.9	142.6	110.4	0	0
mcp1k	399118	receiver_type	16016-60032	2	2212	2212	16016	6.86	5.32	4.2	4.996	5.01	0.985	shower	11	11	60032	8.89	5.33	6.8	1.155	3.98	0.750	0.000	17.6	133.3	89.1	0	0
mcp1k	399118	receiver_type	16016-9000	2	2212	2212	16016	5.32	6.86	4.2	4.996	5.01	0.985	bare	-1	13	9000	-0.70	-45.55	153.7	1.218	1.54	0.959	0.000	10.7	28.6	32.4	0	0
mcp1k	399118	receiver_type	16016-16017	2	2212	2212	16016	5.32	6.86	4.2	4.996	5.01	0.985	bare	-1	2212	16017	5.32	-9.18	107.2	2.063	2.40	0.919	0.000	0.0	181.0	39.3	0	1
mcp1k	399118	receiver_type	16016-16017	2	2212	2212	16016	5.32	6.86	4.2	4.996	5.01	0.985	bare	-1	2212	16017	-9.18	5.32	107.2	2.063	2.40	0.919	0.000	98.6	42.3	136.4	0	1
mcp1k	399118	receiver_type	16016-60031	2	2212	2212	16016	5.32	6.86	4.2	4.996	5.01	0.985	shower	11	11	60031	6.99	5.33	6.2	1.152	4.09	0.940	0.000	15.7	74.8	69.2	0	0
mcp1k	399118	receiver_type	16016-60031	2	2212	2212	16016	5.32	6.86	4.2	4.996	5.01	0.985	shower	11	11	60031	5.33	6.99	6.2	1.152	4.09	0.940	0.000	11.1	59.0	101.9	0	0
mcp1k	399118	receiver_type	16016-60032	2	2212	2212	16016	5.32	6.86	4.2	4.996	5.01	0.985	shower	11	11	60032	5.33	8.89	6.8	1.155	3.98	0.750	0.000	11.1	59.0	74.3	0	0
mcp1k	399118	receiver_type	16016-60032	2	2212	2212	16016	5.32	6.86	4.2	4.996	5.01	0.985	shower	11	11	60032	8.89	5.33	6.8	1.155	3.98	0.750	0.000	15.2	64.9	89.9	0	0
mcp1k	399118	receiver_type	60031-9000	0	11	11	60031	6.99	5.33	6.2	1.152	4.09	0.940	bare	-1	13	9000	-0.70	-45.55	153.7	1.218	1.54	0.959	0.000	20.7	173.2	143.0	0	0
mcp1k	399118	receiver_type	16016-60031	0	11	11	60031	6.99	5.33	6.2	1.152	4.09	0.940	shower	2212	2212	16016	6.86	5.32	4.2	4.996	5.01	0.985	0.000	17.5	131.1	103.2	0	0
mcp1k	399118	receiver_type	16016-60031	0	11	11	60031	6.99	5.33	6.2	1.152	4.09	0.940	shower	2212	2212	16016	5.32	6.86	4.2	4.996	5.01	0.985	0.000	15.7	144.0	69.2	0	0
mcp1k	399118	receiver_type	16017-60031	0	11	11	60031	6.99	5.33	6.2	1.152	4.09	0.940	bare	-1	2212	16017	5.32	-9.18	107.2	2.063	2.40	0.919	0.000	15.7	144.0	143.9	0	0
mcp1k	399118	receiver_type	16017-60031	0	11	11	60031	6.99	5.33	6.2	1.152	4.09	0.940	bare	-1	2212	16017	-9.18	5.32	107.2	2.063	2.40	0.919	0.000	105.9	153.3	34.4	0	0
mcp1k	399118	receiver_type	60031-9000	0	11	11	60031	5.33	6.99	6.2	1.152	4.09	0.940	bare	-1	13	9000	-0.70	-45.55	153.7	1.218	1.54	0.959	0.000	14.9	11.0	45.7	0	0
mcp1k	399118	receiver_type	16016-60031	0	11	11	60031	5.33	6.99	6.2	1.152	4.09	0.940	shower	2212	2212	16016	6.86	5.32	4.2	4.996	5.01	0.985	0.000	13.9	57.1	86.0	0	0
mcp1k	399118	receiver_type	16016-60031	0	11	11	60031	5.33	6.99	6.2	1.152	4.09	0.940	shower	2212	2212	16016	5.32	6.86	4.2	4.996	5.01	0.985	0.000	11.1	43.1	101.9	0	0
mcp1k	399118	receiver_type	16017-60031	0	11	11	60031	5.33	6.99	6.2	1.152	4.09	0.940	bare	-1	2212	16017	5.32	-9.18	107.2	2.063	2.40	0.919	0.000	11.1	43.1	42.2	0	0
mcp1k	399118	receiver_type	16017-60031	0	11	11	60031	5.33	6.99	6.2	1.152	4.09	0.940	bare	-1	2212	16017	-9.18	5.32	107.2	2.063	2.40	0.919	0.000	100.8	33.5	140.5	0	0
mcp1k	399118	receiver_type	60032-9000	0	11	11	60032	5.33	8.89	6.8	1.155	3.98	0.750	bare	-1	13	9000	-0.70	-45.55	153.7	1.218	1.54	0.959	0.000	14.9	35.8	77.5	0	0
mcp1k	399118	receiver_type	16016-60032	0	11	11	60032	5.33	8.89	6.8	1.155	3.98	0.750	shower	2212	2212	16016	6.86	5.32	4.2	4.996	5.01	0.985	0.000	13.9	37.7	110.4	0	0
mcp1k	399118	receiver_type	16016-60032	0	11	11	60032	5.33	8.89	6.8	1.155	3.98	0.750	shower	2212	2212	16016	5.32	6.86	4.2	4.996	5.01	0.985	0.000	11.1	29.1	74.3	0	0
mcp1k	399118	receiver_type	16017-60032	0	11	11	60032	5.33	8.89	6.8	1.155	3.98	0.750	bare	-1	2212	16017	5.32	-9.18	107.2	2.063	2.40	0.919	0.000	11.1	29.1	80.2	0	0
mcp1k	399118	receiver_type	16017-60032	0	11	11	60032	5.33	8.89	6.8	1.155	3.98	0.750	bare	-1	2212	16017	-9.18	5.32	107.2	2.063	2.40	0.919	0.000	100.8	72.7	101.2	0	0
mcp1k	399118	receiver_type	60032-9000	0	11	11	60032	8.89	5.33	6.8	1.155	3.98	0.750	bare	-1	13	9000	-0.70	-45.55	153.7	1.218	1.54	0.959	0.000	19.1	140.8	106.9	0	0
mcp1k	399118	receiver_type	16016-60032	0	11	11	60032	8.89	5.33	6.8	1.155	3.98	0.750	shower	2212	2212	16016	6.86	5.32	4.2	4.996	5.01	0.985	0.000	17.6	126.9	89.1	0	0
mcp1k	399118	receiver_type	16016-60032	0	11	11	60032	8.89	5.33	6.8	1.155	3.98	0.750	shower	2212	2212	16016	5.32	6.86	4.2	4.996	5.01	0.985	0.000	15.2	133.6	89.9	0	0
mcp1k	399118	receiver_type	16017-60032	0	11	11	60032	8.89	5.33	6.8	1.155	3.98	0.750	bare	-1	2212	16017	5.32	-9.18	107.2	2.063	2.40	0.919	0.000	15.2	133.6	97.4	0	0
mcp1k	399118	receiver_type	16017-60032	0	11	11	60032	8.89	5.33	6.8	1.155	3.98	0.750	bare	-1	2212	16017	-9.18	5.32	107.2	2.063	2.40	0.919	0.000	102.2	103.7	83.6	0	0
mcp1k	409634	receiver_type	21004-69032	0	11	11	21004	4.29	1.59	13.4	1.102	3.25	0.824	shower	11	11	69032	5.25	2.95	6.1	1.433	2.74	0.938	0.000	36.9	161.0	38.9	0	0
mcp1k	409634	receiver_type	21004-69032	0	11	11	21004	4.29	1.59	13.4	1.102	3.25	0.824	shower	11	11	69032	2.95	5.25	6.1	1.433	2.74	0.938	0.000	31.8	163.9	135.4	0	0
mcp1k	409634	receiver_type	21004-69033	0	11	11	21004	4.29	1.59	13.4	1.102	3.25	0.824	shower	11	13	69033	5.25	5.97	2.4	1.340	3.87	0.954	0.000	36.9	161.0	27.2	0	0
mcp1k	409634	receiver_type	21004-69033	0	11	11	21004	4.29	1.59	13.4	1.102	3.25	0.824	shower	11	13	69033	5.97	5.25	2.4	1.340	3.87	0.954	0.000	35.3	159.1	141.1	0	0
mcp1k	409634	receiver_type	21004-69032	0	11	11	21004	1.59	4.29	13.4	1.102	3.25	0.824	shower	11	11	69032	5.25	2.95	6.1	1.433	2.74	0.938	0.000	26.6	23.7	147.3	0	0
mcp1k	409634	receiver_type	21004-69032	0	11	11	21004	1.59	4.29	13.4	1.102	3.25	0.824	shower	11	11	69032	2.95	5.25	6.1	1.433	2.74	0.938	0.000	21.3	23.0	40.3	0	0
mcp1k	409634	receiver_type	21004-69033	0	11	11	21004	1.59	4.29	13.4	1.102	3.25	0.824	shower	11	13	69033	5.25	5.97	2.4	1.340	3.87	0.954	0.000	26.6	23.7	155.3	0	0
mcp1k	409634	receiver_type	21004-69033	0	11	11	21004	1.59	4.29	13.4	1.102	3.25	0.824	shower	11	13	69033	5.97	5.25	2.4	1.340	3.87	0.954	0.000	25.2	27.4	35.3	0	0
mcp1k	409634	receiver_type	21005-69032	0	11	11	21005	1.59	-1.03	14.7	1.342	5.39	0.540	shower	11	11	69032	5.25	2.95	6.1	1.433	2.74	0.938	0.000	26.6	131.4	56.6	0	0
mcp1k	409634	receiver_type	21005-69032	0	11	11	21005	1.59	-1.03	14.7	1.342	5.39	0.540	shower	11	11	69032	2.95	5.25	6.1	1.433	2.74	0.938	0.000	21.3	133.9	113.6	0	0
mcp1k	409634	receiver_type	21005-69033	0	11	11	21005	1.59	-1.03	14.7	1.342	5.39	0.540	shower	11	13	69033	5.25	5.97	2.4	1.340	3.87	0.954	0.000	26.6	131.4	23.3	0	0
mcp1k	409634	receiver_type	21005-69033	0	11	11	21005	1.59	-1.03	14.7	1.342	5.39	0.540	shower	11	13	69033	5.97	5.25	2.4	1.340	3.87	0.954	0.000	25.2	128.2	145.1	0	0
mcp1k	409634	receiver_type	21005-69032	0	11	11	21005	-1.03	1.59	14.7	1.342	5.39	0.540	shower	11	11	69032	5.25	2.95	6.1	1.433	2.74	0.938	0.000	19.9	30.1	131.4	0	0
mcp1k	409634	receiver_type	21005-69032	0	11	11	21005	-1.03	1.59	14.7	1.342	5.39	0.540	shower	11	11	69032	2.95	5.25	6.1	1.433	2.74	0.938	0.000	14.4	25.1	39.6	0	0
mcp1k	409634	receiver_type	21005-69033	0	11	11	21005	-1.03	1.59	14.7	1.342	5.39	0.540	shower	11	13	69033	5.25	5.97	2.4	1.340	3.87	0.954	0.000	19.9	30.1	123.4	0	0
mcp1k	409634	receiver_type	21005-69033	0	11	11	21005	-1.03	1.59	14.7	1.342	5.39	0.540	shower	11	13	69033	5.97	5.25	2.4	1.340	3.87	0.954	0.000	18.7	30.2	67.6	0	0
mcp1k	409634	receiver_type	68026-69032	0	11	11	68026	5.53	7.19	5.7	1.241	1.80	0.962	shower	11	11	69032	5.25	2.95	6.1	1.433	2.74	0.938	0.000	38.7	19.3	141.9	0	0
mcp1k	409634	receiver_type	68026-69032	0	11	11	68026	5.53	7.19	5.7	1.241	1.80	0.962	shower	11	11	69032	2.95	5.25	6.1	1.433	2.74	0.938	0.000	33.7	16.9	45.8	0	0
mcp1k	409634	receiver_type	68026-69033	0	11	11	68026	5.53	7.19	5.7	1.241	1.80	0.962	shower	11	13	69033	5.25	5.97	2.4	1.340	3.87	0.954	0.000	38.7	19.3	157.0	0	0
mcp1k	409634	receiver_type	68026-69033	0	11	11	68026	5.53	7.19	5.7	1.241	1.80	0.962	shower	11	13	69033	5.97	5.25	2.4	1.340	3.87	0.954	0.000	37.1	21.3	34.7	0	0
mcp1k	409634	receiver_type	68026-69032	0	11	11	68026	7.19	5.53	5.7	1.241	1.80	0.962	shower	11	11	69032	5.25	2.95	6.1	1.433	2.74	0.938	0.000	43.9	160.1	37.3	0	0
mcp1k	409634	receiver_type	68026-69032	0	11	11	68026	7.19	5.53	5.7	1.241	1.80	0.962	shower	11	11	69032	2.95	5.25	6.1	1.433	2.74	0.938	0.000	38.9	161.8	132.7	0	0
mcp1k	409634	receiver_type	68026-69033	0	11	11	68026	7.19	5.53	5.7	1.241	1.80	0.962	shower	11	13	69033	5.25	5.97	2.4	1.340	3.87	0.954	0.000	43.9	160.1	18.1	0	0
mcp1k	409634	receiver_type	68026-69033	0	11	11	68026	7.19	5.53	5.7	1.241	1.80	0.962	shower	11	13	69033	5.97	5.25	2.4	1.340	3.87	0.954	0.000	42.1	158.2	150.2	0	0
mcp1k	409634	receiver_type	21004-69032	2	11	11	69032	5.25	2.95	6.1	1.433	2.74	0.938	shower	11	11	21004	4.29	1.59	13.4	1.102	3.25	0.824	0.000	36.9	152.4	38.9	0	0
mcp1k	409634	receiver_type	21004-69032	2	11	11	69032	5.25	2.95	6.1	1.433	2.74	0.938	shower	11	11	21004	1.59	4.29	13.4	1.102	3.25	0.824	0.000	26.6	153.3	147.3	0	0
mcp1k	409634	receiver_type	21005-69032	2	11	11	69032	5.25	2.95	6.1	1.433	2.74	0.938	shower	11	11	21005	1.59	-1.03	14.7	1.342	5.39	0.540	0.000	26.6	153.3	56.6	0	0
mcp1k	409634	receiver_type	21005-69032	2	11	11	69032	5.25	2.95	6.1	1.433	2.74	0.938	shower	11	11	21005	-1.03	1.59	14.7	1.342	5.39	0.540	0.000	19.9	158.0	131.4	0	0
mcp1k	409634	receiver_type	68026-69032	2	11	11	69032	5.25	2.95	6.1	1.433	2.74	0.938	shower	11	11	68026	5.53	7.19	5.7	1.241	1.80	0.962	0.000	38.7	151.7	141.9	0	0
mcp1k	409634	receiver_type	68026-69032	2	11	11	69032	5.25	2.95	6.1	1.433	2.74	0.938	shower	11	11	68026	7.19	5.53	5.7	1.241	1.80	0.962	0.000	43.9	151.1	37.3	0	0
mcp1k	409634	receiver_type	21004-69032	2	11	11	69032	2.95	5.25	6.1	1.433	2.74	0.938	shower	11	11	21004	4.29	1.59	13.4	1.102	3.25	0.824	0.000	31.8	30.6	135.4	0	0
mcp1k	409634	receiver_type	21004-69032	2	11	11	69032	2.95	5.25	6.1	1.433	2.74	0.938	shower	11	11	21004	1.59	4.29	13.4	1.102	3.25	0.824	0.000	21.3	25.9	40.3	0	0
mcp1k	409634	receiver_type	21005-69032	2	11	11	69032	2.95	5.25	6.1	1.433	2.74	0.938	shower	11	11	21005	1.59	-1.03	14.7	1.342	5.39	0.540	0.000	21.3	25.9	113.6	0	0
mcp1k	409634	receiver_type	21005-69032	2	11	11	69032	2.95	5.25	6.1	1.433	2.74	0.938	shower	11	11	21005	-1.03	1.59	14.7	1.342	5.39	0.540	0.000	14.4	14.5	39.6	0	0
mcp1k	409634	receiver_type	68026-69032	2	11	11	69032	2.95	5.25	6.1	1.433	2.74	0.938	shower	11	11	68026	5.53	7.19	5.7	1.241	1.80	0.962	0.000	33.7	32.4	45.8	0	0
mcp1k	409634	receiver_type	68026-69032	2	11	11	69032	2.95	5.25	6.1	1.433	2.74	0.938	shower	11	11	68026	7.19	5.53	5.7	1.241	1.80	0.962	0.000	38.9	34.1	132.7	0	0
mcp1k	409634	receiver_type	21004-69033	2	11	13	69033	5.25	5.97	2.4	1.340	3.87	0.954	shower	11	11	21004	4.29	1.59	13.4	1.102	3.25	0.824	0.000	36.9	139.9	27.2	0	0
mcp1k	409634	receiver_type	21004-69033	2	11	13	69033	5.25	5.97	2.4	1.340	3.87	0.954	shower	11	11	21004	1.59	4.29	13.4	1.102	3.25	0.824	0.000	26.6	133.5	155.3	0	0
mcp1k	409634	receiver_type	21005-69033	2	11	13	69033	5.25	5.97	2.4	1.340	3.87	0.954	shower	11	11	21005	1.59	-1.03	14.7	1.342	5.39	0.540	0.000	26.6	133.5	23.3	0	0
mcp1k	409634	receiver_type	21005-69033	2	11	13	69033	5.25	5.97	2.4	1.340	3.87	0.954	shower	11	11	21005	-1.03	1.59	14.7	1.342	5.39	0.540	0.000	19.9	127.7	123.4	0	0
mcp1k	409634	receiver_type	68026-69033	2	11	13	69033	5.25	5.97	2.4	1.340	3.87	0.954	shower	11	11	68026	5.53	7.19	5.7	1.241	1.80	0.962	0.000	38.7	141.6	157.0	0	0
mcp1k	409634	receiver_type	68026-69033	2	11	13	69033	5.25	5.97	2.4	1.340	3.87	0.954	shower	11	11	68026	7.19	5.53	5.7	1.241	1.80	0.962	0.000	43.9	143.9	18.1	0	0
mcp1k	409634	receiver_type	21004-69033	2	11	13	69033	5.97	5.25	2.4	1.340	3.87	0.954	shower	11	11	21004	4.29	1.59	13.4	1.102	3.25	0.824	0.000	35.3	51.4	141.1	0	0
mcp1k	409634	receiver_type	21004-69033	2	11	13	69033	5.97	5.25	2.4	1.340	3.87	0.954	shower	11	11	21004	1.59	4.29	13.4	1.102	3.25	0.824	0.000	25.2	58.3	35.3	0	0
mcp1k	409634	receiver_type	21005-69033	2	11	13	69033	5.97	5.25	2.4	1.340	3.87	0.954	shower	11	11	21005	1.59	-1.03	14.7	1.342	5.39	0.540	0.000	25.2	58.3	145.1	0	0
mcp1k	409634	receiver_type	21005-69033	2	11	13	69033	5.97	5.25	2.4	1.340	3.87	0.954	shower	11	11	21005	-1.03	1.59	14.7	1.342	5.39	0.540	0.000	18.7	63.7	67.6	0	0
mcp1k	409634	receiver_type	68026-69033	2	11	13	69033	5.97	5.25	2.4	1.340	3.87	0.954	shower	11	11	68026	5.53	7.19	5.7	1.241	1.80	0.962	0.000	37.1	49.8	34.7	0	0
mcp1k	409634	receiver_type	68026-69033	2	11	13	69033	5.97	5.25	2.4	1.340	3.87	0.954	shower	11	11	68026	7.19	5.53	5.7	1.241	1.80	0.962	0.000	42.1	47.4	150.2	0	0
mcp1k	410008	receiver_type	20001-88018	1	11	11	20001	-2.44	-7.22	18.0	1.244	2.64	0.936	shower	11	11	88018	-6.11	-5.61	2.1	2.069	5.11	0.980	0.000	20.7	25.6	26.9	0	0
mcp1k	410008	receiver_type	20001-88018	1	11	11	20001	-2.44	-7.22	18.0	1.244	2.64	0.936	shower	11	11	88018	-5.61	-6.11	2.1	2.069	5.11	0.980	0.000	22.4	23.8	153.8	0	0
mcp1k	410008	receiver_type	20001-97024	1	11	11	20001	-2.44	-7.22	18.0	1.244	2.64	0.936	shower	11	11	97024	-4.97	-6.68	3.6	1.314	2.25	0.962	0.000	16.7	24.4	54.6	0	0
mcp1k	410008	receiver_type	20001-97024	1	11	11	20001	-2.44	-7.22	18.0	1.244	2.64	0.936	shower	11	11	97024	-6.68	-4.97	3.6	1.314	2.25	0.962	0.000	19.6	29.3	121.5	0	0
mcp1k	410008	receiver_type	20001-98035	1	11	11	20001	-2.44	-7.22	18.0	1.244	2.64	0.936	shower	11	11	98035	-5.04	-6.48	15.1	0.413	3.70	0.739	0.000	8.9	52.7	169.1	0	0
mcp1k	410008	receiver_type	20001-98035	1	11	11	20001	-2.44	-7.22	18.0	1.244	2.64	0.936	shower	11	11	98035	-6.48	-5.04	15.1	0.413	3.70	0.739	0.000	7.9	135.2	16.1	0	0
mcp1k	410008	receiver_type	20001-98039	1	11	11	20001	-2.44	-7.22	18.0	1.244	2.64	0.936	shower	11	11	98039	-3.63	-6.58	9.2	0.653	3.64	0.731	0.000	6.7	26.3	114.4	0	0
mcp1k	410008	receiver_type	20001-98039	1	11	11	20001	-2.44	-7.22	18.0	1.244	2.64	0.936	shower	11	11	98039	-6.58	-3.63	9.2	0.653	3.64	0.731	0.000	6.5	74.4	37.7	0	0
mcp1k	410008	receiver_type	20001-98042	1	11	11	20001	-2.44	-7.22	18.0	1.244	2.64	0.936	shower	11	11	98042	-5.04	-6.31	11.8	0.861	2.93	0.775	0.000	8.9	52.7	125.6	0	0
mcp1k	410008	receiver_type	20001-98042	1	11	11	20001	-2.44	-7.22	18.0	1.244	2.64	0.936	shower	11	11	98042	-6.31	-5.04	11.8	0.861	2.93	0.775	0.000	3.9	111.0	33.7	0	0
mcp1k	410008	receiver_type	20001-98043	1	11	11	20001	-2.44	-7.22	18.0	1.244	2.64	0.936	shower	11	11	98043	-6.31	-3.63	10.6	1.343	4.51	0.708	0.000	3.9	111.0	16.6	0	0
mcp1k	410008	receiver_type	20001-98043	1	11	11	20001	-2.44	-7.22	18.0	1.244	2.64	0.936	shower	11	11	98043	-3.63	-6.31	10.6	1.343	4.51	0.708	0.000	6.7	26.3	178.4	0	0
mcp1k	410008	receiver_type	20001-98044	1	11	11	20001	-2.44	-7.22	18.0	1.244	2.64	0.936	shower	11	11	98044	-6.46	-5.04	5.4	1.145	4.01	0.935	0.000	13.7	60.5	99.0	0	0
mcp1k	410008	receiver_type	20001-98044	1	11	11	20001	-2.44	-7.22	18.0	1.244	2.64	0.936	shower	11	11	98044	-5.04	-6.46	5.4	1.145	4.01	0.935	0.000	8.9	52.7	69.0	0	0
mcp1k	410008	receiver_type	20001-88018	1	11	11	20001	-7.22	-2.44	18.0	1.244	2.64	0.936	shower	11	11	88018	-6.11	-5.61	2.1	2.069	5.11	0.980	0.000	36.5	163.9	158.1	0	0
mcp1k	410008	receiver_type	20001-88018	1	11	11	20001	-7.22	-2.44	18.0	1.244	2.64	0.936	shower	11	11	88018	-5.61	-6.11	2.1	2.069	5.11	0.980	0.000	38.4	164.8	20.8	0	0
mcp1k	410008	receiver_type	20001-97024	1	11	11	20001	-7.22	-2.44	18.0	1.244	2.64	0.936	shower	11	11	97024	-4.97	-6.68	3.6	1.314	2.25	0.962	0.000	32.8	166.3	126.8	0	0
mcp1k	410008	receiver_type	20001-97024	1	11	11	20001	-7.22	-2.44	18.0	1.244	2.64	0.936	shower	11	11	97024	-6.68	-4.97	3.6	1.314	2.25	0.962	0.000	35.3	163.3	57.5	0	0
mcp1k	410008	receiver_type	20001-98035	1	11	11	20001	-7.22	-2.44	18.0	1.244	2.64	0.936	shower	11	11	98035	-5.04	-6.48	15.1	0.413	3.70	0.739	0.000	23.5	164.1	6.9	0	0
mcp1k	410008	receiver_type	20001-98035	1	11	11	20001	-7.22	-2.44	18.0	1.244	2.64	0.936	shower	11	11	98035	-6.48	-5.04	15.1	0.413	3.70	0.739	0.000	12.8	155.4	159.7	0	0
mcp1k	410008	receiver_type	20001-98039	1	11	11	20001	-7.22	-2.44	18.0	1.244	2.64	0.936	shower	11	11	98039	-3.63	-6.58	9.2	0.653	3.64	0.731	0.000	23.0	171.3	59.8	0	0
mcp1k	410008	receiver_type	20001-98039	1	11	11	20001	-7.22	-2.44	18.0	1.244	2.64	0.936	shower	11	11	98039	-6.58	-3.63	9.2	0.653	3.64	0.731	0.000	19.4	158.1	148.1	0	0
mcp1k	410008	receiver_type	20001-98042	1	11	11	20001	-7.22	-2.44	18.0	1.244	2.64	0.936	shower	11	11	98042	-5.04	-6.31	11.8	0.861	2.93	0.775	0.000	23.5	164.1	48.8	0	0
mcp1k	410008	receiver_type	20001-98042	1	11	11	20001	-7.22	-2.44	18.0	1.244	2.64	0.936	shower	11	11	98042	-6.31	-5.04	11.8	0.861	2.93	0.775	0.000	15.8	165.2	150.5	0	0
mcp1k	410008	receiver_type	20001-98043	1	11	11	20001	-7.22	-2.44	18.0	1.244	2.64	0.936	shower	11	11	98043	-6.31	-3.63	10.6	1.343	4.51	0.708	0.000	15.8	165.2	169.1	0	0
mcp1k	410008	receiver_type	20001-98043	1	11	11	20001	-7.22	-2.44	18.0	1.244	2.64	0.936	shower	11	11	98043	-3.63	-6.31	10.6	1.343	4.51	0.708	0.000	23.0	171.3	4.4	0	0
mcp1k	410008	receiver_type	20001-98044	1	11	11	20001	-7.22	-2.44	18.0	1.244	2.64	0.936	shower	11	11	98044	-6.46	-5.04	5.4	1.145	4.01	0.935	0.000	26.6	155.6	77.5	0	0
mcp1k	410008	receiver_type	20001-98044	1	11	11	20001	-7.22	-2.44	18.0	1.244	2.64	0.936	shower	11	11	98044	-5.04	-6.46	5.4	1.145	4.01	0.935	0.000	23.5	164.1	115.5	0	0
mcp1k	410008	receiver_type	20002-88018	1	11	11	20002	-7.22	-7.89	7.0	1.679	3.61	0.841	shower	11	11	88018	-6.11	-5.61	2.1	2.069	5.11	0.980	0.000	36.5	1.3	28.1	0	0
mcp1k	410008	receiver_type	20002-88018	1	11	11	20002	-7.22	-7.89	7.0	1.679	3.61	0.841	shower	11	11	88018	-5.61	-6.11	2.1	2.069	5.11	0.980	0.000	38.4	2.7	150.7	0	0
mcp1k	410008	receiver_type	20002-97024	1	11	11	20002	-7.22	-7.89	7.0	1.679	3.61	0.841	shower	11	11	97024	-4.97	-6.68	3.6	1.314	2.25	0.962	0.000	32.8	3.4	43.9	0	0
mcp1k	410008	receiver_type	20002-97024	1	11	11	20002	-7.22	-7.89	7.0	1.679	3.61	0.841	shower	11	11	97024	-6.68	-4.97	3.6	1.314	2.25	0.962	0.000	35.3	5.2	132.9	0	0
mcp1k	410008	receiver_type	20002-98035	1	11	11	20002	-7.22	-7.89	7.0	1.679	3.61	0.841	shower	11	11	98035	-5.04	-6.48	15.1	0.413	3.70	0.739	0.000	23.5	15.3	165.1	0	0
mcp1k	410008	receiver_type	20002-98035	1	11	11	20002	-7.22	-7.89	7.0	1.679	3.61	0.841	shower	11	11	98035	-6.48	-5.04	15.1	0.413	3.70	0.739	0.000	12.8	25.0	5.6	0	0
mcp1k	410008	receiver_type	20002-98039	1	11	11	20002	-7.22	-7.89	7.0	1.679	3.61	0.841	shower	11	11	98039	-3.63	-6.58	9.2	0.653	3.64	0.731	0.000	23.0	7.7	108.5	0	0
mcp1k	410008	receiver_type	20002-98039	1	11	11	20002	-7.22	-7.89	7.0	1.679	3.61	0.841	shower	11	11	98039	-6.58	-3.63	9.2	0.653	3.64	0.731	0.000	19.4	11.2	41.4	0	0
mcp1k	410008	receiver_type	20002-98042	1	11	11	20002	-7.22	-7.89	7.0	1.679	3.61	0.841	shower	11	11	98042	-5.04	-6.31	11.8	0.861	2.93	0.775	0.000	23.5	15.3	124.3	0	0
mcp1k	410008	receiver_type	20002-98042	1	11	11	20002	-7.22	-7.89	7.0	1.679	3.61	0.841	shower	11	11	98042	-6.31	-5.04	11.8	0.861	2.93	0.775	0.000	15.8	1.6	31.0	0	0
mcp1k	410008	receiver_type	20002-98043	1	11	11	20002	-7.22	-7.89	7.0	1.679	3.61	0.841	shower	11	11	98043	-6.31	-3.63	10.6	1.343	4.51	0.708	0.000	15.8	1.6	26.1	0	0
mcp1k	410008	receiver_type	20002-98043	1	11	11	20002	-7.22	-7.89	7.0	1.679	3.61	0.841	shower	11	11	98043	-3.63	-6.31	10.6	1.343	4.51	0.708	0.000	23.0	7.7	165.4	0	0
mcp1k	410008	receiver_type	20002-98044	1	11	11	20002	-7.22	-7.89	7.0	1.679	3.61	0.841	shower	11	11	98044	-6.46	-5.04	5.4	1.145	4.01	0.935	0.000	26.6	23.3	106.3	0	0
mcp1k	410008	receiver_type	20002-98044	1	11	11	20002	-7.22	-7.89	7.0	1.679	3.61	0.841	shower	11	11	98044	-5.04	-6.46	5.4	1.145	4.01	0.935	0.000	23.5	15.3	64.9	0	0
mcp1k	410008	receiver_type	20002-88018	1	11	11	20002	-7.89	-7.22	7.0	1.679	3.61	0.841	shower	11	11	88018	-6.11	-5.61	2.1	2.069	5.11	0.980	0.000	42.4	162.1	171.7	0	0
mcp1k	410008	receiver_type	20002-88018	1	11	11	20002	-7.89	-7.22	7.0	1.679	3.61	0.841	shower	11	11	88018	-5.61	-6.11	2.1	2.069	5.11	0.980	0.000	44.3	163.3	9.0	0	0
mcp1k	410008	receiver_type	20002-97024	1	11	11	20002	-7.89	-7.22	7.0	1.679	3.61	0.841	shower	11	11	97024	-4.97	-6.68	3.6	1.314	2.25	0.962	0.000	38.6	164.0	138.4	0	0
mcp1k	410008	receiver_type	20002-97024	1	11	11	20002	-7.89	-7.22	7.0	1.679	3.61	0.841	shower	11	11	97024	-6.68	-4.97	3.6	1.314	2.25	0.962	0.000	41.2	164.4	46.5	0	0
mcp1k	410008	receiver_type	20002-98035	1	11	11	20002	-7.89	-7.22	7.0	1.679	3.61	0.841	shower	11	11	98035	-5.04	-6.48	15.1	0.413	3.70	0.739	0.000	29.4	172.8	8.1	0	0
mcp1k	410008	receiver_type	20002-98035	1	11	11	20002	-7.89	-7.22	7.0	1.679	3.61	0.841	shower	11	11	98035	-6.48	-5.04	15.1	0.413	3.70	0.739	0.000	18.5	172.7	154.1	0	0
mcp1k	410008	receiver_type	20002-98039	1	11	11	20002	-7.89	-7.22	7.0	1.679	3.61	0.841	shower	11	11	98039	-3.63	-6.58	9.2	0.653	3.64	0.731	0.000	28.9	165.7	51.2	0	0
mcp1k	410008	receiver_type	20002-98039	1	11	11	20002	-7.89	-7.22	7.0	1.679	3.61	0.841	shower	11	11	98039	-6.58	-3.63	9.2	0.653	3.64	0.731	0.000	25.1	154.2	158.8	0	0
mcp1k	410008	receiver_type	20002-98042	1	11	11	20002	-7.89	-7.22	7.0	1.679	3.61	0.841	shower	11	11	98042	-5.04	-6.31	11.8	0.861	2.93	0.775	0.000	29.4	172.8	36.3	0	0
mcp1k	410008	receiver_type	20002-98042	1	11	11	20002	-7.89	-7.22	7.0	1.679	3.61	0.841	shower	11	11	98042	-6.31	-5.04	11.8	0.861	2.93	0.775	0.000	21.7	163.0	164.9	0	0
mcp1k	410008	receiver_type	20002-98043	1	11	11	20002	-7.89	-7.22	7.0	1.679	3.61	0.841	shower	11	11	98043	-6.31	-3.63	10.6	1.343	4.51	0.708	0.000	21.7	163.0	166.7	0	0
mcp1k	410008	receiver_type	20002-98043	1	11	11	20002	-7.89	-7.22	7.0	1.679	3.61	0.841	shower	11	11	98043	-3.63	-6.31	10.6	1.343	4.51	0.708	0.000	28.9	165.7	18.0	0	0
mcp1k	410008	receiver_type	20002-98044	1	11	11	20002	-7.89	-7.22	7.0	1.679	3.61	0.841	shower	11	11	98044	-6.46	-5.04	5.4	1.145	4.01	0.935	0.000	32.4	170.7	63.2	0	0
mcp1k	410008	receiver_type	20002-98044	1	11	11	20002	-7.89	-7.22	7.0	1.679	3.61	0.841	shower	11	11	98044	-5.04	-6.46	5.4	1.145	4.01	0.935	0.000	29.4	172.8	129.8	0	0
mcp1k	410008	receiver_type	20003-88018	1	11	11	20003	-7.22	-8.27	3.3	0.932	5.27	0.801	shower	11	11	88018	-6.11	-5.61	2.1	2.069	5.11	0.980	0.000	36.5	119.0	138.9	0	0
mcp1k	410008	receiver_type	20003-88018	1	11	11	20003	-7.22	-8.27	3.3	0.932	5.27	0.801	shower	11	11	88018	-5.61	-6.11	2.1	2.069	5.11	0.980	0.000	38.4	120.1	43.3	0	0
mcp1k	410008	receiver_type	20003-97024	1	11	11	20003	-7.22	-8.27	3.3	0.932	5.27	0.801	shower	11	11	97024	-4.97	-6.68	3.6	1.314	2.25	0.962	0.000	32.8	119.8	149.3	0	0
mcp1k	410008	receiver_type	20003-97024	1	11	11	20003	-7.22	-8.27	3.3	0.932	5.27	0.801	shower	11	11	97024	-6.68	-4.97	3.6	1.314	2.25	0.962	0.000	35.3	123.0	33.7	0	0
mcp1k	410008	receiver_type	20003-98035	1	11	11	20003	-7.22	-8.27	3.3	0.932	5.27	0.801	shower	11	11	98035	-5.04	-6.48	15.1	0.413	3.70	0.739	0.000	23.5	131.3	56.1	0	0
mcp1k	410008	receiver_type	20003-98035	1	11	11	20003	-7.22	-8.27	3.3	0.932	5.27	0.801	shower	11	11	98035	-6.48	-5.04	15.1	0.413	3.70	0.739	0.000	12.8	141.3	113.0	0	0
mcp1k	410008	receiver_type	20003-98039	1	11	11	20003	-7.22	-8.27	3.3	0.932	5.27	0.801	shower	11	11	98039	-3.63	-6.58	9.2	0.653	3.64	0.731	0.000	23.0	118.4	41.5	0	0
mcp1k	410008	receiver_type	20003-98039	1	11	11	20003	-7.22	-8.27	3.3	0.932	5.27	0.801	shower	11	11	98039	-6.58	-3.63	9.2	0.653	3.64	0.731	0.000	19.4	106.7	142.6	0	0
mcp1k	410008	receiver_type	20003-98042	1	11	11	20003	-7.22	-8.27	3.3	0.932	5.27	0.801	shower	11	11	98042	-5.04	-6.31	11.8	0.861	2.93	0.775	0.000	23.5	131.3	23.7	0	0
mcp1k	410008	receiver_type	20003-98042	1	11	11	20003	-7.22	-8.27	3.3	0.932	5.27	0.801	shower	11	11	98042	-6.31	-5.04	11.8	0.861	2.93	0.775	0.000	15.8	117.5	146.8	0	0
mcp1k	410008	receiver_type	20003-98043	1	11	11	20003	-7.22	-8.27	3.3	0.932	5.27	0.801	shower	11	11	98043	-6.31	-3.63	10.6	1.343	4.51	0.708	0.000	15.8	117.5	122.5	0	0
mcp1k	410008	receiver_type	20003-98043	1	11	11	20003	-7.22	-8.27	3.3	0.932	5.27	0.801	shower	11	11	98043	-3.63	-6.31	10.6	1.343	4.51	0.708	0.000	23.0	118.4	66.0	0	0
mcp1k	410008	receiver_type	20003-98044	1	11	11	20003	-7.22	-8.27	3.3	0.932	5.27	0.801	shower	11	11	98044	-6.46	-5.04	5.4	1.145	4.01	0.935	0.000	26.6	140.3	17.5	0	0
mcp1k	410008	receiver_type	20003-98044	1	11	11	20003	-7.22	-8.27	3.3	0.932	5.27	0.801	shower	11	11	98044	-5.04	-6.46	5.4	1.145	4.01	0.935	0.000	23.5	131.3	176.8	0	0
mcp1k	410008	receiver_type	20003-88018	1	11	11	20003	-8.27	-7.22	3.3	0.932	5.27	0.801	shower	11	11	88018	-6.11	-5.61	2.1	2.069	5.11	0.980	0.000	35.6	80.6	65.8	0	0
mcp1k	410008	receiver_type	20003-88018	1	11	11	20003	-8.27	-7.22	3.3	0.932	5.27	0.801	shower	11	11	88018	-5.61	-6.11	2.1	2.069	5.11	0.980	0.000	37.5	79.8	111.0	0	0
mcp1k	410008	receiver_type	20003-97024	1	11	11	20003	-8.27	-7.22	3.3	0.932	5.27	0.801	shower	11	11	97024	-4.97	-6.68	3.6	1.314	2.25	0.962	0.000	31.8	81.5	34.0	0	0
mcp1k	410008	receiver_type	20003-97024	1	11	11	20003	-8.27	-7.22	3.3	0.932	5.27	0.801	shower	11	11	97024	-6.68	-4.97	3.6	1.314	2.25	0.962	0.000	34.2	77.1	148.0	0	0
mcp1k	410008	receiver_type	20003-98035	1	11	11	20003	-8.27	-7.22	3.3	0.932	5.27	0.801	shower	11	11	98035	-5.04	-6.48	15.1	0.413	3.70	0.739	0.000	22.2	74.5	102.3	0	0
mcp1k	410008	receiver_type	20003-98035	1	11	11	20003	-8.27	-7.22	3.3	0.932	5.27	0.801	shower	11	11	98035	-6.48	-5.04	15.1	0.413	3.70	0.739	0.000	11.2	70.4	80.6	0	0
mcp1k	410008	receiver_type	20003-98039	1	11	11	20003	-8.27	-7.22	3.3	0.932	5.27	0.801	shower	11	11	98039	-3.63	-6.58	9.2	0.653	3.64	0.731	0.000	22.2	86.8	111.7	0	0
mcp1k	410008	receiver_type	20003-98039	1	11	11	20003	-8.27	-7.22	3.3	0.932	5.27	0.801	shower	11	11	98039	-6.58	-3.63	9.2	0.653	3.64	0.731	0.000	19.1	94.4	65.7	0	0
mcp1k	410008	receiver_type	20003-98042	1	11	11	20003	-8.27	-7.22	3.3	0.932	5.27	0.801	shower	11	11	98042	-5.04	-6.31	11.8	0.861	2.93	0.775	0.000	22.2	74.5	127.0	0	0
mcp1k	410008	receiver_type	20003-98042	1	11	11	20003	-8.27	-7.22	3.3	0.932	5.27	0.801	shower	11	11	98042	-6.31	-5.04	11.8	0.861	2.93	0.775	0.000	15.1	88.0	56.5	0	0
mcp1k	410008	receiver_type	20003-98043	1	11	11	20003	-8.27	-7.22	3.3	0.932	5.27	0.801	shower	11	11	98043	-6.31	-3.63	10.6	1.343	4.51	0.708	0.000	15.1	88.0	82.8	0	0
mcp1k	410008	receiver_type	20003-98043	1	11	11	20003	-8.27	-7.22	3.3	0.932	5.27	0.801	shower	11	11	98043	-3.63	-6.31	10.6	1.343	4.51	0.708	0.000	22.2	86.8	93.1	0	0
mcp1k	410008	receiver_type	20003-98044	1	11	11	20003	-8.27	-7.22	3.3	0.932	5.27	0.801	shower	11	11	98044	-6.46	-5.04	5.4	1.145	4.01	0.935	0.000	24.9	64.7	167.4	0	0
mcp1k	410008	receiver_type	20003-98044	1	11	11	20003	-8.27	-7.22	3.3	0.932	5.27	0.801	shower	11	11	98044	-5.04	-6.46	5.4	1.145	4.01	0.935	0.000	22.2	74.5	29.9	0	0
mcp1k	410008	receiver_type	20004-88018	1	11	11	20004	-6.64	-7.22	8.7	0.932	3.95	0.626	shower	11	11	88018	-6.11	-5.61	2.1	2.069	5.11	0.980	0.000	31.9	58.1	78.5	0	0
mcp1k	410008	receiver_type	20004-88018	1	11	11	20004	-6.64	-7.22	8.7	0.932	3.95	0.626	shower	11	11	88018	-5.61	-6.11	2.1	2.069	5.11	0.980	0.000	33.8	59.3	101.8	0	0
mcp1k	410008	receiver_type	20004-97024	1	11	11	20004	-6.64	-7.22	8.7	0.932	3.95	0.626	shower	11	11	97024	-4.97	-6.68	3.6	1.314	2.25	0.962	0.000	28.1	60.1	87.9	0	0
mcp1k	410008	receiver_type	20004-97024	1	11	11	20004	-6.64	-7.22	8.7	0.932	3.95	0.626	shower	11	11	97024	-6.68	-4.97	3.6	1.314	2.25	0.962	0.000	30.8	62.7	91.9	0	0
mcp1k	410008	receiver_type	20004-98035	1	11	11	20004	-6.64	-7.22	8.7	0.932	3.95	0.626	shower	11	11	98035	-5.04	-6.48	15.1	0.413	3.70	0.739	0.000	19.7	77.6	117.7	0	0
mcp1k	410008	receiver_type	20004-98035	1	11	11	20004	-6.64	-7.22	8.7	0.932	3.95	0.626	shower	11	11	98035	-6.48	-5.04	15.1	0.413	3.70	0.739	0.000	10.3	101.4	47.0	0	0
mcp1k	410008	receiver_type	20004-98039	1	11	11	20004	-6.64	-7.22	8.7	0.932	3.95	0.626	shower	11	11	98039	-3.63	-6.58	9.2	0.653	3.64	0.731	0.000	18.4	63.2	64.5	0	0
mcp1k	410008	receiver_type	20004-98039	1	11	11	20004	-6.64	-7.22	8.7	0.932	3.95	0.626	shower	11	11	98039	-6.58	-3.63	9.2	0.653	3.64	0.731	0.000	14.3	46.8	89.7	0	0
mcp1k	410008	receiver_type	20004-98042	1	11	11	20004	-6.64	-7.22	8.7	0.932	3.95	0.626	shower	11	11	98042	-5.04	-6.31	11.8	0.861	2.93	0.775	0.000	19.7	77.6	73.6	0	0
mcp1k	410008	receiver_type	20004-98042	1	11	11	20004	-6.64	-7.22	8.7	0.932	3.95	0.626	shower	11	11	98042	-6.31	-5.04	11.8	0.861	2.93	0.775	0.000	11.2	64.9	83.0	0	0
mcp1k	410008	receiver_type	20004-98043	1	11	11	20004	-6.64	-7.22	8.7	0.932	3.95	0.626	shower	11	11	98043	-6.31	-3.63	10.6	1.343	4.51	0.708	0.000	11.2	64.9	67.4	0	0
mcp1k	410008	receiver_type	20004-98043	1	11	11	20004	-6.64	-7.22	8.7	0.932	3.95	0.626	shower	11	11	98043	-3.63	-6.31	10.6	1.343	4.51	0.708	0.000	18.4	63.2	126.5	0	0
mcp1k	410008	receiver_type	20004-98044	1	11	11	20004	-6.64	-7.22	8.7	0.932	3.95	0.626	shower	11	11	98044	-6.46	-5.04	5.4	1.145	4.01	0.935	0.000	23.5	85.6	59.1	0	0
mcp1k	410008	receiver_type	20004-98044	1	11	11	20004	-6.64	-7.22	8.7	0.932	3.95	0.626	shower	11	11	98044	-5.04	-6.46	5.4	1.145	4.01	0.935	0.000	19.7	77.6	116.5	0	0
mcp1k	410008	receiver_type	20004-88018	1	11	11	20004	-7.22	-6.64	8.7	0.932	3.95	0.626	shower	11	11	88018	-6.11	-5.61	2.1	2.069	5.11	0.980	0.000	36.5	168.6	146.2	0	0
mcp1k	410008	receiver_type	20004-88018	1	11	11	20004	-7.22	-6.64	8.7	0.932	3.95	0.626	shower	11	11	88018	-5.61	-6.11	2.1	2.069	5.11	0.980	0.000	38.4	167.9	33.8	0	0
mcp1k	410008	receiver_type	20004-97024	1	11	11	20004	-7.22	-6.64	8.7	0.932	3.95	0.626	shower	11	11	97024	-4.97	-6.68	3.6	1.314	2.25	0.962	0.000	32.8	168.7	125.7	0	0
mcp1k	410008	receiver_type	20004-97024	1	11	11	20004	-7.22	-6.64	8.7	0.932	3.95	0.626	shower	11	11	97024	-6.68	-4.97	3.6	1.314	2.25	0.962	0.000	35.3	164.9	57.5	0	0
mcp1k	410008	receiver_type	20004-98035	1	11	11	20004	-7.22	-6.64	8.7	0.932	3.95	0.626	shower	11	11	98035	-5.04	-6.48	15.1	0.413	3.70	0.739	0.000	23.5	157.2	17.8	0	0
mcp1k	410008	receiver_type	20004-98035	1	11	11	20004	-7.22	-6.64	8.7	0.932	3.95	0.626	shower	11	11	98035	-6.48	-5.04	15.1	0.413	3.70	0.739	0.000	12.8	147.0	170.7	0	0
mcp1k	410008	receiver_type	20004-98039	1	11	11	20004	-7.22	-6.64	8.7	0.932	3.95	0.626	shower	11	11	98039	-3.63	-6.58	9.2	0.653	3.64	0.731	0.000	23.0	169.8	74.5	0	0
mcp1k	410008	receiver_type	20004-98039	1	11	11	20004	-7.22	-6.64	8.7	0.932	3.95	0.626	shower	11	11	98039	-6.58	-3.63	9.2	0.653	3.64	0.731	0.000	19.4	172.4	134.3	0	0
mcp1k	410008	receiver_type	20004-98042	1	11	11	20004	-7.22	-6.64	8.7	0.932	3.95	0.626	shower	11	11	98042	-5.04	-6.31	11.8	0.861	2.93	0.775	0.000	23.5	157.2	61.7	0	0
mcp1k	410008	receiver_type	20004-98042	1	11	11	20004	-7.22	-6.64	8.7	0.932	3.95	0.626	shower	11	11	98042	-6.31	-5.04	11.8	0.861	2.93	0.775	0.000	15.8	170.5	141.2	0	0
mcp1k	410008	receiver_type	20004-98043	1	11	11	20004	-7.22	-6.64	8.7	0.932	3.95	0.626	shower	11	11	98043	-6.31	-3.63	10.6	1.343	4.51	0.708	0.000	15.8	170.5	154.2	0	0
mcp1k	410008	receiver_type	20004-98043	1	11	11	20004	-7.22	-6.64	8.7	0.932	3.95	0.626	shower	11	11	98043	-3.63	-6.31	10.6	1.343	4.51	0.708	0.000	23.0	169.8	10.8	0	0
mcp1k	410008	receiver_type	20004-98044	1	11	11	20004	-7.22	-6.64	8.7	0.932	3.95	0.626	shower	11	11	98044	-6.46	-5.04	5.4	1.145	4.01	0.935	0.000	26.6	148.3	83.8	0	0
mcp1k	410008	receiver_type	20004-98044	1	11	11	20004	-7.22	-6.64	8.7	0.932	3.95	0.626	shower	11	11	98044	-5.04	-6.46	5.4	1.145	4.01	0.935	0.000	23.5	157.2	106.2	0	0
mcp1k	410008	receiver_type	20001-88018	2	11	11	88018	-6.11	-5.61	2.1	2.069	5.11	0.980	shower	11	11	20001	-2.44	-7.22	18.0	1.244	2.64	0.936	0.065	20.7	33.5	26.9	0	0
mcp1k	410008	receiver_type	20001-88018	2	11	11	88018	-6.11	-5.61	2.1	2.069	5.11	0.980	shower	11	11	20001	-7.22	-2.44	18.0	1.244	2.64	0.936	0.065	36.5	26.9	158.1	0	0
mcp1k	410008	receiver_type	20002-88018	2	11	11	88018	-6.11	-5.61	2.1	2.069	5.11	0.980	shower	11	11	20002	-7.22	-7.89	7.0	1.679	3.61	0.841	0.000	36.5	26.9	28.1	0	0
mcp1k	410008	receiver_type	20002-88018	2	11	11	88018	-6.11	-5.61	2.1	2.069	5.11	0.980	shower	11	11	20002	-7.89	-7.22	7.0	1.679	3.61	0.841	0.000	42.4	25.7	171.7	0	0
mcp1k	410008	receiver_type	20003-88018	2	11	11	88018	-6.11	-5.61	2.1	2.069	5.11	0.980	shower	11	11	20003	-7.22	-8.27	3.3	0.932	5.27	0.801	0.000	36.5	26.9	138.9	0	0
mcp1k	410008	receiver_type	20003-88018	2	11	11	88018	-6.11	-5.61	2.1	2.069	5.11	0.980	shower	11	11	20003	-8.27	-7.22	3.3	0.932	5.27	0.801	0.000	35.6	29.6	65.8	0	0
mcp1k	410008	receiver_type	20004-88018	2	11	11	88018	-6.11	-5.61	2.1	2.069	5.11	0.980	shower	11	11	20004	-6.64	-7.22	8.7	0.932	3.95	0.626	0.267	31.9	23.1	78.5	0	0
mcp1k	410008	receiver_type	20004-88018	2	11	11	88018	-6.11	-5.61	2.1	2.069	5.11	0.980	shower	11	11	20004	-7.22	-6.64	8.7	0.932	3.95	0.626	0.267	36.5	26.9	146.2	0	0
mcp1k	410008	receiver_type	88018-97024	2	11	11	88018	-6.11	-5.61	2.1	2.069	5.11	0.980	shower	11	11	97024	-4.97	-6.68	3.6	1.314	2.25	0.962	0.000	4.1	45.1	140.3	0	0
mcp1k	410008	receiver_type	88018-97024	2	11	11	88018	-6.11	-5.61	2.1	2.069	5.11	0.980	shower	11	11	97024	-6.68	-4.97	3.6	1.314	2.25	0.962	0.000	2.8	83.1	45.0	0	0
mcp1k	410008	receiver_type	88018-98035	2	11	11	88018	-6.11	-5.61	2.1	2.069	5.11	0.980	shower	11	11	98035	-5.04	-6.48	15.1	0.413	3.70	0.739	0.000	14.9	49.2	16.2	0	0
mcp1k	410008	receiver_type	88018-98035	2	11	11	88018	-6.11	-5.61	2.1	2.069	5.11	0.980	shower	11	11	98035	-6.48	-5.04	15.1	0.413	3.70	0.739	0.000	25.4	38.0	146.3	0	0
mcp1k	410008	receiver_type	88018-98039	2	11	11	88018	-6.11	-5.61	2.1	2.069	5.11	0.980	shower	11	11	98039	-3.63	-6.58	9.2	0.653	3.64	0.731	0.000	14.1	34.8	43.9	0	0
mcp1k	410008	receiver_type	88018-98039	2	11	11	88018	-6.11	-5.61	2.1	2.069	5.11	0.980	shower	11	11	98039	-6.58	-3.63	9.2	0.653	3.64	0.731	0.000	18.1	15.6	166.3	0	0
mcp1k	410008	receiver_type	88018-98042	2	11	11	88018	-6.11	-5.61	2.1	2.069	5.11	0.980	shower	11	11	98042	-5.04	-6.31	11.8	0.861	2.93	0.775	0.000	14.9	49.2	28.0	0	0
mcp1k	410008	receiver_type	88018-98042	2	11	11	88018	-6.11	-5.61	2.1	2.069	5.11	0.980	shower	11	11	98042	-6.31	-5.04	11.8	0.861	2.93	0.775	0.000	20.8	26.6	170.4	0	0
mcp1k	410008	receiver_type	88018-98043	2	11	11	88018	-6.11	-5.61	2.1	2.069	5.11	0.980	shower	11	11	98043	-6.31	-3.63	10.6	1.343	4.51	0.708	0.000	20.8	26.6	163.0	0	0
mcp1k	410008	receiver_type	88018-98043	2	11	11	88018	-6.11	-5.61	2.1	2.069	5.11	0.980	shower	11	11	98043	-3.63	-6.31	10.6	1.343	4.51	0.708	0.000	14.1	34.8	25.8	0	0
mcp1k	410008	receiver_type	88018-98044	2	11	11	88018	-6.11	-5.61	2.1	2.069	5.11	0.980	shower	11	11	98044	-6.46	-5.04	5.4	1.145	4.01	0.935	0.000	15.5	65.4	57.0	0	0
mcp1k	410008	receiver_type	88018-98044	2	11	11	88018	-6.11	-5.61	2.1	2.069	5.11	0.980	shower	11	11	98044	-5.04	-6.46	5.4	1.145	4.01	0.935	0.000	14.9	49.2	137.2	0	0
mcp1k	410008	receiver_type	20001-88018	2	11	11	88018	-5.61	-6.11	2.1	2.069	5.11	0.980	shower	11	11	20001	-2.44	-7.22	18.0	1.244	2.64	0.936	0.065	22.4	147.2	153.8	0	0
mcp1k	410008	receiver_type	20001-88018	2	11	11	88018	-5.61	-6.11	2.1	2.069	5.11	0.980	shower	11	11	20001	-7.22	-2.44	18.0	1.244	2.64	0.936	0.065	38.4	153.3	20.8	0	0
mcp1k	410008	receiver_type	20002-88018	2	11	11	88018	-5.61	-6.11	2.1	2.069	5.11	0.980	shower	11	11	20002	-7.22	-7.89	7.0	1.679	3.61	0.841	0.000	38.4	153.3	150.7	0	0
mcp1k	410008	receiver_type	20002-88018	2	11	11	88018	-5.61	-6.11	2.1	2.069	5.11	0.980	shower	11	11	20002	-7.89	-7.22	7.0	1.679	3.61	0.841	0.000	44.3	154.2	9.0	0	0
mcp1k	410008	receiver_type	20003-88018	2	11	11	88018	-5.61	-6.11	2.1	2.069	5.11	0.980	shower	11	11	20003	-7.22	-8.27	3.3	0.932	5.27	0.801	0.000	38.4	153.3	43.3	0	0
mcp1k	410008	receiver_type	20003-88018	2	11	11	88018	-5.61	-6.11	2.1	2.069	5.11	0.980	shower	11	11	20003	-8.27	-7.22	3.3	0.932	5.27	0.801	0.000	37.5	151.1	111.0	0	0
mcp1k	410008	receiver_type	20004-88018	2	11	11	88018	-5.61	-6.11	2.1	2.069	5.11	0.980	shower	11	11	20004	-6.64	-7.22	8.7	0.932	3.95	0.626	0.267	33.8	156.6	101.8	0	0
mcp1k	410008	receiver_type	20004-88018	2	11	11	88018	-5.61	-6.11	2.1	2.069	5.11	0.980	shower	11	11	20004	-7.22	-6.64	8.7	0.932	3.95	0.626	0.267	38.4	153.3	33.8	0	0
mcp1k	410008	receiver_type	88018-97024	2	11	11	88018	-5.61	-6.11	2.1	2.069	5.11	0.980	shower	11	11	97024	-4.97	-6.68	3.6	1.314	2.25	0.962	0.000	5.7	148.0	43.5	0	0
mcp1k	410008	receiver_type	88018-97024	2	11	11	88018	-5.61	-6.11	2.1	2.069	5.11	0.980	shower	11	11	97024	-6.68	-4.97	3.6	1.314	2.25	0.962	0.000	3.7	132.1	131.2	0	0
mcp1k	410008	receiver_type	88018-98035	2	11	11	88018	-5.61	-6.11	2.1	2.069	5.11	0.980	shower	11	11	98035	-5.04	-6.48	15.1	0.413	3.70	0.739	0.000	16.3	135.5	164.0	0	0
mcp1k	410008	receiver_type	88018-98035	2	11	11	88018	-5.61	-6.11	2.1	2.069	5.11	0.980	shower	11	11	98035	-6.48	-5.04	15.1	0.413	3.70	0.739	0.000	27.0	143.9	34.9	0	0
mcp1k	410008	receiver_type	88018-98039	2	11	11	88018	-5.61	-6.11	2.1	2.069	5.11	0.980	shower	11	11	98039	-3.63	-6.58	9.2	0.653	3.64	0.731	0.000	15.8	147.4	137.8	0	0
mcp1k	410008	receiver_type	88018-98039	2	11	11	88018	-5.61	-6.11	2.1	2.069	5.11	0.980	shower	11	11	98039	-6.58	-3.63	9.2	0.653	3.64	0.731	0.000	20.1	163.6	12.2	0	0
mcp1k	410008	receiver_type	88018-98042	2	11	11	88018	-5.61	-6.11	2.1	2.069	5.11	0.980	shower	11	11	98042	-5.04	-6.31	11.8	0.861	2.93	0.775	0.000	16.3	135.5	151.8	0	0
mcp1k	410008	receiver_type	88018-98042	2	11	11	88018	-5.61	-6.11	2.1	2.069	5.11	0.980	shower	11	11	98042	-6.31	-5.04	11.8	0.861	2.93	0.775	0.000	22.7	154.4	13.1	0	0
mcp1k	410008	receiver_type	88018-98043	2	11	11	88018	-5.61	-6.11	2.1	2.069	5.11	0.980	shower	11	11	98043	-6.31	-3.63	10.6	1.343	4.51	0.708	0.000	22.7	154.4	14.2	0	0
mcp1k	410008	receiver_type	88018-98043	2	11	11	88018	-5.61	-6.11	2.1	2.069	5.11	0.980	shower	11	11	98043	-3.63	-6.31	10.6	1.343	4.51	0.708	0.000	15.8	147.4	155.0	0	0
mcp1k	410008	receiver_type	88018-98044	2	11	11	88018	-5.61	-6.11	2.1	2.069	5.11	0.980	shower	11	11	98044	-6.46	-5.04	5.4	1.145	4.01	0.935	0.000	16.5	121.2	120.3	0	0
mcp1k	410008	receiver_type	88018-98044	2	11	11	88018	-5.61	-6.11	2.1	2.069	5.11	0.980	shower	11	11	98044	-5.04	-6.46	5.4	1.145	4.01	0.935	0.000	16.3	135.5	44.9	0	0
mcp1k	410008	receiver_type	20001-97024	14	11	11	97024	-4.97	-6.68	3.6	1.314	2.25	0.962	shower	11	11	20001	-2.44	-7.22	18.0	1.244	2.64	0.936	0.065	16.7	34.4	54.6	0	0
mcp1k	410008	receiver_type	20001-97024	14	11	11	97024	-4.97	-6.68	3.6	1.314	2.25	0.962	shower	11	11	20001	-7.22	-2.44	18.0	1.244	2.64	0.936	0.065	32.8	43.7	126.8	0	0
mcp1k	410008	receiver_type	20002-97024	14	11	11	97024	-4.97	-6.68	3.6	1.314	2.25	0.962	shower	11	11	20002	-7.22	-7.89	7.0	1.679	3.61	0.841	0.000	32.8	43.7	43.9	0	0
mcp1k	410008	receiver_type	20002-97024	14	11	11	97024	-4.97	-6.68	3.6	1.314	2.25	0.962	shower	11	11	20002	-7.89	-7.22	7.0	1.679	3.61	0.841	0.000	38.6	43.3	138.4	0	0
mcp1k	410008	receiver_type	20003-97024	14	11	11	97024	-4.97	-6.68	3.6	1.314	2.25	0.962	shower	11	11	20003	-7.22	-8.27	3.3	0.932	5.27	0.801	0.000	32.8	43.7	149.3	0	0
mcp1k	410008	receiver_type	20003-97024	14	11	11	97024	-4.97	-6.68	3.6	1.314	2.25	0.962	shower	11	11	20003	-8.27	-7.22	3.3	0.932	5.27	0.801	0.000	31.8	47.9	34.0	0	0
mcp1k	410008	receiver_type	20004-97024	14	11	11	97024	-4.97	-6.68	3.6	1.314	2.25	0.962	shower	11	11	20004	-6.64	-7.22	8.7	0.932	3.95	0.626	0.267	28.1	39.7	87.9	0	0
mcp1k	410008	receiver_type	20004-97024	14	11	11	97024	-4.97	-6.68	3.6	1.314	2.25	0.962	shower	11	11	20004	-7.22	-6.64	8.7	0.932	3.95	0.626	0.267	32.8	43.7	125.7	0	0
mcp1k	410008	receiver_type	88018-97024	14	11	11	97024	-4.97	-6.68	3.6	1.314	2.25	0.962	shower	11	11	88018	-6.11	-5.61	2.1	2.069	5.11	0.980	0.000	4.1	138.2	140.3	0	0
mcp1k	410008	receiver_type	88018-97024	14	11	11	97024	-4.97	-6.68	3.6	1.314	2.25	0.962	shower	11	11	88018	-5.61	-6.11	2.1	2.069	5.11	0.980	0.000	5.7	143.4	43.5	0	0
mcp1k	410008	receiver_type	97024-98035	14	11	11	97024	-4.97	-6.68	3.6	1.314	2.25	0.962	shower	11	11	98035	-5.04	-6.48	15.1	0.413	3.70	0.739	0.000	11.0	62.8	46.6	0	0
mcp1k	410008	receiver_type	97024-98035	14	11	11	97024	-4.97	-6.68	3.6	1.314	2.25	0.962	shower	11	11	98035	-6.48	-5.04	15.1	0.413	3.70	0.739	0.000	21.5	53.4	133.4	0	0
mcp1k	410008	receiver_type	97024-98039	14	11	11	97024	-4.97	-6.68	3.6	1.314	2.25	0.962	shower	11	11	98039	-3.63	-6.58	9.2	0.653	3.64	0.731	0.000	10.1	35.8	66.8	0	0
mcp1k	410008	receiver_type	97024-98039	14	11	11	97024	-4.97	-6.68	3.6	1.314	2.25	0.962	shower	11	11	98039	-6.58	-3.63	9.2	0.653	3.64	0.731	0.000	14.7	35.7	133.2	0	0
mcp1k	410008	receiver_type	97024-98042	14	11	11	97024	-4.97	-6.68	3.6	1.314	2.25	0.962	shower	11	11	98042	-5.04	-6.31	11.8	0.861	2.93	0.775	0.000	11.0	62.8	44.8	0	0
mcp1k	410008	receiver_type	97024-98042	14	11	11	97024	-4.97	-6.68	3.6	1.314	2.25	0.962	shower	11	11	98042	-6.31	-5.04	11.8	0.861	2.93	0.775	0.000	17.0	42.6	149.3	0	0
mcp1k	410008	receiver_type	97024-98043	14	11	11	97024	-4.97	-6.68	3.6	1.314	2.25	0.962	shower	11	11	98043	-6.31	-3.63	10.6	1.343	4.51	0.708	0.000	17.0	42.6	125.2	0	0
mcp1k	410008	receiver_type	97024-98043	14	11	11	97024	-4.97	-6.68	3.6	1.314	2.25	0.962	shower	11	11	98043	-3.63	-6.31	10.6	1.343	4.51	0.708	0.000	10.1	35.8	54.6	0	0
mcp1k	410008	receiver_type	97024-98044	14	11	11	97024	-4.97	-6.68	3.6	1.314	2.25	0.962	shower	11	11	98044	-6.46	-5.04	5.4	1.145	4.01	0.935	0.000	12.3	86.4	33.0	0	0
mcp1k	410008	receiver_type	97024-98044	14	11	11	97024	-4.97	-6.68	3.6	1.314	2.25	0.962	shower	11	11	98044	-5.04	-6.46	5.4	1.145	4.01	0.935	0.000	11.0	62.8	146.1	0	0
mcp1k	410008	receiver_type	20001-97024	14	11	11	97024	-6.68	-4.97	3.6	1.314	2.25	0.962	shower	11	11	20001	-2.44	-7.22	18.0	1.244	2.64	0.936	0.065	19.6	148.9	121.5	0	0
mcp1k	410008	receiver_type	20001-97024	14	11	11	97024	-6.68	-4.97	3.6	1.314	2.25	0.962	shower	11	11	20001	-7.22	-2.44	18.0	1.244	2.64	0.936	0.065	35.3	136.8	57.5	0	0
mcp1k	410008	receiver_type	20002-97024	14	11	11	97024	-6.68	-4.97	3.6	1.314	2.25	0.962	shower	11	11	20002	-7.22	-7.89	7.0	1.679	3.61	0.841	0.000	35.3	136.8	132.9	0	0
mcp1k	410008	receiver_type	20002-97024	14	11	11	97024	-6.68	-4.97	3.6	1.314	2.25	0.962	shower	11	11	20002	-7.89	-7.22	7.0	1.679	3.61	0.841	0.000	41.2	136.4	46.5	0	0
mcp1k	410008	receiver_type	20003-97024	14	11	11	97024	-6.68	-4.97	3.6	1.314	2.25	0.962	shower	11	11	20003	-7.22	-8.27	3.3	0.932	5.27	0.801	0.000	35.3	136.8	33.7	0	0
mcp1k	410008	receiver_type	20003-97024	14	11	11	97024	-6.68	-4.97	3.6	1.314	2.25	0.962	shower	11	11	20003	-8.27	-7.22	3.3	0.932	5.27	0.801	0.000	34.2	133.1	148.0	0	0
mcp1k	410008	receiver_type	20004-97024	14	11	11	97024	-6.68	-4.97	3.6	1.314	2.25	0.962	shower	11	11	20004	-6.64	-7.22	8.7	0.932	3.95	0.626	0.267	30.8	140.6	91.9	0	0
mcp1k	410008	receiver_type	20004-97024	14	11	11	97024	-6.68	-4.97	3.6	1.314	2.25	0.962	shower	11	11	20004	-7.22	-6.64	8.7	0.932	3.95	0.626	0.267	35.3	136.8	57.5	0	0
mcp1k	410008	receiver_type	88018-97024	14	11	11	97024	-6.68	-4.97	3.6	1.314	2.25	0.962	shower	11	11	88018	-6.11	-5.61	2.1	2.069	5.11	0.980	0.000	2.8	99.2	45.0	0	0
mcp1k	410008	receiver_type	88018-97024	14	11	11	97024	-6.68	-4.97	3.6	1.314	2.25	0.962	shower	11	11	88018	-5.61	-6.11	2.1	2.069	5.11	0.980	0.000	3.7	74.6	131.2	0	0
mcp1k	410008	receiver_type	97024-98035	14	11	11	97024	-6.68	-4.97	3.6	1.314	2.25	0.962	shower	11	11	98035	-5.04	-6.48	15.1	0.413	3.70	0.739	0.000	13.0	129.5	128.9	0	0
mcp1k	410008	receiver_type	97024-98035	14	11	11	97024	-6.68	-4.97	3.6	1.314	2.25	0.962	shower	11	11	98035	-6.48	-5.04	15.1	0.413	3.70	0.739	0.000	23.7	130.8	49.2	0	0
mcp1k	410008	receiver_type	97024-98039	14	11	11	97024	-6.68	-4.97	3.6	1.314	2.25	0.962	shower	11	11	98039	-3.63	-6.58	9.2	0.653	3.64	0.731	0.000	13.0	150.8	108.5	0	0
mcp1k	410008	receiver_type	97024-98039	14	11	11	97024	-6.68	-4.97	3.6	1.314	2.25	0.962	shower	11	11	98039	-6.58	-3.63	9.2	0.653	3.64	0.731	0.000	17.5	146.3	52.2	0	0
mcp1k	410008	receiver_type	97024-98042	14	11	11	97024	-6.68	-4.97	3.6	1.314	2.25	0.962	shower	11	11	98042	-5.04	-6.31	11.8	0.861	2.93	0.775	0.000	13.0	129.5	130.4	0	0
mcp1k	410008	receiver_type	97024-98042	14	11	11	97024	-6.68	-4.97	3.6	1.314	2.25	0.962	shower	11	11	98042	-6.31	-5.04	11.8	0.861	2.93	0.775	0.000	19.6	140.7	36.0	0	0
mcp1k	410008	receiver_type	97024-98043	14	11	11	97024	-6.68	-4.97	3.6	1.314	2.25	0.962	shower	11	11	98043	-6.31	-3.63	10.6	1.343	4.51	0.708	0.000	19.6	140.7	59.7	0	0
mcp1k	410008	receiver_type	97024-98043	14	11	11	97024	-6.68	-4.97	3.6	1.314	2.25	0.962	shower	11	11	98043	-3.63	-6.31	10.6	1.343	4.51	0.708	0.000	13.0	150.8	121.3	0	0
mcp1k	410008	receiver_type	97024-98044	14	11	11	97024	-6.68	-4.97	3.6	1.314	2.25	0.962	shower	11	11	98044	-6.46	-5.04	5.4	1.145	4.01	0.935	0.000	13.0	108.2	146.9	0	0
mcp1k	410008	receiver_type	97024-98044	14	11	11	97024	-6.68	-4.97	3.6	1.314	2.25	0.962	shower	11	11	98044	-5.04	-6.46	5.4	1.145	4.01	0.935	0.000	13.0	129.5	36.8	0	0
mcp1k	410008	receiver_type	20001-98035	3	11	11	98035	-5.04	-6.48	15.1	0.413	3.70	0.739	shower	11	11	20001	-2.44	-7.22	18.0	1.244	2.64	0.936	0.065	8.9	136.9	169.1	0	0
mcp1k	410008	receiver_type	20001-98035	3	11	11	98035	-5.04	-6.48	15.1	0.413	3.70	0.739	shower	11	11	20001	-7.22	-2.44	18.0	1.244	2.64	0.936	0.065	23.5	170.8	6.9	0	0
mcp1k	410008	receiver_type	20002-98035	3	11	11	98035	-5.04	-6.48	15.1	0.413	3.70	0.739	shower	11	11	20002	-7.22	-7.89	7.0	1.679	3.61	0.841	0.000	23.5	170.8	165.1	0	0
mcp1k	410008	receiver_type	20002-98035	3	11	11	98035	-5.04	-6.48	15.1	0.413	3.70	0.739	shower	11	11	20002	-7.89	-7.22	7.0	1.679	3.61	0.841	0.000	29.4	171.6	8.1	0	0
mcp1k	410008	receiver_type	20003-98035	3	11	11	98035	-5.04	-6.48	15.1	0.413	3.70	0.739	shower	11	11	20003	-7.22	-8.27	3.3	0.932	5.27	0.801	0.000	23.5	170.8	56.1	0	0
mcp1k	410008	receiver_type	20003-98035	3	11	11	98035	-5.04	-6.48	15.1	0.413	3.70	0.739	shower	11	11	20003	-8.27	-7.22	3.3	0.932	5.27	0.801	0.000	22.2	175.4	102.3	0	0
mcp1k	410008	receiver_type	20004-98035	3	11	11	98035	-5.04	-6.48	15.1	0.413	3.70	0.739	shower	11	11	20004	-6.64	-7.22	8.7	0.932	3.95	0.626	0.267	19.7	162.4	117.7	0	0
mcp1k	410008	receiver_type	20004-98035	3	11	11	98035	-5.04	-6.48	15.1	0.413	3.70	0.739	shower	11	11	20004	-7.22	-6.64	8.7	0.932	3.95	0.626	0.267	23.5	170.8	17.8	0	0
mcp1k	410008	receiver_type	88018-98035	3	11	11	98035	-5.04	-6.48	15.1	0.413	3.70	0.739	shower	11	11	88018	-6.11	-5.61	2.1	2.069	5.11	0.980	0.000	14.9	34.5	16.2	0	0
mcp1k	410008	receiver_type	88018-98035	3	11	11	98035	-5.04	-6.48	15.1	0.413	3.70	0.739	shower	11	11	88018	-5.61	-6.11	2.1	2.069	5.11	0.980	0.000	16.3	29.0	164.0	0	0
mcp1k	410008	receiver_type	97024-98035	3	11	11	98035	-5.04	-6.48	15.1	0.413	3.70	0.739	shower	11	11	97024	-4.97	-6.68	3.6	1.314	2.25	0.962	0.000	11.0	36.1	46.6	0	0
mcp1k	410008	receiver_type	97024-98035	3	11	11	98035	-5.04	-6.48	15.1	0.413	3.70	0.739	shower	11	11	97024	-6.68	-4.97	3.6	1.314	2.25	0.962	0.000	13.0	30.2	128.9	0	0
mcp1k	410008	receiver_type	20001-98035	3	11	11	98035	-6.48	-5.04	15.1	0.413	3.70	0.739	shower	11	11	20001	-2.44	-7.22	18.0	1.244	2.64	0.936	0.065	7.9	129.4	16.1	0	0
mcp1k	410008	receiver_type	20001-98035	3	11	11	98035	-6.48	-5.04	15.1	0.413	3.70	0.739	shower	11	11	20001	-7.22	-2.44	18.0	1.244	2.64	0.936	0.065	12.8	30.4	159.7	0	0
mcp1k	410008	receiver_type	20002-98035	3	11	11	98035	-6.48	-5.04	15.1	0.413	3.70	0.739	shower	11	11	20002	-7.22	-7.89	7.0	1.679	3.61	0.841	0.000	12.8	30.4	5.6	0	0
mcp1k	410008	receiver_type	20002-98035	3	11	11	98035	-6.48	-5.04	15.1	0.413	3.70	0.739	shower	11	11	20002	-7.89	-7.22	7.0	1.679	3.61	0.841	0.000	18.5	25.5	154.1	0	0
mcp1k	410008	receiver_type	20003-98035	3	11	11	98035	-6.48	-5.04	15.1	0.413	3.70	0.739	shower	11	11	20003	-7.22	-8.27	3.3	0.932	5.27	0.801	0.000	12.8	30.4	113.0	0	0
mcp1k	410008	receiver_type	20003-98035	3	11	11	98035	-6.48	-5.04	15.1	0.413	3.70	0.739	shower	11	11	20003	-8.27	-7.22	3.3	0.932	5.27	0.801	0.000	11.2	23.6	80.6	0	0
mcp1k	410008	receiver_type	20004-98035	3	11	11	98035	-6.48	-5.04	15.1	0.413	3.70	0.739	shower	11	11	20004	-6.64	-7.22	8.7	0.932	3.95	0.626	0.267	10.3	54.5	47.0	0	0
mcp1k	410008	receiver_type	20004-98035	3	11	11	98035	-6.48	-5.04	15.1	0.413	3.70	0.739	shower	11	11	20004	-7.22	-6.64	8.7	0.932	3.95	0.626	0.267	12.8	30.4	170.7	0	0
mcp1k	410008	receiver_type	88018-98035	3	11	11	98035	-6.48	-5.04	15.1	0.413	3.70	0.739	shower	11	11	88018	-6.11	-5.61	2.1	2.069	5.11	0.980	0.000	25.4	174.8	146.3	0	0
mcp1k	410008	receiver_type	88018-98035	3	11	11	98035	-6.48	-5.04	15.1	0.413	3.70	0.739	shower	11	11	88018	-5.61	-6.11	2.1	2.069	5.11	0.980	0.000	27.0	176.7	34.9	0	0
mcp1k	410008	receiver_type	97024-98035	3	11	11	98035	-6.48	-5.04	15.1	0.413	3.70	0.739	shower	11	11	97024	-4.97	-6.68	3.6	1.314	2.25	0.962	0.000	21.5	173.2	133.4	0	0
mcp1k	410008	receiver_type	97024-98035	3	11	11	98035	-6.48	-5.04	15.1	0.413	3.70	0.739	shower	11	11	97024	-6.68	-4.97	3.6	1.314	2.25	0.962	0.000	23.7	179.8	49.2	0	0
mcp1k	410008	receiver_type	20001-98039	3	11	11	98039	-3.63	-6.58	9.2	0.653	3.64	0.731	shower	11	11	20001	-2.44	-7.22	18.0	1.244	2.64	0.936	0.065	6.7	106.0	114.4	0	0
mcp1k	410008	receiver_type	20001-98039	3	11	11	98039	-3.63	-6.58	9.2	0.653	3.64	0.731	shower	11	11	20001	-7.22	-2.44	18.0	1.244	2.64	0.936	0.065	23.0	114.5	59.8	0	0
mcp1k	410008	receiver_type	20002-98039	3	11	11	98039	-3.63	-6.58	9.2	0.653	3.64	0.731	shower	11	11	20002	-7.22	-7.89	7.0	1.679	3.61	0.841	0.000	23.0	114.5	108.5	0	0
mcp1k	410008	receiver_type	20002-98039	3	11	11	98039	-3.63	-6.58	9.2	0.653	3.64	0.731	shower	11	11	20002	-7.89	-7.22	7.0	1.679	3.61	0.841	0.000	28.9	115.3	51.2	0	0
mcp1k	410008	receiver_type	20003-98039	3	11	11	98039	-3.63	-6.58	9.2	0.653	3.64	0.731	shower	11	11	20003	-7.22	-8.27	3.3	0.932	5.27	0.801	0.000	23.0	114.5	41.5	0	0
mcp1k	410008	receiver_type	20003-98039	3	11	11	98039	-3.63	-6.58	9.2	0.653	3.64	0.731	shower	11	11	20003	-8.27	-7.22	3.3	0.932	5.27	0.801	0.000	22.2	111.0	111.7	0	0
mcp1k	410008	receiver_type	20004-98039	3	11	11	98039	-3.63	-6.58	9.2	0.653	3.64	0.731	shower	11	11	20004	-6.64	-7.22	8.7	0.932	3.95	0.626	0.267	18.4	121.8	64.5	0	0
mcp1k	410008	receiver_type	20004-98039	3	11	11	98039	-3.63	-6.58	9.2	0.653	3.64	0.731	shower	11	11	20004	-7.22	-6.64	8.7	0.932	3.95	0.626	0.267	23.0	114.5	74.5	0	0
mcp1k	410008	receiver_type	88018-98039	3	11	11	98039	-3.63	-6.58	9.2	0.653	3.64	0.731	shower	11	11	88018	-6.11	-5.61	2.1	2.069	5.11	0.980	0.000	14.1	78.6	43.9	0	0
mcp1k	410008	receiver_type	88018-98039	3	11	11	98039	-3.63	-6.58	9.2	0.653	3.64	0.731	shower	11	11	88018	-5.61	-6.11	2.1	2.069	5.11	0.980	0.000	15.8	74.2	137.8	0	0
mcp1k	410008	receiver_type	97024-98039	3	11	11	98039	-3.63	-6.58	9.2	0.653	3.64	0.731	shower	11	11	97024	-4.97	-6.68	3.6	1.314	2.25	0.962	0.000	10.1	74.4	66.8	0	0
mcp1k	410008	receiver_type	97024-98039	3	11	11	98039	-3.63	-6.58	9.2	0.653	3.64	0.731	shower	11	11	97024	-6.68	-4.97	3.6	1.314	2.25	0.962	0.000	13.0	72.4	108.5	0	0
mcp1k	410008	receiver_type	20001-98039	3	11	11	98039	-6.58	-3.63	9.2	0.653	3.64	0.731	shower	11	11	20001	-2.44	-7.22	18.0	1.244	2.64	0.936	0.065	6.5	105.1	37.7	0	0
mcp1k	410008	receiver_type	20001-98039	3	11	11	98039	-6.58	-3.63	9.2	0.653	3.64	0.731	shower	11	11	20001	-7.22	-2.44	18.0	1.244	2.64	0.936	0.065	19.4	51.4	148.1	0	0
mcp1k	410008	receiver_type	20002-98039	3	11	11	98039	-6.58	-3.63	9.2	0.653	3.64	0.731	shower	11	11	20002	-7.22	-7.89	7.0	1.679	3.61	0.841	0.000	19.4	51.4	41.4	0	0
mcp1k	410008	receiver_type	20002-98039	3	11	11	98039	-6.58	-3.63	9.2	0.653	3.64	0.731	shower	11	11	20002	-7.89	-7.22	7.0	1.679	3.61	0.841	0.000	25.1	46.8	158.8	0	0
mcp1k	410008	receiver_type	20003-98039	3	11	11	98039	-6.58	-3.63	9.2	0.653	3.64	0.731	shower	11	11	20003	-7.22	-8.27	3.3	0.932	5.27	0.801	0.000	19.4	51.4	142.6	0	0
mcp1k	410008	receiver_type	20003-98039	3	11	11	98039	-6.58	-3.63	9.2	0.653	3.64	0.731	shower	11	11	20003	-8.27	-7.22	3.3	0.932	5.27	0.801	0.000	19.1	56.9	65.7	0	0
mcp1k	410008	receiver_type	20004-98039	3	11	11	98039	-6.58	-3.63	9.2	0.653	3.64	0.731	shower	11	11	20004	-6.64	-7.22	8.7	0.932	3.95	0.626	0.267	14.3	46.9	89.7	0	0
mcp1k	410008	receiver_type	20004-98039	3	11	11	98039	-6.58	-3.63	9.2	0.653	3.64	0.731	shower	11	11	20004	-7.22	-6.64	8.7	0.932	3.95	0.626	0.267	19.4	51.4	134.3	0	0
mcp1k	410008	receiver_type	88018-98039	3	11	11	98039	-6.58	-3.63	9.2	0.653	3.64	0.731	shower	11	11	88018	-6.11	-5.61	2.1	2.069	5.11	0.980	0.000	18.1	150.7	166.3	0	0
mcp1k	410008	receiver_type	88018-98039	3	11	11	98039	-6.58	-3.63	9.2	0.653	3.64	0.731	shower	11	11	88018	-5.61	-6.11	2.1	2.069	5.11	0.980	0.000	20.1	152.4	12.2	0	0
mcp1k	410008	receiver_type	97024-98039	3	11	11	98039	-6.58	-3.63	9.2	0.653	3.64	0.731	shower	11	11	97024	-4.97	-6.68	3.6	1.314	2.25	0.962	0.000	14.7	158.6	133.2	0	0
mcp1k	410008	receiver_type	97024-98039	3	11	11	98039	-6.58	-3.63	9.2	0.653	3.64	0.731	shower	11	11	97024	-6.68	-4.97	3.6	1.314	2.25	0.962	0.000	17.5	155.2	52.2	0	0
mcp1k	410008	receiver_type	20001-98042	3	11	11	98042	-5.04	-6.31	11.8	0.861	2.93	0.775	shower	11	11	20001	-2.44	-7.22	18.0	1.244	2.64	0.936	0.065	8.9	146.8	125.6	0	0
mcp1k	410008	receiver_type	20001-98042	3	11	11	98042	-5.04	-6.31	11.8	0.861	2.93	0.775	shower	11	11	20001	-7.22	-2.44	18.0	1.244	2.64	0.936	0.065	23.5	139.7	48.8	0	0
mcp1k	410008	receiver_type	20002-98042	3	11	11	98042	-5.04	-6.31	11.8	0.861	2.93	0.775	shower	11	11	20002	-7.22	-7.89	7.0	1.679	3.61	0.841	0.000	23.5	139.7	124.3	0	0
mcp1k	410008	receiver_type	20002-98042	3	11	11	98042	-5.04	-6.31	11.8	0.861	2.93	0.775	shower	11	11	20002	-7.89	-7.22	7.0	1.679	3.61	0.841	0.000	29.4	138.5	36.3	0	0
mcp1k	410008	receiver_type	20003-98042	3	11	11	98042	-5.04	-6.31	11.8	0.861	2.93	0.775	shower	11	11	20003	-7.22	-8.27	3.3	0.932	5.27	0.801	0.000	23.5	139.7	23.7	0	0
mcp1k	410008	receiver_type	20003-98042	3	11	11	98042	-5.04	-6.31	11.8	0.861	2.93	0.775	shower	11	11	20003	-8.27	-7.22	3.3	0.932	5.27	0.801	0.000	22.2	135.4	127.0	0	0
mcp1k	410008	receiver_type	20004-98042	3	11	11	98042	-5.04	-6.31	11.8	0.861	2.93	0.775	shower	11	11	20004	-6.64	-7.22	8.7	0.932	3.95	0.626	0.267	19.7	149.6	73.6	0	0
mcp1k	410008	receiver_type	20004-98042	3	11	11	98042	-5.04	-6.31	11.8	0.861	2.93	0.775	shower	11	11	20004	-7.22	-6.64	8.7	0.932	3.95	0.626	0.267	23.5	139.7	61.7	0	0
mcp1k	410008	receiver_type	88018-98042	3	11	11	98042	-5.04	-6.31	11.8	0.861	2.93	0.775	shower	11	11	88018	-6.11	-5.61	2.1	2.069	5.11	0.980	0.000	14.9	76.8	28.0	0	0
mcp1k	410008	receiver_type	88018-98042	3	11	11	98042	-5.04	-6.31	11.8	0.861	2.93	0.775	shower	11	11	88018	-5.61	-6.11	2.1	2.069	5.11	0.980	0.000	16.3	71.3	151.8	0	0
mcp1k	410008	receiver_type	97024-98042	3	11	11	98042	-5.04	-6.31	11.8	0.861	2.93	0.775	shower	11	11	97024	-4.97	-6.68	3.6	1.314	2.25	0.962	0.000	11.0	79.6	44.8	0	0
mcp1k	410008	receiver_type	97024-98042	3	11	11	98042	-5.04	-6.31	11.8	0.861	2.93	0.775	shower	11	11	97024	-6.68	-4.97	3.6	1.314	2.25	0.962	0.000	13.0	70.4	130.4	0	0
mcp1k	410008	receiver_type	20001-98042	3	11	11	98042	-6.31	-5.04	11.8	0.861	2.93	0.775	shower	11	11	20001	-2.44	-7.22	18.0	1.244	2.64	0.936	0.065	3.9	101.5	33.7	0	0
mcp1k	410008	receiver_type	20001-98042	3	11	11	98042	-6.31	-5.04	11.8	0.861	2.93	0.775	shower	11	11	20001	-7.22	-2.44	18.0	1.244	2.64	0.936	0.065	15.8	30.7	150.5	0	0
mcp1k	410008	receiver_type	20002-98042	3	11	11	98042	-6.31	-5.04	11.8	0.861	2.93	0.775	shower	11	11	20002	-7.22	-7.89	7.0	1.679	3.61	0.841	0.000	15.8	30.7	31.0	0	0
mcp1k	410008	receiver_type	20002-98042	3	11	11	98042	-6.31	-5.04	11.8	0.861	2.93	0.775	shower	11	11	20002	-7.89	-7.22	7.0	1.679	3.61	0.841	0.000	21.7	28.4	164.9	0	0
mcp1k	410008	receiver_type	20003-98042	3	11	11	98042	-6.31	-5.04	11.8	0.861	2.93	0.775	shower	11	11	20003	-7.22	-8.27	3.3	0.932	5.27	0.801	0.000	15.8	30.7	146.8	0	0
mcp1k	410008	receiver_type	20003-98042	3	11	11	98042	-6.31	-5.04	11.8	0.861	2.93	0.775	shower	11	11	20003	-8.27	-7.22	3.3	0.932	5.27	0.801	0.000	15.1	39.5	56.5	0	0
mcp1k	410008	receiver_type	20004-98042	3	11	11	98042	-6.31	-5.04	11.8	0.861	2.93	0.775	shower	11	11	20004	-6.64	-7.22	8.7	0.932	3.95	0.626	0.267	11.2	18.3	83.0	0	0
mcp1k	410008	receiver_type	20004-98042	3	11	11	98042	-6.31	-5.04	11.8	0.861	2.93	0.775	shower	11	11	20004	-7.22	-6.64	8.7	0.932	3.95	0.626	0.267	15.8	30.7	141.2	0	0
mcp1k	410008	receiver_type	88018-98042	3	11	11	98042	-6.31	-5.04	11.8	0.861	2.93	0.775	shower	11	11	88018	-6.11	-5.61	2.1	2.069	5.11	0.980	0.000	20.8	151.2	170.4	0	0
mcp1k	410008	receiver_type	88018-98042	3	11	11	98042	-6.31	-5.04	11.8	0.861	2.93	0.775	shower	11	11	88018	-5.61	-6.11	2.1	2.069	5.11	0.980	0.000	22.7	153.4	13.1	0	0
mcp1k	410008	receiver_type	97024-98042	3	11	11	98042	-6.31	-5.04	11.8	0.861	2.93	0.775	shower	11	11	97024	-4.97	-6.68	3.6	1.314	2.25	0.962	0.000	17.0	154.0	149.3	0	0
mcp1k	410008	receiver_type	97024-98042	3	11	11	98042	-6.31	-5.04	11.8	0.861	2.93	0.775	shower	11	11	97024	-6.68	-4.97	3.6	1.314	2.25	0.962	0.000	19.6	157.8	36.0	0	0
mcp1k	410008	receiver_type	20001-98043	3	11	11	98043	-6.31	-3.63	10.6	1.343	4.51	0.708	shower	11	11	20001	-2.44	-7.22	18.0	1.244	2.64	0.936	0.065	3.9	121.2	16.6	0	0
mcp1k	410008	receiver_type	20001-98043	3	11	11	98043	-6.31	-3.63	10.6	1.343	4.51	0.708	shower	11	11	20001	-7.22	-2.44	18.0	1.244	2.64	0.936	0.065	15.8	24.6	169.1	0	0
mcp1k	410008	receiver_type	20002-98043	3	11	11	98043	-6.31	-3.63	10.6	1.343	4.51	0.708	shower	11	11	20002	-7.22	-7.89	7.0	1.679	3.61	0.841	0.000	15.8	24.6	26.1	0	0
mcp1k	410008	receiver_type	20002-98043	3	11	11	98043	-6.31	-3.63	10.6	1.343	4.51	0.708	shower	11	11	20002	-7.89	-7.22	7.0	1.679	3.61	0.841	0.000	21.7	22.7	166.7	0	0
mcp1k	410008	receiver_type	20003-98043	3	11	11	98043	-6.31	-3.63	10.6	1.343	4.51	0.708	shower	11	11	20003	-7.22	-8.27	3.3	0.932	5.27	0.801	0.000	15.8	24.6	122.5	0	0
mcp1k	410008	receiver_type	20003-98043	3	11	11	98043	-6.31	-3.63	10.6	1.343	4.51	0.708	shower	11	11	20003	-8.27	-7.22	3.3	0.932	5.27	0.801	0.000	15.1	27.1	82.8	0	0
mcp1k	410008	receiver_type	20004-98043	3	11	11	98043	-6.31	-3.63	10.6	1.343	4.51	0.708	shower	11	11	20004	-6.64	-7.22	8.7	0.932	3.95	0.626	0.267	11.2	22.4	67.4	0	0
mcp1k	410008	receiver_type	20004-98043	3	11	11	98043	-6.31	-3.63	10.6	1.343	4.51	0.708	shower	11	11	20004	-7.22	-6.64	8.7	0.932	3.95	0.626	0.267	15.8	24.6	154.2	0	0
mcp1k	410008	receiver_type	88018-98043	3	11	11	98043	-6.31	-3.63	10.6	1.343	4.51	0.708	shower	11	11	88018	-6.11	-5.61	2.1	2.069	5.11	0.980	0.000	20.8	153.9	163.0	0	0
mcp1k	410008	receiver_type	88018-98043	3	11	11	98043	-6.31	-3.63	10.6	1.343	4.51	0.708	shower	11	11	88018	-5.61	-6.11	2.1	2.069	5.11	0.980	0.000	22.7	155.9	14.2	0	0
mcp1k	410008	receiver_type	97024-98043	3	11	11	98043	-6.31	-3.63	10.6	1.343	4.51	0.708	shower	11	11	97024	-4.97	-6.68	3.6	1.314	2.25	0.962	0.000	17.0	158.6	125.2	0	0
mcp1k	410008	receiver_type	97024-98043	3	11	11	98043	-6.31	-3.63	10.6	1.343	4.51	0.708	shower	11	11	97024	-6.68	-4.97	3.6	1.314	2.25	0.962	0.000	19.6	154.4	59.7	0	0
mcp1k	410008	receiver_type	20001-98043	3	11	11	98043	-3.63	-6.31	10.6	1.343	4.51	0.708	shower	11	11	20001	-2.44	-7.22	18.0	1.244	2.64	0.936	0.065	6.7	152.9	178.4	0	0
mcp1k	410008	receiver_type	20001-98043	3	11	11	98043	-3.63	-6.31	10.6	1.343	4.51	0.708	shower	11	11	20001	-7.22	-2.44	18.0	1.244	2.64	0.936	0.065	23.0	172.3	4.4	0	0
mcp1k	410008	receiver_type	20002-98043	3	11	11	98043	-3.63	-6.31	10.6	1.343	4.51	0.708	shower	11	11	20002	-7.22	-7.89	7.0	1.679	3.61	0.841	0.000	23.0	172.3	165.4	0	0
mcp1k	410008	receiver_type	20002-98043	3	11	11	98043	-3.63	-6.31	10.6	1.343	4.51	0.708	shower	11	11	20002	-7.89	-7.22	7.0	1.679	3.61	0.841	0.000	28.9	171.4	18.0	0	0
mcp1k	410008	receiver_type	20003-98043	3	11	11	98043	-3.63	-6.31	10.6	1.343	4.51	0.708	shower	11	11	20003	-7.22	-8.27	3.3	0.932	5.27	0.801	0.000	23.0	172.3	66.0	0	0
mcp1k	410008	receiver_type	20003-98043	3	11	11	98043	-3.63	-6.31	10.6	1.343	4.51	0.708	shower	11	11	20003	-8.27	-7.22	3.3	0.932	5.27	0.801	0.000	22.2	174.6	93.1	0	0
mcp1k	410008	receiver_type	20004-98043	3	11	11	98043	-3.63	-6.31	10.6	1.343	4.51	0.708	shower	11	11	20004	-6.64	-7.22	8.7	0.932	3.95	0.626	0.267	18.4	167.4	126.5	0	0
mcp1k	410008	receiver_type	20004-98043	3	11	11	98043	-3.63	-6.31	10.6	1.343	4.51	0.708	shower	11	11	20004	-7.22	-6.64	8.7	0.932	3.95	0.626	0.267	23.0	172.3	10.8	0	0
mcp1k	410008	receiver_type	88018-98043	3	11	11	98043	-3.63	-6.31	10.6	1.343	4.51	0.708	shower	11	11	88018	-6.11	-5.61	2.1	2.069	5.11	0.980	0.000	14.1	26.5	25.8	0	0
mcp1k	410008	receiver_type	88018-98043	3	11	11	98043	-3.63	-6.31	10.6	1.343	4.51	0.708	shower	11	11	88018	-5.61	-6.11	2.1	2.069	5.11	0.980	0.000	15.8	23.6	155.0	0	0
mcp1k	410008	receiver_type	97024-98043	3	11	11	98043	-3.63	-6.31	10.6	1.343	4.51	0.708	shower	11	11	97024	-4.97	-6.68	3.6	1.314	2.25	0.962	0.000	10.1	24.1	54.6	0	0
mcp1k	410008	receiver_type	97024-98043	3	11	11	98043	-3.63	-6.31	10.6	1.343	4.51	0.708	shower	11	11	97024	-6.68	-4.97	3.6	1.314	2.25	0.962	0.000	13.0	31.4	121.3	0	0
mcp1k	410008	receiver_type	20001-98044	3	11	11	98044	-6.46	-5.04	5.4	1.145	4.01	0.935	shower	11	11	20001	-2.44	-7.22	18.0	1.244	2.64	0.936	0.065	13.7	159.5	99.0	0	0
mcp1k	410008	receiver_type	20001-98044	3	11	11	98044	-6.46	-5.04	5.4	1.145	4.01	0.935	shower	11	11	20001	-7.22	-2.44	18.0	1.244	2.64	0.936	0.065	26.6	126.7	77.5	0	0
mcp1k	410008	receiver_type	20002-98044	3	11	11	98044	-6.46	-5.04	5.4	1.145	4.01	0.935	shower	11	11	20002	-7.22	-7.89	7.0	1.679	3.61	0.841	0.000	26.6	126.7	106.3	0	0
mcp1k	410008	receiver_type	20002-98044	3	11	11	98044	-6.46	-5.04	5.4	1.145	4.01	0.935	shower	11	11	20002	-7.89	-7.22	7.0	1.679	3.61	0.841	0.000	32.4	124.0	63.2	0	0
mcp1k	410008	receiver_type	20003-98044	3	11	11	98044	-6.46	-5.04	5.4	1.145	4.01	0.935	shower	11	11	20003	-7.22	-8.27	3.3	0.932	5.27	0.801	0.000	26.6	126.7	17.5	0	0
mcp1k	410008	receiver_type	20003-98044	3	11	11	98044	-6.46	-5.04	5.4	1.145	4.01	0.935	shower	11	11	20003	-8.27	-7.22	3.3	0.932	5.27	0.801	0.000	24.9	122.0	167.4	0	0
mcp1k	410008	receiver_type	20004-98044	3	11	11	98044	-6.46	-5.04	5.4	1.145	4.01	0.935	shower	11	11	20004	-6.64	-7.22	8.7	0.932	3.95	0.626	0.267	23.5	135.7	59.1	0	0
mcp1k	410008	receiver_type	20004-98044	3	11	11	98044	-6.46	-5.04	5.4	1.145	4.01	0.935	shower	11	11	20004	-7.22	-6.64	8.7	0.932	3.95	0.626	0.267	26.6	126.7	83.8	0	0
mcp1k	410008	receiver_type	88018-98044	3	11	11	98044	-6.46	-5.04	5.4	1.145	4.01	0.935	shower	11	11	88018	-6.11	-5.61	2.1	2.069	5.11	0.980	0.000	15.5	108.6	57.0	0	0
mcp1k	410008	receiver_type	88018-98044	3	11	11	98044	-6.46	-5.04	5.4	1.145	4.01	0.935	shower	11	11	88018	-5.61	-6.11	2.1	2.069	5.11	0.980	0.000	16.5	103.5	120.3	0	0
mcp1k	410008	receiver_type	97024-98044	3	11	11	98044	-6.46	-5.04	5.4	1.145	4.01	0.935	shower	11	11	97024	-4.97	-6.68	3.6	1.314	2.25	0.962	0.000	12.3	119.3	33.0	0	0
mcp1k	410008	receiver_type	97024-98044	3	11	11	98044	-6.46	-5.04	5.4	1.145	4.01	0.935	shower	11	11	97024	-6.68	-4.97	3.6	1.314	2.25	0.962	0.000	13.0	103.9	146.9	0	0
mcp1k	410008	receiver_type	20001-98044	3	11	11	98044	-5.04	-6.46	5.4	1.145	4.01	0.935	shower	11	11	20001	-2.44	-7.22	18.0	1.244	2.64	0.936	0.065	8.9	24.3	69.0	0	0
mcp1k	410008	receiver_type	20001-98044	3	11	11	98044	-5.04	-6.46	5.4	1.145	4.01	0.935	shower	11	11	20001	-7.22	-2.44	18.0	1.244	2.64	0.936	0.065	23.5	51.1	115.5	0	0
mcp1k	410008	receiver_type	20002-98044	3	11	11	98044	-5.04	-6.46	5.4	1.145	4.01	0.935	shower	11	11	20002	-7.22	-7.89	7.0	1.679	3.61	0.841	0.000	23.5	51.1	64.9	0	0
mcp1k	410008	receiver_type	20002-98044	3	11	11	98044	-5.04	-6.46	5.4	1.145	4.01	0.935	shower	11	11	20002	-7.89	-7.22	7.0	1.679	3.61	0.841	0.000	29.4	52.4	129.8	0	0
mcp1k	410008	receiver_type	20003-98044	3	11	11	98044	-5.04	-6.46	5.4	1.145	4.01	0.935	shower	11	11	20003	-7.22	-8.27	3.3	0.932	5.27	0.801	0.000	23.5	51.1	176.8	0	0
mcp1k	410008	receiver_type	20003-98044	3	11	11	98044	-5.04	-6.46	5.4	1.145	4.01	0.935	shower	11	11	20003	-8.27	-7.22	3.3	0.932	5.27	0.801	0.000	22.2	56.8	29.9	0	0
mcp1k	410008	receiver_type	20004-98044	3	11	11	98044	-5.04	-6.46	5.4	1.145	4.01	0.935	shower	11	11	20004	-6.64	-7.22	8.7	0.932	3.95	0.626	0.267	19.7	40.9	116.5	0	0
mcp1k	410008	receiver_type	20004-98044	3	11	11	98044	-5.04	-6.46	5.4	1.145	4.01	0.935	shower	11	11	20004	-7.22	-6.64	8.7	0.932	3.95	0.626	0.267	23.5	51.1	106.2	0	0
mcp1k	410008	receiver_type	88018-98044	3	11	11	98044	-5.04	-6.46	5.4	1.145	4.01	0.935	shower	11	11	88018	-6.11	-5.61	2.1	2.069	5.11	0.980	0.000	14.9	95.8	137.2	0	0
mcp1k	410008	receiver_type	88018-98044	3	11	11	98044	-5.04	-6.46	5.4	1.145	4.01	0.935	shower	11	11	88018	-5.61	-6.11	2.1	2.069	5.11	0.980	0.000	16.3	100.6	44.9	0	0
mcp1k	410008	receiver_type	97024-98044	3	11	11	98044	-5.04	-6.46	5.4	1.145	4.01	0.935	shower	11	11	97024	-4.97	-6.68	3.6	1.314	2.25	0.962	0.000	11.0	91.2	146.1	0	0
mcp1k	410008	receiver_type	97024-98044	3	11	11	98044	-5.04	-6.46	5.4	1.145	4.01	0.935	shower	11	11	97024	-6.68	-4.97	3.6	1.314	2.25	0.962	0.000	13.0	103.6	36.8	0	0
mcp1k	486247	receiver_type	18013-7002	2	11	11	18013	4.20	7.11	4.4	0.797	4.59	0.971	bare	-1	13	7002	-3.08	-32.22	46.8	1.450	1.17	0.989	0.000	15.0	104.3	97.0	0	0
mcp1k	486247	receiver_type	18013-7002	2	11	11	18013	7.11	4.20	4.4	0.797	4.59	0.971	bare	-1	13	7002	-3.08	-32.22	46.8	1.450	1.17	0.989	0.000	14.4	86.4	76.0	0	0
mcp1k	486247	receiver_type	18014-7002	2	11	11	18014	7.11	6.89	9.1	2.161	5.01	0.926	bare	-1	13	7002	-3.08	-32.22	46.8	1.450	1.17	0.989	0.000	14.4	131.6	135.8	0	0
mcp1k	486247	receiver_type	18014-7002	2	11	11	18014	6.89	7.11	9.1	2.161	5.01	0.926	bare	-1	13	7002	-3.08	-32.22	46.8	1.450	1.17	0.989	0.000	10.3	77.1	41.9	0	0
mcp1k	486247	receiver_type	36018-7002	2	11	13	36018	4.36	6.26	2.1	0.693	3.96	1.000	bare	-1	13	7002	-3.08	-32.22	46.8	1.450	1.17	0.989	0.000	23.8	78.8	70.4	0	0
mcp1k	486247	receiver_type	36018-7002	2	11	13	36018	6.26	4.36	2.1	0.693	3.96	1.000	bare	-1	13	7002	-3.08	-32.22	46.8	1.450	1.17	0.989	0.000	24.3	106.0	109.6	0	0
mcp1k	486907	receiver_type	22010-24003	0	11	11	24003	9.14	10.35	4.8	0.821	3.06	0.822	shower	11	11	22010	-6.75	-20.11	22.3	2.542	2.73	0.863	0.000	29.6	63.9	77.1	0	0
mcp1k	486907	receiver_type	24003-98058	0	11	11	24003	9.14	10.35	4.8	0.821	3.06	0.822	bare	-1	13	98058	2.24	13.55	26.6	1.215	1.23	0.983	0.000	54.3	97.4	50.5	0	0
mcp1k	486907	receiver_type	22010-24003	0	11	11	24003	10.35	9.14	4.8	0.821	3.06	0.822	shower	11	11	22010	-6.75	-20.11	22.3	2.542	2.73	0.863	0.000	31.7	126.2	91.4	0	0
mcp1k	486907	receiver_type	24003-98058	0	11	11	24003	10.35	9.14	4.8	0.821	3.06	0.822	bare	-1	13	98058	2.24	13.55	26.6	1.215	1.23	0.983	0.000	54.2	94.0	132.7	0	0
mcp1k	486907	receiver_type	22010-24004	0	11	11	24004	9.14	5.09	12.8	1.255	2.97	0.555	shower	11	11	22010	-6.75	-20.11	22.3	2.542	2.73	0.863	0.000	29.6	92.2	151.7	0	0
mcp1k	486907	receiver_type	24004-98058	0	11	11	24004	9.14	5.09	12.8	1.255	2.97	0.555	bare	-1	13	98058	2.24	13.55	26.6	1.215	1.23	0.983	0.000	54.3	77.4	55.0	0	0
mcp1k	486907	receiver_type	22010-24004	0	11	11	24004	5.09	9.14	12.8	1.255	2.97	0.555	shower	11	11	22010	-6.75	-20.11	22.3	2.542	2.73	0.863	0.000	33.0	136.9	24.1	0	0
mcp1k	486907	receiver_type	24004-98058	0	11	11	24004	5.09	9.14	12.8	1.255	2.97	0.555	bare	-1	13	98058	2.24	13.55	26.6	1.215	1.23	0.983	0.000	58.9	146.1	98.6	0	0
mcp1k	486907	receiver_type	22010-24006	0	11	11	24006	9.14	10.93	18.6	1.237	3.07	0.910	shower	11	11	22010	-6.75	-20.11	22.3	2.542	2.73	0.863	0.000	29.6	145.0	48.7	0	0
mcp1k	486907	receiver_type	24006-98058	0	11	11	24006	9.14	10.93	18.6	1.237	3.07	0.910	bare	-1	13	98058	2.24	13.55	26.6	1.215	1.23	0.983	0.000	54.3	139.1	101.2	0	0
mcp1k	486907	receiver_type	22010-24006	0	11	11	24006	10.93	9.14	18.6	1.237	3.07	0.910	shower	11	11	22010	-6.75	-20.11	22.3	2.542	2.73	0.863	0.000	19.6	76.3	144.4	0	0
mcp1k	486907	receiver_type	24006-98058	0	11	11	24006	10.93	9.14	18.6	1.237	3.07	0.910	bare	-1	13	98058	2.24	13.55	26.6	1.215	1.23	0.983	0.000	42.2	49.4	82.9	0	0
mcp1k	486907	receiver_type	22010-24007	0	11	11	24007	10.93	11.40	4.1	1.711	3.54	0.915	shower	11	11	22010	-6.75	-20.11	22.3	2.542	2.73	0.863	0.000	19.6	108.5	39.1	0	0
mcp1k	486907	receiver_type	24007-98058	0	11	11	24007	10.93	11.40	4.1	1.711	3.54	0.915	bare	-1	13	98058	2.24	13.55	26.6	1.215	1.23	0.983	0.000	42.2	134.7	92.9	0	0
mcp1k	486907	receiver_type	22010-24007	0	11	11	24007	11.40	10.93	4.1	1.711	3.54	0.915	shower	11	11	22010	-6.75	-20.11	22.3	2.542	2.73	0.863	0.000	18.8	85.3	139.6	0	0
mcp1k	486907	receiver_type	24007-98058	0	11	11	24007	11.40	10.93	4.1	1.711	3.54	0.915	bare	-1	13	98058	2.24	13.55	26.6	1.215	1.23	0.983	0.000	39.8	57.6	79.1	0	0
mcp1k	486907	receiver_type	22010-24008	0	11	11	24008	10.35	10.93	3.1	0.646	4.16	0.819	shower	11	11	22010	-6.75	-20.11	22.3	2.542	2.73	0.863	0.000	18.7	87.2	99.7	0	0
mcp1k	486907	receiver_type	24008-98058	0	11	11	24008	10.35	10.93	3.1	0.646	4.16	0.819	bare	-1	13	98058	2.24	13.55	26.6	1.215	1.23	0.983	0.000	42.1	104.0	41.0	0	0
mcp1k	486907	receiver_type	22010-24008	0	11	11	24008	10.93	10.35	3.1	0.646	4.16	0.819	shower	11	11	22010	-6.75	-20.11	22.3	2.542	2.73	0.863	0.000	19.6	126.1	81.2	0	0
mcp1k	486907	receiver_type	24008-98058	0	11	11	24008	10.93	10.35	3.1	0.646	4.16	0.819	bare	-1	13	98058	2.24	13.55	26.6	1.215	1.23	0.983	0.000	42.2	103.5	110.7	0	0
mcp1k	486907	receiver_type	22010-24003	1	11	11	22010	-6.75	-20.11	22.3	2.542	2.73	0.863	shower	11	11	24003	9.14	10.35	4.8	0.821	3.06	0.822	0.000	29.6	102.9	77.1	0	0
mcp1k	486907	receiver_type	22010-24003	1	11	11	22010	-6.75	-20.11	22.3	2.542	2.73	0.863	shower	11	11	24003	10.35	9.14	4.8	0.821	3.06	0.822	0.000	31.7	101.1	91.4	0	0
mcp1k	486907	receiver_type	22010-24004	1	11	11	22010	-6.75	-20.11	22.3	2.542	2.73	0.863	shower	11	11	24004	9.14	5.09	12.8	1.255	2.97	0.555	0.000	29.6	102.9	151.7	0	0
mcp1k	486907	receiver_type	22010-24004	1	11	11	22010	-6.75	-20.11	22.3	2.542	2.73	0.863	shower	11	11	24004	5.09	9.14	12.8	1.255	2.97	0.555	0.000	33.0	114.0	24.1	0	0
mcp1k	486907	receiver_type	22010-24006	1	11	11	22010	-6.75	-20.11	22.3	2.542	2.73	0.863	shower	11	11	24006	9.14	10.93	18.6	1.237	3.07	0.910	0.062	29.6	102.9	48.7	0	0
mcp1k	486907	receiver_type	22010-24006	1	11	11	22010	-6.75	-20.11	22.3	2.542	2.73	0.863	shower	11	11	24006	10.93	9.14	18.6	1.237	3.07	0.910	0.062	19.6	72.2	144.4	0	0
mcp1k	486907	receiver_type	22010-24007	1	11	11	22010	-6.75	-20.11	22.3	2.542	2.73	0.863	shower	11	11	24007	10.93	11.40	4.1	1.711	3.54	0.915	0.000	19.6	72.2	39.1	0	0
mcp1k	486907	receiver_type	22010-24007	1	11	11	22010	-6.75	-20.11	22.3	2.542	2.73	0.863	shower	11	11	24007	11.40	10.93	4.1	1.711	3.54	0.915	0.000	18.8	61.7	139.6	0	0
mcp1k	486907	receiver_type	22010-24008	1	11	11	22010	-6.75	-20.11	22.3	2.542	2.73	0.863	shower	11	11	24008	10.35	10.93	3.1	0.646	4.16	0.819	0.333	18.7	69.9	99.7	0	0
mcp1k	486907	receiver_type	22010-24008	1	11	11	22010	-6.75	-20.11	22.3	2.542	2.73	0.863	shower	11	11	24008	10.93	10.35	3.1	0.646	4.16	0.819	0.333	19.6	72.2	81.2	0	0
mcp1k	486907	receiver_type	22010-98058	1	11	11	22010	-6.75	-20.11	22.3	2.542	2.73	0.863	bare	-1	13	98058	2.24	13.55	26.6	1.215	1.23	0.983	0.000	35.4	40.6	82.1	0	0
mcp1k	487853	receiver_type	13001-45011	11	2212	2212	45011	10.09	21.43	19.5	3.287	1.95	0.980	bare	-1	13	13001	9.69	11.92	16.6	1.557	3.82	0.884	0.000	5.7	51.4	105.9	0	0
mcp1k	487853	receiver_type	13001-45011	11	2212	2212	45011	10.09	21.43	19.5	3.287	1.95	0.980	bare	-1	13	13001	11.92	9.69	16.6	1.557	3.82	0.884	0.000	17.7	95.8	62.8	0	0
mcp1k	487853	receiver_type	45011-47013	11	2212	2212	45011	10.09	21.43	19.5	3.287	1.95	0.980	shower	2212	2212	47013	10.05	10.05	2.1	1.791	4.54	1.000	0.000	8.9	49.7	81.1	0	0
mcp1k	487853	receiver_type	45011-47013	11	2212	2212	45011	10.09	21.43	19.5	3.287	1.95	0.980	shower	2212	2212	47013	10.05	10.05	2.1	1.791	4.54	1.000	0.000	8.1	41.5	98.9	0	0
mcp1k	487853	receiver_type	13015-45011	11	2212	2212	45011	10.09	21.43	19.5	3.287	1.95	0.980	shower	11	11	13015	10.89	11.92	18.3	0.457	2.26	0.518	0.161	25.4	81.6	102.3	0	0
mcp1k	487853	receiver_type	13015-45011	11	2212	2212	45011	10.09	21.43	19.5	3.287	1.95	0.980	shower	11	11	13015	11.92	10.89	18.3	0.457	2.26	0.518	0.161	17.7	95.8	19.5	0	0
mcp1k	487853	receiver_type	13001-47013	13	2212	2212	47013	10.05	10.05	2.1	1.791	4.54	1.000	bare	-1	13	13001	9.69	11.92	16.6	1.557	3.82	0.884	0.000	3.3	107.5	7.0	0	0
mcp1k	487853	receiver_type	13001-47013	13	2212	2212	47013	10.05	10.05	2.1	1.791	4.54	1.000	bare	-1	13	13001	11.92	9.69	16.6	1.557	3.82	0.884	0.000	14.5	23.3	161.1	0	0
mcp1k	487853	receiver_type	45011-47013	13	2212	2212	47013	10.05	10.05	2.1	1.791	4.54	1.000	shower	2212	2212	45011	10.09	21.43	19.5	3.287	1.95	0.980	0.000	8.9	118.1	81.1	0	0
mcp1k	487853	receiver_type	13015-47013	13	2212	2212	47013	10.05	10.05	2.1	1.791	4.54	1.000	shower	11	11	13015	10.89	11.92	18.3	0.457	2.26	0.518	0.161	19.4	5.9	151.5	0	0
mcp1k	487853	receiver_type	13015-47013	13	2212	2212	47013	10.05	10.05	2.1	1.791	4.54	1.000	shower	11	11	13015	11.92	10.89	18.3	0.457	2.26	0.518	0.161	14.5	23.3	86.6	0	0
mcp1k	487853	receiver_type	13001-47013	13	2212	2212	47013	10.05	10.05	2.1	1.791	4.54	1.000	bare	-1	13	13001	9.69	11.92	16.6	1.557	3.82	0.884	0.000	3.3	109.3	173.0	0	0
mcp1k	487853	receiver_type	13001-47013	13	2212	2212	47013	10.05	10.05	2.1	1.791	4.54	1.000	bare	-1	13	13001	11.92	9.69	16.6	1.557	3.82	0.884	0.000	16.4	159.6	18.9	0	0
mcp1k	487853	receiver_type	45011-47013	13	2212	2212	47013	10.05	10.05	2.1	1.791	4.54	1.000	shower	2212	2212	45011	10.09	21.43	19.5	3.287	1.95	0.980	0.000	8.1	75.0	98.9	0	0
mcp1k	487853	receiver_type	13015-47013	13	2212	2212	47013	10.05	10.05	2.1	1.791	4.54	1.000	shower	11	11	13015	10.89	11.92	18.3	0.457	2.26	0.518	0.161	21.5	174.6	28.5	0	0
mcp1k	487853	receiver_type	13015-47013	13	2212	2212	47013	10.05	10.05	2.1	1.791	4.54	1.000	shower	11	11	13015	11.92	10.89	18.3	0.457	2.26	0.518	0.161	16.4	159.6	93.4	0	0
mcp1k	487853	receiver_type	13001-13015	0	11	11	13015	10.89	11.92	18.3	0.457	2.26	0.518	bare	-1	13	13001	9.69	11.92	16.6	1.557	3.82	0.884	0.000	20.9	165.3	34.0	0	1
mcp1k	487853	receiver_type	13001-13015	0	11	11	13015	10.89	11.92	18.3	0.457	2.26	0.518	bare	-1	13	13001	11.92	9.69	16.6	1.557	3.82	0.884	0.000	9.5	156.1	138.2	0	1
mcp1k	487853	receiver_type	13015-45011	0	11	11	13015	10.89	11.92	18.3	0.457	2.26	0.518	shower	2212	2212	45011	10.09	21.43	19.5	3.287	1.95	0.980	0.000	25.4	173.7	102.3	0	0
mcp1k	487853	receiver_type	13015-47013	0	11	11	13015	10.89	11.92	18.3	0.457	2.26	0.518	shower	2212	2212	47013	10.05	10.05	2.1	1.791	4.54	1.000	0.000	19.4	157.0	151.5	0	0
mcp1k	487853	receiver_type	13015-47013	0	11	11	13015	10.89	11.92	18.3	0.457	2.26	0.518	shower	2212	2212	47013	10.05	10.05	2.1	1.791	4.54	1.000	0.000	21.5	156.5	28.5	0	0
mcp1k	487853	receiver_type	13001-13015	0	11	11	13015	11.92	10.89	18.3	0.457	2.26	0.518	bare	-1	13	13001	9.69	11.92	16.6	1.557	3.82	0.884	0.000	14.6	98.0	86.7	0	1
mcp1k	487853	receiver_type	13001-13015	0	11	11	13015	11.92	10.89	18.3	0.457	2.26	0.518	bare	-1	13	13001	11.92	9.69	16.6	1.557	3.82	0.884	0.000	0.0	181.0	103.0	0	1
mcp1k	487853	receiver_type	13015-45011	0	11	11	13015	11.92	10.89	18.3	0.457	2.26	0.518	shower	2212	2212	45011	10.09	21.43	19.5	3.287	1.95	0.980	0.000	17.7	81.3	19.5	0	0
mcp1k	487853	receiver_type	13015-47013	0	11	11	13015	11.92	10.89	18.3	0.457	2.26	0.518	shower	2212	2212	47013	10.05	10.05	2.1	1.791	4.54	1.000	0.000	14.5	109.9	86.6	0	0
mcp1k	487853	receiver_type	13015-47013	0	11	11	13015	11.92	10.89	18.3	0.457	2.26	0.518	shower	2212	2212	47013	10.05	10.05	2.1	1.791	4.54	1.000	0.000	16.4	107.0	93.4	0	0
mcp1k	489327	receiver_type	19007-27008	2	11	11	27008	0.79	0.50	9.5	1.708	10.06	0.938	bare	-1	13	19007	11.15	-86.03	392.7	1.159	1.53	0.961	0.000	119.2	168.2	49.9	0	0
mcp1k	489327	receiver_type	19007-27008	2	11	11	27008	0.50	0.79	9.5	1.708	10.06	0.938	bare	-1	13	19007	11.15	-86.03	392.7	1.159	1.53	0.961	0.000	110.4	9.8	133.0	0	0
mcp1k	492913	receiver_type	15000-32002	0	11	11	32002	3.47	2.75	5.2	1.357	1.79	0.979	bare	-1	13	15000	2.91	-4.22	50.1	1.151	1.87	0.936	0.000	8.8	26.3	11.5	0	0
mcp1k	492913	receiver_type	15000-32002	0	11	11	32002	3.47	2.75	5.2	1.357	1.79	0.979	bare	-1	13	15000	-4.22	2.91	50.1	1.151	1.87	0.936	0.000	55.2	15.0	165.3	0	0
mcp1k	492913	receiver_type	15000-32002	0	11	11	32002	2.75	3.47	5.2	1.357	1.79	0.979	bare	-1	13	15000	2.91	-4.22	50.1	1.151	1.87	0.936	0.000	13.5	160.2	159.3	0	0
mcp1k	492913	receiver_type	15000-32002	0	11	11	32002	2.75	3.47	5.2	1.357	1.79	0.979	bare	-1	13	15000	-4.22	2.91	50.1	1.151	1.87	0.936	0.000	60.1	158.7	22.8	0	0
mcp1k	52085	receiver_type	26008-6001	0	11	11	26008	7.83	8.66	10.7	1.766	5.68	0.906	bare	-1	2212	6001	-1.07	-18.45	35.2	2.880	1.59	0.992	0.000	88.2	160.6	123.5	0	0
mcp1k	52085	receiver_type	26008-6002	0	11	11	26008	7.83	8.66	10.7	1.766	5.68	0.906	bare	-1	13	6002	-1.07	81.83	104.5	1.366	0.91	0.993	0.000	88.2	160.6	63.1	0	0
mcp1k	52085	receiver_type	26008-6001	0	11	11	26008	8.66	7.83	10.7	1.766	5.68	0.906	bare	-1	2212	6001	-1.07	-18.45	35.2	2.880	1.59	0.992	0.000	78.8	10.9	61.0	0	0
mcp1k	52085	receiver_type	26008-6002	0	11	11	26008	8.66	7.83	10.7	1.766	5.68	0.906	bare	-1	13	6002	-1.07	81.83	104.5	1.366	0.91	0.993	0.000	78.8	10.9	118.8	0	0
mcp1k	53427	angle_gap	14004-14005	0	13	13	14004	7.86	-61.51	188.2	1.158	1.66	0.952	bare	-1	2212	14005	4.71	13.01	9.3	3.675	2.20	0.989	0.000	13.9	37.8	93.3	0	1
mcp1k	57661	receiver_type	23014-25016	1	11	11	23014	-4.70	-4.61	7.9	0.733	2.78	0.983	shower	11	11	25016	-4.30	-4.92	19.4	0.805	4.54	0.903	0.000	17.0	145.9	7.8	0	0
mcp1k	57661	receiver_type	23014-25016	1	11	11	23014	-4.70	-4.61	7.9	0.733	2.78	0.983	shower	11	11	25016	-4.92	-4.30	19.4	0.805	4.54	0.903	0.000	8.3	66.8	173.8	0	0
mcp1k	57661	receiver_type	23014-25017	1	11	11	23014	-4.70	-4.61	7.9	0.733	2.78	0.983	shower	11	11	25017	-4.92	-0.66	11.2	0.554	4.13	0.852	0.500	8.3	66.8	144.4	0	0
mcp1k	57661	receiver_type	23014-25017	1	11	11	23014	-4.70	-4.61	7.9	0.733	2.78	0.983	shower	11	11	25017	-0.66	-4.92	11.2	0.554	4.13	0.852	0.500	12.7	111.1	34.2	0	0
mcp1k	57661	receiver_type	23014-26018	1	11	11	23014	-4.70	-4.61	7.9	0.733	2.78	0.983	shower	11	11	26018	-3.92	-3.76	8.4	0.714	6.97	0.948	0.067	249.7	82.7	2.5	0	0
mcp1k	57661	receiver_type	23014-26018	1	11	11	23014	-4.70	-4.61	7.9	0.733	2.78	0.983	shower	11	11	26018	-3.76	-3.92	8.4	0.714	6.97	0.948	0.067	250.6	80.9	178.3	0	0
mcp1k	57661	receiver_type	105022-23014	1	11	11	23014	-4.70	-4.61	7.9	0.733	2.78	0.983	shower	11	11	105022	-6.09	-6.21	2.1	0.852	2.97	1.000	0.000	14.4	86.3	2.6	0	0
mcp1k	57661	receiver_type	105022-23014	1	11	11	23014	-4.70	-4.61	7.9	0.733	2.78	0.983	shower	11	11	105022	-6.21	-6.09	2.1	0.852	2.97	1.000	0.000	14.7	78.1	176.4	0	0
mcp1k	57661	receiver_type	106023-23014	1	11	11	23014	-4.70	-4.61	7.9	0.733	2.78	0.983	shower	11	11	106023	-9.79	-7.19	2.6	1.194	0.81	1.000	0.000	310.4	87.3	94.0	0	0
mcp1k	57661	receiver_type	106023-23014	1	11	11	23014	-4.70	-4.61	7.9	0.733	2.78	0.983	shower	11	11	106023	-7.19	-9.79	2.6	1.194	0.81	1.000	0.000	310.3	87.4	86.0	0	0
mcp1k	57661	receiver_type	107024-23014	1	11	11	23014	-4.70	-4.61	7.9	0.733	2.78	0.983	shower	11	11	107024	-5.49	-8.85	4.5	1.676	3.16	0.855	0.000	239.5	75.5	95.9	0	0
mcp1k	57661	receiver_type	107024-23014	1	11	11	23014	-4.70	-4.61	7.9	0.733	2.78	0.983	shower	11	11	107024	-8.85	-5.49	4.5	1.676	3.16	0.855	0.000	241.0	75.8	73.6	0	0
mcp1k	57661	receiver_type	23014-25016	1	11	11	23014	-4.61	-4.70	7.9	0.733	2.78	0.983	shower	11	11	25016	-4.30	-4.92	19.4	0.805	4.54	0.903	0.000	11.4	55.9	172.7	0	0
mcp1k	57661	receiver_type	23014-25016	1	11	11	23014	-4.61	-4.70	7.9	0.733	2.78	0.983	shower	11	11	25016	-4.92	-4.30	19.4	0.805	4.54	0.903	0.000	13.4	144.9	5.6	0	0
mcp1k	57661	receiver_type	23014-25017	1	11	11	23014	-4.61	-4.70	7.9	0.733	2.78	0.983	shower	11	11	25017	-4.92	-0.66	11.2	0.554	4.13	0.852	0.500	13.4	144.9	34.8	0	0
mcp1k	57661	receiver_type	23014-25017	1	11	11	23014	-4.61	-4.70	7.9	0.733	2.78	0.983	shower	11	11	25017	-0.66	-4.92	11.2	0.554	4.13	0.852	0.500	12.2	104.6	146.6	0	0
mcp1k	57661	receiver_type	23014-26018	1	11	11	23014	-4.61	-4.70	7.9	0.733	2.78	0.983	shower	11	11	26018	-3.92	-3.76	8.4	0.714	6.97	0.948	0.067	250.8	99.5	176.8	0	0
mcp1k	57661	receiver_type	23014-26018	1	11	11	23014	-4.61	-4.70	7.9	0.733	2.78	0.983	shower	11	11	26018	-3.76	-3.92	8.4	0.714	6.97	0.948	0.067	252.0	101.2	2.5	0	0
mcp1k	57661	receiver_type	105022-23014	1	11	11	23014	-4.61	-4.70	7.9	0.733	2.78	0.983	shower	11	11	105022	-6.09	-6.21	2.1	0.852	2.97	1.000	0.000	16.8	120.8	178.1	0	0
mcp1k	57661	receiver_type	105022-23014	1	11	11	23014	-4.61	-4.70	7.9	0.733	2.78	0.983	shower	11	11	105022	-6.21	-6.09	2.1	0.852	2.97	1.000	0.000	18.0	126.6	2.9	0	0
mcp1k	57661	receiver_type	106023-23014	1	11	11	23014	-4.61	-4.70	7.9	0.733	2.78	0.983	shower	11	11	106023	-9.79	-7.19	2.6	1.194	0.81	1.000	0.000	310.9	94.6	85.3	0	0
mcp1k	57661	receiver_type	106023-23014	1	11	11	23014	-4.61	-4.70	7.9	0.733	2.78	0.983	shower	11	11	106023	-7.19	-9.79	2.6	1.194	0.81	1.000	0.000	310.8	94.5	94.7	0	0
mcp1k	57661	receiver_type	107024-23014	1	11	11	23014	-4.61	-4.70	7.9	0.733	2.78	0.983	shower	11	11	107024	-5.49	-8.85	4.5	1.676	3.16	0.855	0.000	241.6	106.7	84.8	0	0
mcp1k	57661	receiver_type	107024-23014	1	11	11	23014	-4.61	-4.70	7.9	0.733	2.78	0.983	shower	11	11	107024	-8.85	-5.49	4.5	1.676	3.16	0.855	0.000	243.1	106.5	105.6	0	0
mcp1k	57661	receiver_type	23014-25016	2	11	11	25016	-4.30	-4.92	19.4	0.805	4.54	0.903	shower	11	11	23014	-4.70	-4.61	7.9	0.733	2.78	0.983	0.357	17.0	153.6	7.8	0	0
mcp1k	57661	receiver_type	23014-25016	2	11	11	25016	-4.30	-4.92	19.4	0.805	4.54	0.903	shower	11	11	23014	-4.61	-4.70	7.9	0.733	2.78	0.983	0.357	11.4	131.3	172.7	0	0
mcp1k	57661	receiver_type	25016-26018	2	11	11	25016	-4.30	-4.92	19.4	0.805	4.54	0.903	shower	11	11	26018	-3.92	-3.76	8.4	0.714	6.97	0.948	0.067	261.2	107.7	169.8	0	0
mcp1k	57661	receiver_type	25016-26018	2	11	11	25016	-4.30	-4.92	19.4	0.805	4.54	0.903	shower	11	11	26018	-3.76	-3.92	8.4	0.714	6.97	0.948	0.067	262.6	109.4	8.7	0	0
mcp1k	57661	receiver_type	103020-25016	2	11	11	25016	-4.30	-4.92	19.4	0.805	4.54	0.903	shower	11	13	103020	-9.41	-8.68	5.9	0.954	2.09	0.975	0.000	15.0	40.8	166.5	0	0
mcp1k	57661	receiver_type	103020-25016	2	11	11	25016	-4.30	-4.92	19.4	0.805	4.54	0.903	shower	11	13	103020	-8.68	-9.41	5.9	0.954	2.09	0.975	0.000	10.4	56.4	10.5	0	0
mcp1k	57661	receiver_type	106023-25016	2	11	11	25016	-4.30	-4.92	19.4	0.805	4.54	0.903	shower	11	11	106023	-9.79	-7.19	2.6	1.194	0.81	1.000	0.000	320.9	102.8	84.4	0	0
mcp1k	57661	receiver_type	106023-25016	2	11	11	25016	-4.30	-4.92	19.4	0.805	4.54	0.903	shower	11	11	106023	-7.19	-9.79	2.6	1.194	0.81	1.000	0.000	320.8	102.7	95.6	0	0
mcp1k	57661	receiver_type	107024-25016	2	11	11	25016	-4.30	-4.92	19.4	0.805	4.54	0.903	shower	11	11	107024	-5.49	-8.85	4.5	1.676	3.16	0.855	0.000	252.6	114.7	88.0	0	0
mcp1k	57661	receiver_type	107024-25016	2	11	11	25016	-4.30	-4.92	19.4	0.805	4.54	0.903	shower	11	11	107024	-8.85	-5.49	4.5	1.676	3.16	0.855	0.000	254.0	114.5	100.9	0	0
mcp1k	57661	receiver_type	23014-25016	2	11	11	25016	-4.92	-4.30	19.4	0.805	4.54	0.903	shower	11	11	23014	-4.70	-4.61	7.9	0.733	2.78	0.983	0.357	8.3	107.5	173.8	0	0
mcp1k	57661	receiver_type	23014-25016	2	11	11	25016	-4.92	-4.30	19.4	0.805	4.54	0.903	shower	11	11	23014	-4.61	-4.70	7.9	0.733	2.78	0.983	0.357	13.4	139.7	5.6	0	0
mcp1k	57661	receiver_type	25016-26018	2	11	11	25016	-4.92	-4.30	19.4	0.805	4.54	0.903	shower	11	11	26018	-3.92	-3.76	8.4	0.714	6.97	0.948	0.067	256.9	78.0	8.7	0	0
mcp1k	57661	receiver_type	25016-26018	2	11	11	25016	-4.92	-4.30	19.4	0.805	4.54	0.903	shower	11	11	26018	-3.76	-3.92	8.4	0.714	6.97	0.948	0.067	257.7	76.3	172.5	0	0
mcp1k	57661	receiver_type	103020-25016	2	11	11	25016	-4.92	-4.30	19.4	0.805	4.54	0.903	shower	11	13	103020	-9.41	-8.68	5.9	0.954	2.09	0.975	0.000	30.6	161.6	13.4	0	0
mcp1k	57661	receiver_type	103020-25016	2	11	11	25016	-4.92	-4.30	19.4	0.805	4.54	0.903	shower	11	13	103020	-8.68	-9.41	5.9	0.954	2.09	0.975	0.000	24.9	159.8	169.9	0	0
mcp1k	57661	receiver_type	106023-25016	2	11	11	25016	-4.92	-4.30	19.4	0.805	4.54	0.903	shower	11	11	106023	-9.79	-7.19	2.6	1.194	0.81	1.000	0.000	317.9	82.3	96.7	0	0
mcp1k	57661	receiver_type	106023-25016	2	11	11	25016	-4.92	-4.30	19.4	0.805	4.54	0.903	shower	11	11	106023	-7.19	-9.79	2.6	1.194	0.81	1.000	0.000	317.8	82.3	83.3	0	0
mcp1k	57661	receiver_type	107024-25016	2	11	11	25016	-4.92	-4.30	19.4	0.805	4.54	0.903	shower	11	11	107024	-5.49	-8.85	4.5	1.676	3.16	0.855	0.000	246.2	71.0	91.6	0	0
mcp1k	57661	receiver_type	107024-25016	2	11	11	25016	-4.92	-4.30	19.4	0.805	4.54	0.903	shower	11	11	107024	-8.85	-5.49	4.5	1.676	3.16	0.855	0.000	247.7	71.2	78.9	0	0
mcp1k	57661	receiver_type	23014-25017	2	11	11	25017	-4.92	-0.66	11.2	0.554	4.13	0.852	shower	11	11	23014	-4.70	-4.61	7.9	0.733	2.78	0.983	0.357	8.3	87.8	144.4	0	0
mcp1k	57661	receiver_type	23014-25017	2	11	11	25017	-4.92	-0.66	11.2	0.554	4.13	0.852	shower	11	11	23014	-4.61	-4.70	7.9	0.733	2.78	0.983	0.357	13.4	116.7	34.8	0	0
mcp1k	57661	receiver_type	25017-26018	2	11	11	25017	-4.92	-0.66	11.2	0.554	4.13	0.852	shower	11	11	26018	-3.92	-3.76	8.4	0.714	6.97	0.948	0.067	256.9	60.9	38.0	0	0
mcp1k	57661	receiver_type	25017-26018	2	11	11	25017	-4.92	-0.66	11.2	0.554	4.13	0.852	shower	11	11	26018	-3.76	-3.92	8.4	0.714	6.97	0.948	0.067	257.7	59.4	142.9	0	0
mcp1k	57661	receiver_type	103020-25017	2	11	11	25017	-4.92	-0.66	11.2	0.554	4.13	0.852	shower	11	13	103020	-9.41	-8.68	5.9	0.954	2.09	0.975	0.000	30.6	132.0	43.1	0	0
mcp1k	57661	receiver_type	103020-25017	2	11	11	25017	-4.92	-0.66	11.2	0.554	4.13	0.852	shower	11	13	103020	-8.68	-9.41	5.9	0.954	2.09	0.975	0.000	24.9	130.4	140.1	0	0
mcp1k	57661	receiver_type	106023-25017	2	11	11	25017	-4.92	-0.66	11.2	0.554	4.13	0.852	shower	11	11	106023	-9.79	-7.19	2.6	1.194	0.81	1.000	0.000	317.9	64.2	119.2	0	0
mcp1k	57661	receiver_type	106023-25017	2	11	11	25017	-4.92	-0.66	11.2	0.554	4.13	0.852	shower	11	11	106023	-7.19	-9.79	2.6	1.194	0.81	1.000	0.000	317.8	64.4	60.8	0	0
mcp1k	57661	receiver_type	107024-25017	2	11	11	25017	-4.92	-0.66	11.2	0.554	4.13	0.852	shower	11	11	107024	-5.49	-8.85	4.5	1.676	3.16	0.855	0.000	246.2	54.7	63.8	0	0
mcp1k	57661	receiver_type	107024-25017	2	11	11	25017	-4.92	-0.66	11.2	0.554	4.13	0.852	shower	11	11	107024	-8.85	-5.49	4.5	1.676	3.16	0.855	0.000	247.7	54.5	108.6	0	0
mcp1k	57661	receiver_type	23014-25017	2	11	11	25017	-0.66	-4.92	11.2	0.554	4.13	0.852	shower	11	11	23014	-4.70	-4.61	7.9	0.733	2.78	0.983	0.357	12.7	136.5	34.2	0	0
mcp1k	57661	receiver_type	23014-25017	2	11	11	25017	-0.66	-4.92	11.2	0.554	4.13	0.852	shower	11	11	23014	-4.61	-4.70	7.9	0.733	2.78	0.983	0.357	12.2	102.9	146.6	0	0
mcp1k	57661	receiver_type	25017-26018	2	11	11	25017	-0.66	-4.92	11.2	0.554	4.13	0.852	shower	11	11	26018	-3.92	-3.76	8.4	0.714	6.97	0.948	0.067	261.3	115.9	143.6	0	0
mcp1k	57661	receiver_type	25017-26018	2	11	11	25017	-0.66	-4.92	11.2	0.554	4.13	0.852	shower	11	11	26018	-3.76	-3.92	8.4	0.714	6.97	0.948	0.067	262.4	117.4	35.8	0	0
mcp1k	57661	receiver_type	103020-25017	2	11	11	25017	-0.66	-4.92	11.2	0.554	4.13	0.852	shower	11	13	103020	-9.41	-8.68	5.9	0.954	2.09	0.975	0.000	25.1	62.7	137.7	0	0
mcp1k	57661	receiver_type	103020-25017	2	11	11	25017	-0.66	-4.92	11.2	0.554	4.13	0.852	shower	11	13	103020	-8.68	-9.41	5.9	0.954	2.09	0.975	0.000	20.0	68.9	39.1	0	0
mcp1k	57661	receiver_type	106023-25017	2	11	11	25017	-0.66	-4.92	11.2	0.554	4.13	0.852	shower	11	11	106023	-9.79	-7.19	2.6	1.194	0.81	1.000	0.000	321.8	112.4	58.2	0	0
mcp1k	57661	receiver_type	106023-25017	2	11	11	25017	-0.66	-4.92	11.2	0.554	4.13	0.852	shower	11	11	106023	-7.19	-9.79	2.6	1.194	0.81	1.000	0.000	321.7	112.2	121.8	0	0
mcp1k	57661	receiver_type	107024-25017	2	11	11	25017	-0.66	-4.92	11.2	0.554	4.13	0.852	shower	11	11	107024	-5.49	-8.85	4.5	1.676	3.16	0.855	0.000	251.5	122.0	116.9	0	0
mcp1k	57661	receiver_type	107024-25017	2	11	11	25017	-0.66	-4.92	11.2	0.554	4.13	0.852	shower	11	11	107024	-8.85	-5.49	4.5	1.676	3.16	0.855	0.000	253.0	122.2	72.3	0	0
mcp1k	57661	receiver_type	23014-26018	4	11	11	26018	-3.92	-3.76	8.4	0.714	6.97	0.948	shower	11	11	23014	-4.70	-4.61	7.9	0.733	2.78	0.983	0.357	249.7	84.9	2.5	0	0
mcp1k	57661	receiver_type	23014-26018	4	11	11	26018	-3.92	-3.76	8.4	0.714	6.97	0.948	shower	11	11	23014	-4.61	-4.70	7.9	0.733	2.78	0.983	0.357	250.8	83.2	176.8	0	0
mcp1k	57661	receiver_type	25016-26018	4	11	11	26018	-3.92	-3.76	8.4	0.714	6.97	0.948	shower	11	11	25016	-4.30	-4.92	19.4	0.805	4.54	0.903	0.000	261.2	82.2	169.8	0	0
mcp1k	57661	receiver_type	25016-26018	4	11	11	26018	-3.92	-3.76	8.4	0.714	6.97	0.948	shower	11	11	25016	-4.92	-4.30	19.4	0.805	4.54	0.903	0.000	256.9	85.9	8.7	0	0
mcp1k	57661	receiver_type	25017-26018	4	11	11	26018	-3.92	-3.76	8.4	0.714	6.97	0.948	shower	11	11	25017	-4.92	-0.66	11.2	0.554	4.13	0.852	0.500	256.9	85.9	38.0	0	0
mcp1k	57661	receiver_type	25017-26018	4	11	11	26018	-3.92	-3.76	8.4	0.714	6.97	0.948	shower	11	11	25017	-0.66	-4.92	11.2	0.554	4.13	0.852	0.500	261.3	84.3	143.6	0	0
mcp1k	57661	receiver_type	103020-26018	4	11	11	26018	-3.92	-3.76	8.4	0.714	6.97	0.948	shower	11	13	103020	-9.41	-8.68	5.9	0.954	2.09	0.975	0.000	257.4	79.1	171.9	0	0
mcp1k	57661	receiver_type	103020-26018	4	11	11	26018	-3.92	-3.76	8.4	0.714	6.97	0.948	shower	11	13	103020	-8.68	-9.41	5.9	0.954	2.09	0.975	0.000	256.2	80.4	5.5	0	0
mcp1k	57661	receiver_type	105022-26018	4	11	11	26018	-3.92	-3.76	8.4	0.714	6.97	0.948	shower	11	11	105022	-6.09	-6.21	2.1	0.852	2.97	1.000	0.000	263.8	85.5	175.2	0	0
mcp1k	57661	receiver_type	105022-26018	4	11	11	26018	-3.92	-3.76	8.4	0.714	6.97	0.948	shower	11	11	105022	-6.21	-6.09	2.1	0.852	2.97	1.000	0.000	263.6	86.0	5.5	0	0
mcp1k	57661	receiver_type	106023-26018	4	11	11	26018	-3.92	-3.76	8.4	0.714	6.97	0.948	shower	11	11	106023	-9.79	-7.19	2.6	1.194	0.81	1.000	0.000	64.9	72.5	87.3	0	0
mcp1k	57661	receiver_type	106023-26018	4	11	11	26018	-3.92	-3.76	8.4	0.714	6.97	0.948	shower	11	11	106023	-7.19	-9.79	2.6	1.194	0.81	1.000	0.000	64.7	72.3	92.7	0	0
mcp1k	57661	receiver_type	107024-26018	4	11	11	26018	-3.92	-3.76	8.4	0.714	6.97	0.948	shower	11	11	107024	-5.49	-8.85	4.5	1.676	3.16	0.855	0.000	32.6	153.0	82.2	0	0
mcp1k	57661	receiver_type	107024-26018	4	11	11	26018	-3.92	-3.76	8.4	0.714	6.97	0.948	shower	11	11	107024	-8.85	-5.49	4.5	1.676	3.16	0.855	0.000	31.5	153.4	108.6	0	0
mcp1k	57661	receiver_type	23014-26018	4	11	11	26018	-3.76	-3.92	8.4	0.714	6.97	0.948	shower	11	11	23014	-4.70	-4.61	7.9	0.733	2.78	0.983	0.357	250.6	98.6	178.3	0	0
mcp1k	57661	receiver_type	23014-26018	4	11	11	26018	-3.76	-3.92	8.4	0.714	6.97	0.948	shower	11	11	23014	-4.61	-4.70	7.9	0.733	2.78	0.983	0.357	252.0	100.4	2.5	0	0
mcp1k	57661	receiver_type	25016-26018	4	11	11	26018	-3.76	-3.92	8.4	0.714	6.97	0.948	shower	11	11	25016	-4.30	-4.92	19.4	0.805	4.54	0.903	0.000	262.6	101.3	8.7	0	0
mcp1k	57661	receiver_type	25016-26018	4	11	11	26018	-3.76	-3.92	8.4	0.714	6.97	0.948	shower	11	11	25016	-4.92	-4.30	19.4	0.805	4.54	0.903	0.000	257.7	97.6	172.5	0	0
mcp1k	57661	receiver_type	25017-26018	4	11	11	26018	-3.76	-3.92	8.4	0.714	6.97	0.948	shower	11	11	25017	-4.92	-0.66	11.2	0.554	4.13	0.852	0.500	257.7	97.6	142.9	0	0
mcp1k	57661	receiver_type	25017-26018	4	11	11	26018	-3.76	-3.92	8.4	0.714	6.97	0.948	shower	11	11	25017	-0.66	-4.92	11.2	0.554	4.13	0.852	0.500	262.4	99.2	35.8	0	0
mcp1k	57661	receiver_type	103020-26018	4	11	11	26018	-3.76	-3.92	8.4	0.714	6.97	0.948	shower	11	13	103020	-9.41	-8.68	5.9	0.954	2.09	0.975	0.000	259.1	104.4	7.5	0	0
mcp1k	57661	receiver_type	103020-26018	4	11	11	26018	-3.76	-3.92	8.4	0.714	6.97	0.948	shower	11	13	103020	-8.68	-9.41	5.9	0.954	2.09	0.975	0.000	257.7	103.1	175.6	0	0
mcp1k	57661	receiver_type	105022-26018	4	11	11	26018	-3.76	-3.92	8.4	0.714	6.97	0.948	shower	11	11	105022	-6.09	-6.21	2.1	0.852	2.97	1.000	0.000	264.7	98.0	4.4	0	0
mcp1k	57661	receiver_type	105022-26018	4	11	11	26018	-3.76	-3.92	8.4	0.714	6.97	0.948	shower	11	11	105022	-6.21	-6.09	2.1	0.852	2.97	1.000	0.000	264.4	97.5	174.6	0	0
mcp1k	57661	receiver_type	106023-26018	4	11	11	26018	-3.76	-3.92	8.4	0.714	6.97	0.948	shower	11	11	106023	-9.79	-7.19	2.6	1.194	0.81	1.000	0.000	67.6	112.3	92.3	0	0
mcp1k	57661	receiver_type	106023-26018	4	11	11	26018	-3.76	-3.92	8.4	0.714	6.97	0.948	shower	11	11	106023	-7.19	-9.79	2.6	1.194	0.81	1.000	0.000	67.4	112.4	87.7	0	0
mcp1k	57661	receiver_type	107024-26018	4	11	11	26018	-3.76	-3.92	8.4	0.714	6.97	0.948	shower	11	11	107024	-5.49	-8.85	4.5	1.676	3.16	0.855	0.000	25.8	37.2	97.7	0	0
mcp1k	57661	receiver_type	107024-26018	4	11	11	26018	-3.76	-3.92	8.4	0.714	6.97	0.948	shower	11	11	107024	-8.85	-5.49	4.5	1.676	3.16	0.855	0.000	24.7	37.0	71.9	0	0
mcp1k	57661	receiver_type	103020-25016	1	11	13	103020	-9.41	-8.68	5.9	0.954	2.09	0.975	shower	11	11	25016	-4.30	-4.92	19.4	0.805	4.54	0.903	0.000	15.0	151.8	166.5	0	0
mcp1k	57661	receiver_type	103020-25016	1	11	13	103020	-9.41	-8.68	5.9	0.954	2.09	0.975	shower	11	11	25016	-4.92	-4.30	19.4	0.805	4.54	0.903	0.000	30.6	171.9	13.4	0	0
mcp1k	57661	receiver_type	103020-25017	1	11	13	103020	-9.41	-8.68	5.9	0.954	2.09	0.975	shower	11	11	25017	-4.92	-0.66	11.2	0.554	4.13	0.852	0.500	30.6	171.9	43.1	0	0
mcp1k	57661	receiver_type	103020-25017	1	11	13	103020	-9.41	-8.68	5.9	0.954	2.09	0.975	shower	11	11	25017	-0.66	-4.92	11.2	0.554	4.13	0.852	0.500	25.1	157.9	137.7	0	0
mcp1k	57661	receiver_type	103020-26018	1	11	13	103020	-9.41	-8.68	5.9	0.954	2.09	0.975	shower	11	11	26018	-3.92	-3.76	8.4	0.714	6.97	0.948	0.067	257.4	102.4	171.9	0	0
mcp1k	57661	receiver_type	103020-26018	1	11	13	103020	-9.41	-8.68	5.9	0.954	2.09	0.975	shower	11	11	26018	-3.76	-3.92	8.4	0.714	6.97	0.948	0.067	259.1	104.1	7.5	0	0
mcp1k	57661	receiver_type	103020-105022	1	11	13	103020	-9.41	-8.68	5.9	0.954	2.09	0.975	shower	11	11	105022	-6.09	-6.21	2.1	0.852	2.97	1.000	0.000	30.0	158.4	168.2	0	0
mcp1k	57661	receiver_type	103020-105022	1	11	13	103020	-9.41	-8.68	5.9	0.954	2.09	0.975	shower	11	11	105022	-6.21	-6.09	2.1	0.852	2.97	1.000	0.000	31.9	159.8	12.8	0	0
mcp1k	57661	receiver_type	103020-106023	1	11	13	103020	-9.41	-8.68	5.9	0.954	2.09	0.975	shower	11	11	106023	-9.79	-7.19	2.6	1.194	0.81	1.000	0.000	315.7	96.7	95.2	0	0
mcp1k	57661	receiver_type	103020-106023	1	11	13	103020	-9.41	-8.68	5.9	0.954	2.09	0.975	shower	11	11	106023	-7.19	-9.79	2.6	1.194	0.81	1.000	0.000	315.6	96.7	84.8	0	0
mcp1k	57661	receiver_type	103020-107024	1	11	13	103020	-9.41	-8.68	5.9	0.954	2.09	0.975	shower	11	11	107024	-5.49	-8.85	4.5	1.676	3.16	0.855	0.000	250.4	109.4	75.2	0	0
mcp1k	57661	receiver_type	103020-107024	1	11	13	103020	-9.41	-8.68	5.9	0.954	2.09	0.975	shower	11	11	107024	-8.85	-5.49	4.5	1.676	3.16	0.855	0.000	251.7	109.0	114.4	0	0
mcp1k	57661	receiver_type	103020-25016	1	11	13	103020	-8.68	-9.41	5.9	0.954	2.09	0.975	shower	11	11	25016	-4.30	-4.92	19.4	0.805	4.54	0.903	0.000	10.4	46.3	10.5	0	0
mcp1k	57661	receiver_type	103020-25016	1	11	13	103020	-8.68	-9.41	5.9	0.954	2.09	0.975	shower	11	11	25016	-4.92	-4.30	19.4	0.805	4.54	0.903	0.000	24.9	11.5	169.9	0	0
mcp1k	57661	receiver_type	103020-25017	1	11	13	103020	-8.68	-9.41	5.9	0.954	2.09	0.975	shower	11	11	25017	-4.92	-0.66	11.2	0.554	4.13	0.852	0.500	24.9	11.5	140.1	0	0
mcp1k	57661	receiver_type	103020-25017	1	11	13	103020	-8.68	-9.41	5.9	0.954	2.09	0.975	shower	11	11	25017	-0.66	-4.92	11.2	0.554	4.13	0.852	0.500	20.0	31.4	39.1	0	0
mcp1k	57661	receiver_type	103020-26018	1	11	13	103020	-8.68	-9.41	5.9	0.954	2.09	0.975	shower	11	11	26018	-3.92	-3.76	8.4	0.714	6.97	0.948	0.067	256.2	77.8	5.5	0	0
mcp1k	57661	receiver_type	103020-26018	1	11	13	103020	-8.68	-9.41	5.9	0.954	2.09	0.975	shower	11	11	26018	-3.76	-3.92	8.4	0.714	6.97	0.948	0.067	257.7	76.0	175.6	0	0
mcp1k	57661	receiver_type	103020-105022	1	11	13	103020	-8.68	-9.41	5.9	0.954	2.09	0.975	shower	11	11	105022	-6.09	-6.21	2.1	0.852	2.97	1.000	0.000	24.7	27.6	8.6	0	0
mcp1k	57661	receiver_type	103020-105022	1	11	13	103020	-8.68	-9.41	5.9	0.954	2.09	0.975	shower	11	11	105022	-6.21	-6.09	2.1	0.852	2.97	1.000	0.000	26.6	25.5	170.4	0	0
mcp1k	57661	receiver_type	103020-106023	1	11	13	103020	-8.68	-9.41	5.9	0.954	2.09	0.975	shower	11	11	106023	-9.79	-7.19	2.6	1.194	0.81	1.000	0.000	315.0	83.2	88.0	0	0
mcp1k	57661	receiver_type	103020-106023	1	11	13	103020	-8.68	-9.41	5.9	0.954	2.09	0.975	shower	11	11	106023	-7.19	-9.79	2.6	1.194	0.81	1.000	0.000	314.9	83.2	92.0	0	0
mcp1k	57661	receiver_type	103020-107024	1	11	13	103020	-8.68	-9.41	5.9	0.954	2.09	0.975	shower	11	11	107024	-5.49	-8.85	4.5	1.676	3.16	0.855	0.000	248.5	70.6	101.5	0	0
mcp1k	57661	receiver_type	103020-107024	1	11	13	103020	-8.68	-9.41	5.9	0.954	2.09	0.975	shower	11	11	107024	-8.85	-5.49	4.5	1.676	3.16	0.855	0.000	249.8	71.0	68.8	0	0
mcp1k	57661	receiver_type	105022-23014	2	11	11	105022	-6.09	-6.21	2.1	0.852	2.97	1.000	shower	11	11	23014	-4.70	-4.61	7.9	0.733	2.78	0.983	0.357	14.4	86.8	2.6	0	0
mcp1k	57661	receiver_type	105022-23014	2	11	11	105022	-6.09	-6.21	2.1	0.852	2.97	1.000	shower	11	11	23014	-4.61	-4.70	7.9	0.733	2.78	0.983	0.357	16.8	59.3	178.1	0	0
mcp1k	57661	receiver_type	105022-26018	2	11	11	105022	-6.09	-6.21	2.1	0.852	2.97	1.000	shower	11	11	26018	-3.92	-3.76	8.4	0.714	6.97	0.948	0.067	263.8	97.4	175.2	0	0
mcp1k	57661	receiver_type	105022-26018	2	11	11	105022	-6.09	-6.21	2.1	0.852	2.97	1.000	shower	11	11	26018	-3.76	-3.92	8.4	0.714	6.97	0.948	0.067	264.7	99.1	4.4	0	0
mcp1k	57661	receiver_type	103020-105022	2	11	11	105022	-6.09	-6.21	2.1	0.852	2.97	1.000	shower	11	13	103020	-9.41	-8.68	5.9	0.954	2.09	0.975	0.000	30.0	24.9	168.2	0	0
mcp1k	57661	receiver_type	103020-105022	2	11	11	105022	-6.09	-6.21	2.1	0.852	2.97	1.000	shower	11	13	103020	-8.68	-9.41	5.9	0.954	2.09	0.975	0.000	24.7	29.5	8.6	0	0
mcp1k	57661	receiver_type	105022-106023	2	11	11	105022	-6.09	-6.21	2.1	0.852	2.97	1.000	shower	11	11	106023	-9.79	-7.19	2.6	1.194	0.81	1.000	0.000	324.7	93.2	83.5	0	0
mcp1k	57661	receiver_type	105022-106023	2	11	11	105022	-6.09	-6.21	2.1	0.852	2.97	1.000	shower	11	11	106023	-7.19	-9.79	2.6	1.194	0.81	1.000	0.000	324.6	93.1	96.5	0	0
mcp1k	57661	receiver_type	105022-107024	2	11	11	105022	-6.09	-6.21	2.1	0.852	2.97	1.000	shower	11	11	107024	-5.49	-8.85	4.5	1.676	3.16	0.855	0.000	253.2	104.2	86.7	0	0
mcp1k	57661	receiver_type	105022-107024	2	11	11	105022	-6.09	-6.21	2.1	0.852	2.97	1.000	shower	11	11	107024	-8.85	-5.49	4.5	1.676	3.16	0.855	0.000	254.7	104.0	103.9	0	0
mcp1k	57661	receiver_type	105022-23014	2	11	11	105022	-6.21	-6.09	2.1	0.852	2.97	1.000	shower	11	11	23014	-4.70	-4.61	7.9	0.733	2.78	0.983	0.357	14.7	101.6	176.4	0	0
mcp1k	57661	receiver_type	105022-23014	2	11	11	105022	-6.21	-6.09	2.1	0.852	2.97	1.000	shower	11	11	23014	-4.61	-4.70	7.9	0.733	2.78	0.983	0.357	18.0	126.6	2.9	0	0
mcp1k	57661	receiver_type	105022-26018	2	11	11	105022	-6.21	-6.09	2.1	0.852	2.97	1.000	shower	11	11	26018	-3.92	-3.76	8.4	0.714	6.97	0.948	0.067	263.6	83.2	5.5	0	0
mcp1k	57661	receiver_type	105022-26018	2	11	11	105022	-6.21	-6.09	2.1	0.852	2.97	1.000	shower	11	11	26018	-3.76	-3.92	8.4	0.714	6.97	0.948	0.067	264.4	81.5	174.6	0	0
mcp1k	57661	receiver_type	103020-105022	2	11	11	105022	-6.21	-6.09	2.1	0.852	2.97	1.000	shower	11	13	103020	-9.41	-8.68	5.9	0.954	2.09	0.975	0.000	31.9	156.4	12.8	0	0
mcp1k	57661	receiver_type	103020-105022	2	11	11	105022	-6.21	-6.09	2.1	0.852	2.97	1.000	shower	11	13	103020	-8.68	-9.41	5.9	0.954	2.09	0.975	0.000	26.6	152.5	170.4	0	0
mcp1k	57661	receiver_type	105022-106023	2	11	11	105022	-6.21	-6.09	2.1	0.852	2.97	1.000	shower	11	11	106023	-9.79	-7.19	2.6	1.194	0.81	1.000	0.000	324.5	87.3	97.5	0	0
mcp1k	57661	receiver_type	105022-106023	2	11	11	105022	-6.21	-6.09	2.1	0.852	2.97	1.000	shower	11	11	106023	-7.19	-9.79	2.6	1.194	0.81	1.000	0.000	324.4	87.3	82.5	0	0
mcp1k	57661	receiver_type	105022-107024	2	11	11	105022	-6.21	-6.09	2.1	0.852	2.97	1.000	shower	11	11	107024	-5.49	-8.85	4.5	1.676	3.16	0.855	0.000	252.7	76.4	92.4	0	0
mcp1k	57661	receiver_type	105022-107024	2	11	11	105022	-6.21	-6.09	2.1	0.852	2.97	1.000	shower	11	11	107024	-8.85	-5.49	4.5	1.676	3.16	0.855	0.000	254.2	76.6	76.9	0	0
mcp1k	57661	receiver_type	106023-23014	3	11	11	106023	-9.79	-7.19	2.6	1.194	0.81	1.000	shower	11	11	23014	-4.70	-4.61	7.9	0.733	2.78	0.983	0.357	310.4	92.7	94.0	0	0
mcp1k	57661	receiver_type	106023-23014	3	11	11	106023	-9.79	-7.19	2.6	1.194	0.81	1.000	shower	11	11	23014	-4.61	-4.70	7.9	0.733	2.78	0.983	0.357	310.9	92.8	85.3	0	0
mcp1k	57661	receiver_type	106023-25016	3	11	11	106023	-9.79	-7.19	2.6	1.194	0.81	1.000	shower	11	11	25016	-4.30	-4.92	19.4	0.805	4.54	0.903	0.000	320.9	92.9	84.4	0	0
mcp1k	57661	receiver_type	106023-25016	3	11	11	106023	-9.79	-7.19	2.6	1.194	0.81	1.000	shower	11	11	25016	-4.92	-4.30	19.4	0.805	4.54	0.903	0.000	317.9	92.6	96.7	0	0
mcp1k	57661	receiver_type	106023-25017	3	11	11	106023	-9.79	-7.19	2.6	1.194	0.81	1.000	shower	11	11	25017	-4.92	-0.66	11.2	0.554	4.13	0.852	0.500	317.9	92.6	119.2	0	0
mcp1k	57661	receiver_type	106023-25017	3	11	11	106023	-9.79	-7.19	2.6	1.194	0.81	1.000	shower	11	11	25017	-0.66	-4.92	11.2	0.554	4.13	0.852	0.500	321.8	93.4	58.2	0	0
mcp1k	57661	receiver_type	106023-26018	3	11	11	106023	-9.79	-7.19	2.6	1.194	0.81	1.000	shower	11	11	26018	-3.92	-3.76	8.4	0.714	6.97	0.948	0.067	64.9	95.7	87.3	0	0
mcp1k	57661	receiver_type	106023-26018	3	11	11	106023	-9.79	-7.19	2.6	1.194	0.81	1.000	shower	11	11	26018	-3.76	-3.92	8.4	0.714	6.97	0.948	0.067	67.6	95.2	92.3	0	0
mcp1k	57661	receiver_type	103020-106023	3	11	11	106023	-9.79	-7.19	2.6	1.194	0.81	1.000	shower	11	13	103020	-9.41	-8.68	5.9	0.954	2.09	0.975	0.000	315.7	92.1	95.2	0	0
mcp1k	57661	receiver_type	103020-106023	3	11	11	106023	-9.79	-7.19	2.6	1.194	0.81	1.000	shower	11	13	103020	-8.68	-9.41	5.9	0.954	2.09	0.975	0.000	315.0	92.2	88.0	0	0
mcp1k	57661	receiver_type	105022-106023	3	11	11	106023	-9.79	-7.19	2.6	1.194	0.81	1.000	shower	11	11	105022	-6.09	-6.21	2.1	0.852	2.97	1.000	0.000	324.7	92.4	83.5	0	0
mcp1k	57661	receiver_type	105022-106023	3	11	11	106023	-9.79	-7.19	2.6	1.194	0.81	1.000	shower	11	11	105022	-6.21	-6.09	2.1	0.852	2.97	1.000	0.000	324.5	92.3	97.5	0	0
mcp1k	57661	receiver_type	106023-107024	3	11	11	106023	-9.79	-7.19	2.6	1.194	0.81	1.000	shower	11	11	107024	-5.49	-8.85	4.5	1.676	3.16	0.855	0.000	90.5	92.2	19.9	0	0
mcp1k	57661	receiver_type	106023-107024	3	11	11	106023	-9.79	-7.19	2.6	1.194	0.81	1.000	shower	11	11	107024	-8.85	-5.49	4.5	1.676	3.16	0.855	0.000	88.6	90.1	142.5	0	0
mcp1k	57661	receiver_type	106023-23014	3	11	11	106023	-7.19	-9.79	2.6	1.194	0.81	1.000	shower	11	11	23014	-4.70	-4.61	7.9	0.733	2.78	0.983	0.357	310.3	87.8	86.0	0	0
mcp1k	57661	receiver_type	106023-23014	3	11	11	106023	-7.19	-9.79	2.6	1.194	0.81	1.000	shower	11	11	23014	-4.61	-4.70	7.9	0.733	2.78	0.983	0.357	310.8	87.7	94.7	0	0
mcp1k	57661	receiver_type	106023-25016	3	11	11	106023	-7.19	-9.79	2.6	1.194	0.81	1.000	shower	11	11	25016	-4.30	-4.92	19.4	0.805	4.54	0.903	0.000	320.8	87.6	95.6	0	0
mcp1k	57661	receiver_type	106023-25016	3	11	11	106023	-7.19	-9.79	2.6	1.194	0.81	1.000	shower	11	11	25016	-4.92	-4.30	19.4	0.805	4.54	0.903	0.000	317.8	87.9	83.3	0	0
mcp1k	57661	receiver_type	106023-25017	3	11	11	106023	-7.19	-9.79	2.6	1.194	0.81	1.000	shower	11	11	25017	-4.92	-0.66	11.2	0.554	4.13	0.852	0.500	317.8	87.9	60.8	0	0
mcp1k	57661	receiver_type	106023-25017	3	11	11	106023	-7.19	-9.79	2.6	1.194	0.81	1.000	shower	11	11	25017	-0.66	-4.92	11.2	0.554	4.13	0.852	0.500	321.7	87.0	121.8	0	0
mcp1k	57661	receiver_type	106023-26018	3	11	11	106023	-7.19	-9.79	2.6	1.194	0.81	1.000	shower	11	11	26018	-3.92	-3.76	8.4	0.714	6.97	0.948	0.067	64.7	86.6	92.7	0	0
mcp1k	57661	receiver_type	106023-26018	3	11	11	106023	-7.19	-9.79	2.6	1.194	0.81	1.000	shower	11	11	26018	-3.76	-3.92	8.4	0.714	6.97	0.948	0.067	67.4	87.0	87.7	0	0
mcp1k	57661	receiver_type	103020-106023	3	11	11	106023	-7.19	-9.79	2.6	1.194	0.81	1.000	shower	11	13	103020	-9.41	-8.68	5.9	0.954	2.09	0.975	0.000	315.6	88.4	84.8	0	0
mcp1k	57661	receiver_type	103020-106023	3	11	11	106023	-7.19	-9.79	2.6	1.194	0.81	1.000	shower	11	13	103020	-8.68	-9.41	5.9	0.954	2.09	0.975	0.000	314.9	88.3	92.0	0	0
mcp1k	57661	receiver_type	105022-106023	3	11	11	106023	-7.19	-9.79	2.6	1.194	0.81	1.000	shower	11	11	105022	-6.09	-6.21	2.1	0.852	2.97	1.000	0.000	324.6	88.1	96.5	0	0
mcp1k	57661	receiver_type	105022-106023	3	11	11	106023	-7.19	-9.79	2.6	1.194	0.81	1.000	shower	11	11	105022	-6.21	-6.09	2.1	0.852	2.97	1.000	0.000	324.4	88.1	82.5	0	0
mcp1k	57661	receiver_type	106023-107024	3	11	11	106023	-7.19	-9.79	2.6	1.194	0.81	1.000	shower	11	11	107024	-5.49	-8.85	4.5	1.676	3.16	0.855	0.000	90.5	89.4	160.1	0	0
mcp1k	57661	receiver_type	106023-107024	3	11	11	106023	-7.19	-9.79	2.6	1.194	0.81	1.000	shower	11	11	107024	-8.85	-5.49	4.5	1.676	3.16	0.855	0.000	88.6	91.6	37.5	0	0
mcp1k	57661	receiver_type	107024-23014	0	11	11	107024	-5.49	-8.85	4.5	1.676	3.16	0.855	shower	11	11	23014	-4.70	-4.61	7.9	0.733	2.78	0.983	0.357	239.5	73.3	95.9	0	0
mcp1k	57661	receiver_type	107024-23014	0	11	11	107024	-5.49	-8.85	4.5	1.676	3.16	0.855	shower	11	11	23014	-4.61	-4.70	7.9	0.733	2.78	0.983	0.357	241.6	73.7	84.8	0	0
mcp1k	57661	receiver_type	107024-25016	0	11	11	107024	-5.49	-8.85	4.5	1.676	3.16	0.855	shower	11	11	25016	-4.30	-4.92	19.4	0.805	4.54	0.903	0.000	252.6	73.8	88.0	0	0
mcp1k	57661	receiver_type	107024-25016	0	11	11	107024	-5.49	-8.85	4.5	1.676	3.16	0.855	shower	11	11	25016	-4.92	-4.30	19.4	0.805	4.54	0.903	0.000	246.2	73.2	91.6	0	0
mcp1k	57661	receiver_type	107024-25017	0	11	11	107024	-5.49	-8.85	4.5	1.676	3.16	0.855	shower	11	11	25017	-4.92	-0.66	11.2	0.554	4.13	0.852	0.500	246.2	73.2	63.8	0	0
mcp1k	57661	receiver_type	107024-25017	0	11	11	107024	-5.49	-8.85	4.5	1.676	3.16	0.855	shower	11	11	25017	-0.66	-4.92	11.2	0.554	4.13	0.852	0.500	251.5	72.5	116.9	0	0
mcp1k	57661	receiver_type	107024-26018	0	11	11	107024	-5.49	-8.85	4.5	1.676	3.16	0.855	shower	11	11	26018	-3.92	-3.76	8.4	0.714	6.97	0.948	0.067	32.6	101.8	82.2	0	0
mcp1k	57661	receiver_type	107024-26018	0	11	11	107024	-5.49	-8.85	4.5	1.676	3.16	0.855	shower	11	11	26018	-3.76	-3.92	8.4	0.714	6.97	0.948	0.067	25.8	102.5	97.7	0	0
mcp1k	57661	receiver_type	103020-107024	0	11	11	107024	-5.49	-8.85	4.5	1.676	3.16	0.855	shower	11	13	103020	-9.41	-8.68	5.9	0.954	2.09	0.975	0.000	250.4	75.6	75.2	0	0
mcp1k	57661	receiver_type	103020-107024	0	11	11	107024	-5.49	-8.85	4.5	1.676	3.16	0.855	shower	11	13	103020	-8.68	-9.41	5.9	0.954	2.09	0.975	0.000	248.5	75.2	101.5	0	0
mcp1k	57661	receiver_type	105022-107024	0	11	11	107024	-5.49	-8.85	4.5	1.676	3.16	0.855	shower	11	11	105022	-6.09	-6.21	2.1	0.852	2.97	1.000	0.000	253.2	73.5	86.7	0	0
mcp1k	57661	receiver_type	105022-107024	0	11	11	107024	-5.49	-8.85	4.5	1.676	3.16	0.855	shower	11	11	105022	-6.21	-6.09	2.1	0.852	2.97	1.000	0.000	252.7	73.4	92.4	0	0
mcp1k	57661	receiver_type	106023-107024	0	11	11	107024	-5.49	-8.85	4.5	1.676	3.16	0.855	shower	11	11	106023	-9.79	-7.19	2.6	1.194	0.81	1.000	0.000	90.5	112.1	19.9	0	0
mcp1k	57661	receiver_type	106023-107024	0	11	11	107024	-5.49	-8.85	4.5	1.676	3.16	0.855	shower	11	11	106023	-7.19	-9.79	2.6	1.194	0.81	1.000	0.000	90.5	110.5	160.1	0	0
mcp1k	57661	receiver_type	107024-23014	0	11	11	107024	-8.85	-5.49	4.5	1.676	3.16	0.855	shower	11	11	23014	-4.70	-4.61	7.9	0.733	2.78	0.983	0.357	241.0	117.1	73.6	0	0
mcp1k	57661	receiver_type	107024-23014	0	11	11	107024	-8.85	-5.49	4.5	1.676	3.16	0.855	shower	11	11	23014	-4.61	-4.70	7.9	0.733	2.78	0.983	0.357	243.1	116.3	105.6	0	0
mcp1k	57661	receiver_type	107024-25016	0	11	11	107024	-8.85	-5.49	4.5	1.676	3.16	0.855	shower	11	11	25016	-4.30	-4.92	19.4	0.805	4.54	0.903	0.000	254.0	115.9	100.9	0	0
mcp1k	57661	receiver_type	107024-25016	0	11	11	107024	-8.85	-5.49	4.5	1.676	3.16	0.855	shower	11	11	25016	-4.92	-4.30	19.4	0.805	4.54	0.903	0.000	247.7	117.5	78.9	0	0
mcp1k	57661	receiver_type	107024-25017	0	11	11	107024	-8.85	-5.49	4.5	1.676	3.16	0.855	shower	11	11	25017	-4.92	-0.66	11.2	0.554	4.13	0.852	0.500	247.7	117.5	108.6	0	0
mcp1k	57661	receiver_type	107024-25017	0	11	11	107024	-8.85	-5.49	4.5	1.676	3.16	0.855	shower	11	11	25017	-0.66	-4.92	11.2	0.554	4.13	0.852	0.500	253.0	117.7	72.3	0	0
mcp1k	57661	receiver_type	107024-26018	0	11	11	107024	-8.85	-5.49	4.5	1.676	3.16	0.855	shower	11	11	26018	-3.92	-3.76	8.4	0.714	6.97	0.948	0.067	31.5	68.6	108.6	0	0
mcp1k	57661	receiver_type	107024-26018	0	11	11	107024	-8.85	-5.49	4.5	1.676	3.16	0.855	shower	11	11	26018	-3.76	-3.92	8.4	0.714	6.97	0.948	0.067	24.7	68.7	71.9	0	0
mcp1k	57661	receiver_type	103020-107024	0	11	11	107024	-8.85	-5.49	4.5	1.676	3.16	0.855	shower	11	13	103020	-9.41	-8.68	5.9	0.954	2.09	0.975	0.000	251.7	113.4	114.4	0	0
mcp1k	57661	receiver_type	103020-107024	0	11	11	107024	-8.85	-5.49	4.5	1.676	3.16	0.855	shower	11	13	103020	-8.68	-9.41	5.9	0.954	2.09	0.975	0.000	249.8	114.1	68.8	0	0
mcp1k	57661	receiver_type	105022-107024	0	11	11	107024	-8.85	-5.49	4.5	1.676	3.16	0.855	shower	11	11	105022	-6.09	-6.21	2.1	0.852	2.97	1.000	0.000	254.7	117.2	103.9	0	0
mcp1k	57661	receiver_type	105022-107024	0	11	11	107024	-8.85	-5.49	4.5	1.676	3.16	0.855	shower	11	11	105022	-6.21	-6.09	2.1	0.852	2.97	1.000	0.000	254.2	117.4	76.9	0	0
mcp1k	57661	receiver_type	106023-107024	0	11	11	107024	-8.85	-5.49	4.5	1.676	3.16	0.855	shower	11	11	106023	-9.79	-7.19	2.6	1.194	0.81	1.000	0.000	88.6	52.4	142.5	0	0
mcp1k	57661	receiver_type	106023-107024	0	11	11	107024	-8.85	-5.49	4.5	1.676	3.16	0.855	shower	11	11	106023	-7.19	-9.79	2.6	1.194	0.81	1.000	0.000	88.6	54.1	37.5	0	0
mcp1k	59085	receiver_type	3005-3007	0	11	11	3007	-9.06	-10.19	5.2	2.288	4.55	0.900	bare	-1	11	3005	-7.09	-5.87	2.1	0.670	5.74	0.939	0.000	18.5	8.4	123.7	0	1
mcp1k	59085	receiver_type	3005-3007	0	11	11	3007	-9.06	-10.19	5.2	2.288	4.55	0.900	bare	-1	11	3005	-5.87	-7.09	2.1	0.670	5.74	0.939	0.000	17.3	4.2	62.7	0	1
mcp1k	59085	receiver_type	3006-3007	0	11	11	3007	-9.06	-10.19	5.2	2.288	4.55	0.900	bare	-1	13	3006	-5.87	-9.06	18.2	1.166	3.04	0.953	0.000	17.3	4.2	172.5	0	1
mcp1k	59085	receiver_type	3006-3007	0	11	11	3007	-9.06	-10.19	5.2	2.288	4.55	0.900	bare	-1	13	3006	-9.06	-5.87	18.2	1.166	3.04	0.953	0.000	0.0	181.0	4.0	0	1
mcp1k	59085	receiver_type	3005-3007	0	11	11	3007	-10.19	-9.06	5.2	2.288	4.55	0.900	bare	-1	11	3005	-7.09	-5.87	2.1	0.670	5.74	0.939	0.000	23.1	168.2	61.9	0	1
mcp1k	59085	receiver_type	3005-3007	0	11	11	3007	-10.19	-9.06	5.2	2.288	4.55	0.900	bare	-1	11	3005	-5.87	-7.09	2.1	0.670	5.74	0.939	0.000	22.0	171.2	114.6	0	1
mcp1k	59085	receiver_type	3006-3007	0	11	11	3007	-10.19	-9.06	5.2	2.288	4.55	0.900	bare	-1	13	3006	-5.87	-9.06	18.2	1.166	3.04	0.953	0.000	22.0	171.2	13.3	0	1
mcp1k	59085	receiver_type	3006-3007	0	11	11	3007	-10.19	-9.06	5.2	2.288	4.55	0.900	bare	-1	13	3006	-9.06	-5.87	18.2	1.166	3.04	0.953	0.000	4.7	174.3	173.3	0	1
mcp1k	59085	receiver_type	3005-3008	0	11	11	3008	-9.06	-10.83	4.8	0.609	4.04	0.842	bare	-1	11	3005	-7.09	-5.87	2.1	0.670	5.74	0.939	0.000	18.5	87.5	47.5	0	1
mcp1k	59085	receiver_type	3005-3008	0	11	11	3008	-9.06	-10.83	4.8	0.609	4.04	0.842	bare	-1	11	3005	-5.87	-7.09	2.1	0.670	5.74	0.939	0.000	17.3	83.2	127.1	0	1
mcp1k	59085	receiver_type	3006-3008	0	11	11	3008	-9.06	-10.83	4.8	0.609	4.04	0.842	bare	-1	13	3006	-5.87	-9.06	18.2	1.166	3.04	0.953	0.000	17.3	83.2	92.8	0	1
mcp1k	59085	receiver_type	3006-3008	0	11	11	3008	-9.06	-10.83	4.8	0.609	4.04	0.842	bare	-1	13	3006	-9.06	-5.87	18.2	1.166	3.04	0.953	0.000	0.0	181.0	79.3	0	1
mcp1k	59085	receiver_type	3005-3008	0	11	11	3008	-10.83	-9.06	4.8	0.609	4.04	0.842	bare	-1	11	3005	-7.09	-5.87	2.1	0.670	5.74	0.939	0.000	19.2	107.6	122.8	0	1
mcp1k	59085	receiver_type	3005-3008	0	11	11	3008	-10.83	-9.06	4.8	0.609	4.04	0.842	bare	-1	11	3005	-5.87	-7.09	2.1	0.670	5.74	0.939	0.000	18.3	111.5	65.8	0	1
mcp1k	59085	receiver_type	3006-3008	0	11	11	3008	-10.83	-9.06	4.8	0.609	4.04	0.842	bare	-1	13	3006	-5.87	-9.06	18.2	1.166	3.04	0.953	0.000	18.3	111.5	84.4	0	1
mcp1k	59085	receiver_type	3006-3008	0	11	11	3008	-10.83	-9.06	4.8	0.609	4.04	0.842	bare	-1	13	3006	-9.06	-5.87	18.2	1.166	3.04	0.953	0.000	4.0	171.6	102.4	0	1
mcp1k	73004	receiver_type	15006-15020	0	11	11	15006	-10.99	-11.78	9.7	1.437	3.00	0.958	bare	-1	13	15020	-11.78	-82.50	97.8	1.253	1.20	0.950	0.000	9.3	177.4	78.1	0	1
mcp1k	73004	receiver_type	15006-15020	0	11	11	15006	-11.78	-10.99	9.7	1.437	3.00	0.958	bare	-1	13	15020	-11.78	-82.50	97.8	1.253	1.20	0.950	0.000	0.0	181.0	103.7	0	1
mcp1k	73004	receiver_type	15007-15020	0	11	11	15007	-10.99	-11.87	13.3	0.502	8.28	0.956	bare	-1	13	15020	-11.78	-82.50	97.8	1.253	1.20	0.950	0.000	9.3	147.1	65.5	0	1
mcp1k	73004	receiver_type	15007-15020	0	11	11	15007	-11.87	-10.99	13.3	0.502	8.28	0.956	bare	-1	13	15020	-11.78	-82.50	97.8	1.253	1.20	0.950	0.000	7.2	134.8	112.4	0	1
mcp1k	73004	receiver_type	15008-15020	0	11	11	15008	-10.99	-12.49	12.9	1.628	3.42	0.935	bare	-1	13	15020	-11.78	-82.50	97.8	1.253	1.20	0.950	0.000	9.3	9.3	109.2	0	1
mcp1k	73004	receiver_type	15010-15020	0	11	11	15010	-10.85	-12.49	16.7	0.282	1.76	0.866	bare	-1	13	15020	-11.78	-82.50	97.8	1.253	1.20	0.950	0.000	11.5	70.5	96.0	0	1
mcp2k	101554	receiver_type	13004-67009	2	11	11	67009	-2.06	-2.91	2.4	0.751	4.61	1.000	bare	-1	211	13004	9.33	-19.52	45.9	1.501	3.68	0.956	0.000	17.8	117.7	61.8	0	0
mcp2k	101554	receiver_type	13004-67009	2	11	11	67009	-2.91	-2.06	2.4	0.751	4.61	1.000	bare	-1	211	13004	9.33	-19.52	45.9	1.501	3.68	0.956	0.000	16.9	69.4	118.2	0	0
mcp2k	168448	receiver_type	23002-64010	0	11	11	64010	-4.24	-15.31	15.5	1.238	1.64	0.957	bare	-1	13	23002	3.44	61.22	75.1	1.370	1.00	0.983	0.000	11.2	10.5	8.4	0	0
mcp2k	169724	receiver_type	12001-12002	3	2212	2212	12001	-1.15	-9.69	9.4	2.238	1.00	0.994	bare	-1	13	12002	-9.69	-25.68	17.5	1.650	1.27	0.988	0.000	9.4	178.1	171.9	0	1
mcp2k	169724	receiver_type	12001-12003	3	2212	2212	12001	-1.15	-9.69	9.4	2.238	1.00	0.994	bare	-1	2212	12003	-9.69	-19.35	10.7	3.288	1.66	0.992	0.000	9.4	178.1	131.9	0	1
mcp2k	169724	receiver_type	12001-59009	3	2212	2212	12001	-1.15	-9.69	9.4	2.238	1.00	0.994	bare	-1	13	59009	-10.23	16.51	30.1	2.121	1.06	0.984	0.000	10.7	172.4	9.9	0	0
mcp2k	169724	receiver_type	12001-12002	3	2212	2212	12001	-9.69	-1.15	9.4	2.238	1.00	0.994	bare	-1	13	12002	-9.69	-25.68	17.5	1.650	1.27	0.988	0.000	0.0	181.0	5.8	0	1
mcp2k	169724	receiver_type	12001-12003	3	2212	2212	12001	-9.69	-1.15	9.4	2.238	1.00	0.994	bare	-1	2212	12003	-9.69	-19.35	10.7	3.288	1.66	0.992	0.000	0.0	181.0	46.5	0	1
mcp2k	169724	receiver_type	12001-59009	3	2212	2212	12001	-9.69	-1.15	9.4	2.238	1.00	0.994	bare	-1	13	59009	-10.23	16.51	30.1	2.121	1.06	0.984	0.000	2.0	50.5	169.2	0	0
mcp2k	170651	receiver_type	27005-9000	0	11	11	27005	8.30	6.77	2.1	0.850	7.00	1.000	bare	-1	13	9000	1.69	173.57	234.4	1.234	1.04	0.985	0.000	11.5	126.4	23.7	0	0
mcp2k	170651	receiver_type	27005-9000	0	11	11	27005	6.77	8.30	2.1	0.850	7.00	1.000	bare	-1	13	9000	1.69	173.57	234.4	1.234	1.04	0.985	0.000	10.4	63.2	156.3	0	0
mcp2k	171729	receiver_type	9001-9007	2	11	11	9007	-3.27	-2.50	2.5	0.695	4.21	0.987	bare	-1	211	9001	-9.00	22.32	164.9	1.180	1.65	0.937	0.000	13.0	115.4	168.0	0	1
mcp2k	171729	receiver_type	9007-9008	2	11	11	9007	-3.27	-2.50	2.5	0.695	4.21	0.987	bare	-1	2212	9008	-9.00	-10.78	6.0	4.403	2.05	0.995	0.000	13.0	115.4	124.8	0	1
mcp2k	171729	receiver_type	9007-9008	2	11	11	9007	-3.27	-2.50	2.5	0.695	4.21	0.987	bare	-1	2212	9008	-10.78	-9.00	6.0	4.403	2.05	0.995	0.000	15.2	126.3	55.8	0	1
mcp2k	171729	receiver_type	22019-9007	2	11	11	9007	-3.27	-2.50	2.5	0.695	4.21	0.987	shower	11	11	22019	-0.88	-1.31	3.2	0.513	4.67	0.990	0.167	61.8	97.3	70.0	0	0
mcp2k	171729	receiver_type	22019-9007	2	11	11	9007	-3.27	-2.50	2.5	0.695	4.21	0.987	shower	11	11	22019	-1.31	-0.88	3.2	0.513	4.67	0.990	0.167	58.7	96.7	108.1	0	0
mcp2k	171729	receiver_type	24023-9007	2	11	11	9007	-3.27	-2.50	2.5	0.695	4.21	0.987	shower	11	11	24023	-4.80	-5.44	11.8	0.367	3.65	0.846	0.190	44.2	105.3	78.9	0	0
mcp2k	171729	receiver_type	24023-9007	2	11	11	9007	-3.27	-2.50	2.5	0.695	4.21	0.987	shower	11	11	24023	-5.44	-4.80	11.8	0.367	3.65	0.846	0.190	34.3	105.8	105.4	0	0
mcp2k	171729	receiver_type	24024-9007	2	11	11	9007	-3.27	-2.50	2.5	0.695	4.21	0.987	shower	11	11	24024	-4.80	-6.51	10.7	1.284	3.87	0.877	0.000	44.2	105.3	99.9	0	0
mcp2k	171729	receiver_type	24024-9007	2	11	11	9007	-3.27	-2.50	2.5	0.695	4.21	0.987	shower	11	11	24024	-6.51	-4.80	10.7	1.284	3.87	0.877	0.000	36.2	110.1	90.7	0	0
mcp2k	171729	receiver_type	9001-9007	2	11	11	9007	-2.50	-3.27	2.5	0.695	4.21	0.987	bare	-1	211	9001	-9.00	22.32	164.9	1.180	1.65	0.937	0.000	12.1	67.8	8.3	0	1
mcp2k	171729	receiver_type	9007-9008	2	11	11	9007	-2.50	-3.27	2.5	0.695	4.21	0.987	bare	-1	2212	9008	-9.00	-10.78	6.0	4.403	2.05	0.995	0.000	12.1	67.8	58.5	0	1
mcp2k	171729	receiver_type	9007-9008	2	11	11	9007	-2.50	-3.27	2.5	0.695	4.21	0.987	bare	-1	2212	9008	-10.78	-9.00	6.0	4.403	2.05	0.995	0.000	13.8	56.3	121.0	0	1
mcp2k	171729	receiver_type	22019-9007	2	11	11	9007	-2.50	-3.27	2.5	0.695	4.21	0.987	shower	11	11	22019	-0.88	-1.31	3.2	0.513	4.67	0.990	0.167	61.4	78.3	116.2	0	0
mcp2k	171729	receiver_type	22019-9007	2	11	11	9007	-2.50	-3.27	2.5	0.695	4.21	0.987	shower	11	11	22019	-1.31	-0.88	3.2	0.513	4.67	0.990	0.167	58.3	79.1	65.3	0	0
mcp2k	171729	receiver_type	24023-9007	2	11	11	9007	-2.50	-3.27	2.5	0.695	4.21	0.987	shower	11	11	24023	-4.80	-5.44	11.8	0.367	3.65	0.846	0.190	43.5	70.8	107.5	0	0
mcp2k	171729	receiver_type	24023-9007	2	11	11	9007	-2.50	-3.27	2.5	0.695	4.21	0.987	shower	11	11	24023	-5.44	-4.80	11.8	0.367	3.65	0.846	0.190	33.6	71.1	67.9	0	0
mcp2k	171729	receiver_type	24024-9007	2	11	11	9007	-2.50	-3.27	2.5	0.695	4.21	0.987	shower	11	11	24024	-4.80	-6.51	10.7	1.284	3.87	0.877	0.000	43.5	70.8	86.1	0	0
mcp2k	171729	receiver_type	24024-9007	2	11	11	9007	-2.50	-3.27	2.5	0.695	4.21	0.987	shower	11	11	24024	-6.51	-4.80	10.7	1.284	3.87	0.877	0.000	35.3	66.4	83.9	0	0
mcp2k	171729	receiver_type	9001-9013	2	11	11	9013	-2.85	-3.27	5.4	0.552	3.97	0.560	bare	-1	211	9001	-9.00	22.32	164.9	1.180	1.65	0.937	0.000	16.0	140.9	163.8	0	1
mcp2k	171729	receiver_type	9008-9013	2	11	11	9013	-2.85	-3.27	5.4	0.552	3.97	0.560	bare	-1	2212	9008	-9.00	-10.78	6.0	4.403	2.05	0.995	0.000	16.0	140.9	114.9	0	1
mcp2k	171729	receiver_type	9008-9013	2	11	11	9013	-2.85	-3.27	5.4	0.552	3.97	0.560	bare	-1	2212	9008	-10.78	-9.00	6.0	4.403	2.05	0.995	0.000	17.7	147.0	65.5	0	1
mcp2k	171729	receiver_type	22019-9013	2	11	11	9013	-2.85	-3.27	5.4	0.552	3.97	0.560	shower	11	11	22019	-0.88	-1.31	3.2	0.513	4.67	0.990	0.167	64.4	118.6	52.0	0	0
mcp2k	171729	receiver_type	22019-9013	2	11	11	9013	-2.85	-3.27	5.4	0.552	3.97	0.560	shower	11	11	22019	-1.31	-0.88	3.2	0.513	4.67	0.990	0.167	61.3	118.1	128.0	0	0
mcp2k	171729	receiver_type	24023-9013	2	11	11	9013	-2.85	-3.27	5.4	0.552	3.97	0.560	shower	11	11	24023	-4.80	-5.44	11.8	0.367	3.65	0.846	0.190	47.0	128.0	59.8	0	0
mcp2k	171729	receiver_type	24023-9013	2	11	11	9013	-2.85	-3.27	5.4	0.552	3.97	0.560	shower	11	11	24023	-5.44	-4.80	11.8	0.367	3.65	0.846	0.190	37.2	129.2	125.9	0	0
mcp2k	171729	receiver_type	24024-9013	2	11	11	9013	-2.85	-3.27	5.4	0.552	3.97	0.560	shower	11	11	24024	-4.80	-6.51	10.7	1.284	3.87	0.877	0.000	47.0	128.0	82.0	0	0
mcp2k	171729	receiver_type	24024-9013	2	11	11	9013	-2.85	-3.27	5.4	0.552	3.97	0.560	shower	11	11	24024	-6.51	-4.80	10.7	1.284	3.87	0.877	0.000	39.2	133.6	106.1	0	0
mcp2k	171729	receiver_type	9001-9013	2	11	11	9013	-3.27	-2.85	5.4	0.552	3.97	0.560	bare	-1	211	9001	-9.00	22.32	164.9	1.180	1.65	0.937	0.000	13.0	32.5	80.2	0	1
mcp2k	171729	receiver_type	9008-9013	2	11	11	9013	-3.27	-2.85	5.4	0.552	3.97	0.560	bare	-1	2212	9008	-9.00	-10.78	6.0	4.403	2.05	0.995	0.000	13.0	32.5	113.2	0	1
mcp2k	171729	receiver_type	9008-9013	2	11	11	9013	-3.27	-2.85	5.4	0.552	3.97	0.560	bare	-1	2212	9008	-10.78	-9.00	6.0	4.403	2.05	0.995	0.000	15.2	55.1	67.0	0	1
mcp2k	171729	receiver_type	22019-9013	2	11	11	9013	-3.27	-2.85	5.4	0.552	3.97	0.560	shower	11	11	22019	-0.88	-1.31	3.2	0.513	4.67	0.990	0.167	61.8	20.3	149.9	0	0
mcp2k	171729	receiver_type	22019-9013	2	11	11	9013	-3.27	-2.85	5.4	0.552	3.97	0.560	shower	11	11	22019	-1.31	-0.88	3.2	0.513	4.67	0.990	0.167	58.7	20.1	23.9	0	0
mcp2k	171729	receiver_type	24023-9013	2	11	11	9013	-3.27	-2.85	5.4	0.552	3.97	0.560	shower	11	11	24023	-4.80	-5.44	11.8	0.367	3.65	0.846	0.190	44.2	17.7	156.2	0	0
mcp2k	171729	receiver_type	24023-9013	2	11	11	9013	-3.27	-2.85	5.4	0.552	3.97	0.560	shower	11	11	24023	-5.44	-4.80	11.8	0.367	3.65	0.846	0.190	34.3	16.8	20.7	0	0
mcp2k	171729	receiver_type	24024-9013	2	11	11	9013	-3.27	-2.85	5.4	0.552	3.97	0.560	shower	11	11	24024	-4.80	-6.51	10.7	1.284	3.87	0.877	0.000	44.2	17.7	147.8	0	0
mcp2k	171729	receiver_type	24024-9013	2	11	11	9013	-3.27	-2.85	5.4	0.552	3.97	0.560	shower	11	11	24024	-6.51	-4.80	10.7	1.284	3.87	0.877	0.000	36.2	19.0	36.5	0	0
mcp2k	171729	receiver_type	22019-9001	3	11	11	22019	-0.88	-1.31	3.2	0.513	4.67	0.990	bare	-1	211	9001	-9.00	22.32	164.9	1.180	1.65	0.937	0.000	53.4	162.1	67.3	0	0
mcp2k	171729	receiver_type	22019-9007	3	11	11	22019	-0.88	-1.31	3.2	0.513	4.67	0.990	shower	11	11	9007	-3.27	-2.50	2.5	0.695	4.21	0.987	0.000	61.8	166.4	70.0	0	0
mcp2k	171729	receiver_type	22019-9007	3	11	11	22019	-0.88	-1.31	3.2	0.513	4.67	0.990	shower	11	11	9007	-2.50	-3.27	2.5	0.695	4.21	0.987	0.000	61.4	164.3	116.2	0	0
mcp2k	171729	receiver_type	22019-9008	3	11	11	22019	-0.88	-1.31	3.2	0.513	4.67	0.990	bare	-1	2212	9008	-9.00	-10.78	6.0	4.403	2.05	0.995	0.000	53.4	162.1	116.1	0	0
mcp2k	171729	receiver_type	22019-9008	3	11	11	22019	-0.88	-1.31	3.2	0.513	4.67	0.990	bare	-1	2212	9008	-10.78	-9.00	6.0	4.403	2.05	0.995	0.000	57.6	158.1	63.7	0	0
mcp2k	171729	receiver_type	22019-9013	3	11	11	22019	-0.88	-1.31	3.2	0.513	4.67	0.990	shower	11	11	9013	-2.85	-3.27	5.4	0.552	3.97	0.560	0.000	64.4	167.1	52.0	0	0
mcp2k	171729	receiver_type	22019-9013	3	11	11	22019	-0.88	-1.31	3.2	0.513	4.67	0.990	shower	11	11	9013	-3.27	-2.85	5.4	0.552	3.97	0.560	0.000	61.8	166.4	149.9	0	0
mcp2k	171729	receiver_type	22019-9032	3	11	11	22019	-0.88	-1.31	3.2	0.513	4.67	0.990	shower	11	11	9032	-9.00	-3.27	16.0	1.483	4.10	0.813	0.000	53.4	162.1	134.1	0	0
mcp2k	171729	receiver_type	22019-9032	3	11	11	22019	-0.88	-1.31	3.2	0.513	4.67	0.990	shower	11	11	9032	-3.27	-9.00	16.0	1.483	4.10	0.813	0.000	61.8	166.4	44.0	0	0
mcp2k	171729	receiver_type	22019-9001	3	11	11	22019	-1.31	-0.88	3.2	0.513	4.67	0.990	bare	-1	211	9001	-9.00	22.32	164.9	1.180	1.65	0.937	0.000	50.4	19.7	112.2	0	0
mcp2k	171729	receiver_type	22019-9007	3	11	11	22019	-1.31	-0.88	3.2	0.513	4.67	0.990	shower	11	11	9007	-3.27	-2.50	2.5	0.695	4.21	0.987	0.000	58.7	11.5	108.1	0	0
mcp2k	171729	receiver_type	22019-9007	3	11	11	22019	-1.31	-0.88	3.2	0.513	4.67	0.990	shower	11	11	9007	-2.50	-3.27	2.5	0.695	4.21	0.987	0.000	58.3	13.8	65.3	0	0
mcp2k	171729	receiver_type	22019-9008	3	11	11	22019	-1.31	-0.88	3.2	0.513	4.67	0.990	bare	-1	2212	9008	-9.00	-10.78	6.0	4.403	2.05	0.995	0.000	50.4	19.7	65.9	0	0
mcp2k	171729	receiver_type	22019-9008	3	11	11	22019	-1.31	-0.88	3.2	0.513	4.67	0.990	bare	-1	2212	9008	-10.78	-9.00	6.0	4.403	2.05	0.995	0.000	54.7	24.2	114.2	0	0
mcp2k	171729	receiver_type	22019-9013	3	11	11	22019	-1.31	-0.88	3.2	0.513	4.67	0.990	shower	11	11	9013	-2.85	-3.27	5.4	0.552	3.97	0.560	0.000	61.3	10.1	128.0	0	0
mcp2k	171729	receiver_type	22019-9013	3	11	11	22019	-1.31	-0.88	3.2	0.513	4.67	0.990	shower	11	11	9013	-3.27	-2.85	5.4	0.552	3.97	0.560	0.000	58.7	11.5	23.9	0	0
mcp2k	171729	receiver_type	22019-9032	3	11	11	22019	-1.31	-0.88	3.2	0.513	4.67	0.990	shower	11	11	9032	-9.00	-3.27	16.0	1.483	4.10	0.813	0.000	50.4	19.7	40.8	0	0
mcp2k	171729	receiver_type	22019-9032	3	11	11	22019	-1.31	-0.88	3.2	0.513	4.67	0.990	shower	11	11	9032	-3.27	-9.00	16.0	1.483	4.10	0.813	0.000	58.7	11.5	141.9	0	0
mcp2k	171729	receiver_type	24023-9001	3	11	11	24023	-4.80	-5.44	11.8	0.367	3.65	0.846	bare	-1	211	9001	-9.00	22.32	164.9	1.180	1.65	0.937	0.000	34.3	178.1	75.5	0	0
mcp2k	171729	receiver_type	24023-9007	3	11	11	24023	-4.80	-5.44	11.8	0.367	3.65	0.846	shower	11	11	9007	-3.27	-2.50	2.5	0.695	4.21	0.987	0.000	44.2	169.3	78.9	0	0
mcp2k	171729	receiver_type	24023-9007	3	11	11	24023	-4.80	-5.44	11.8	0.367	3.65	0.846	shower	11	11	9007	-2.50	-3.27	2.5	0.695	4.21	0.987	0.000	43.5	170.1	107.5	0	0
mcp2k	171729	receiver_type	24023-9008	3	11	11	24023	-4.80	-5.44	11.8	0.367	3.65	0.846	bare	-1	2212	9008	-9.00	-10.78	6.0	4.403	2.05	0.995	0.000	34.3	178.1	122.1	0	0
mcp2k	171729	receiver_type	24023-9008	3	11	11	24023	-4.80	-5.44	11.8	0.367	3.65	0.846	bare	-1	2212	9008	-10.78	-9.00	6.0	4.403	2.05	0.995	0.000	38.0	170.8	57.8	0	0
mcp2k	171729	receiver_type	24023-9013	3	11	11	24023	-4.80	-5.44	11.8	0.367	3.65	0.846	shower	11	11	9013	-2.85	-3.27	5.4	0.552	3.97	0.560	0.000	47.0	168.1	59.8	0	0
mcp2k	171729	receiver_type	24023-9013	3	11	11	24023	-4.80	-5.44	11.8	0.367	3.65	0.846	shower	11	11	9013	-3.27	-2.85	5.4	0.552	3.97	0.560	0.000	44.2	169.3	156.2	0	0
mcp2k	171729	receiver_type	24023-9032	3	11	11	24023	-4.80	-5.44	11.8	0.367	3.65	0.846	shower	11	11	9032	-9.00	-3.27	16.0	1.483	4.10	0.813	0.000	34.3	178.1	132.5	0	0
mcp2k	171729	receiver_type	24023-9032	3	11	11	24023	-4.80	-5.44	11.8	0.367	3.65	0.846	shower	11	11	9032	-3.27	-9.00	16.0	1.483	4.10	0.813	0.000	44.2	169.3	43.8	0	0
mcp2k	171729	receiver_type	24023-9001	3	11	11	24023	-5.44	-4.80	11.8	0.367	3.65	0.846	bare	-1	211	9001	-9.00	22.32	164.9	1.180	1.65	0.937	0.000	24.4	11.4	109.9	0	0
mcp2k	171729	receiver_type	24023-9007	3	11	11	24023	-5.44	-4.80	11.8	0.367	3.65	0.846	shower	11	11	9007	-3.27	-2.50	2.5	0.695	4.21	0.987	0.000	34.3	5.9	105.4	0	0
mcp2k	171729	receiver_type	24023-9007	3	11	11	24023	-5.44	-4.80	11.8	0.367	3.65	0.846	shower	11	11	9007	-2.50	-3.27	2.5	0.695	4.21	0.987	0.000	33.6	6.9	67.9	0	0
mcp2k	171729	receiver_type	24023-9008	3	11	11	24023	-5.44	-4.80	11.8	0.367	3.65	0.846	bare	-1	2212	9008	-9.00	-10.78	6.0	4.403	2.05	0.995	0.000	24.4	11.4	64.8	0	0
mcp2k	171729	receiver_type	24023-9008	3	11	11	24023	-5.44	-4.80	11.8	0.367	3.65	0.846	bare	-1	2212	9008	-10.78	-9.00	6.0	4.403	2.05	0.995	0.000	28.3	20.8	115.2	0	0
mcp2k	171729	receiver_type	24023-9013	3	11	11	24023	-5.44	-4.80	11.8	0.367	3.65	0.846	shower	11	11	9013	-2.85	-3.27	5.4	0.552	3.97	0.560	0.000	37.2	7.1	125.9	0	0
mcp2k	171729	receiver_type	24023-9013	3	11	11	24023	-5.44	-4.80	11.8	0.367	3.65	0.846	shower	11	11	9013	-3.27	-2.85	5.4	0.552	3.97	0.560	0.000	34.3	5.9	20.7	0	0
mcp2k	171729	receiver_type	24023-9032	3	11	11	24023	-5.44	-4.80	11.8	0.367	3.65	0.846	shower	11	11	9032	-9.00	-3.27	16.0	1.483	4.10	0.813	0.000	24.4	11.4	40.3	0	0
mcp2k	171729	receiver_type	24023-9032	3	11	11	24023	-5.44	-4.80	11.8	0.367	3.65	0.846	shower	11	11	9032	-3.27	-9.00	16.0	1.483	4.10	0.813	0.000	34.3	5.9	143.0	0	0
mcp2k	171729	receiver_type	24024-9001	3	11	11	24024	-4.80	-6.51	10.7	1.284	3.87	0.877	bare	-1	211	9001	-9.00	22.32	164.9	1.180	1.65	0.937	0.000	34.3	159.1	97.6	0	0
mcp2k	171729	receiver_type	24024-9007	3	11	11	24024	-4.80	-6.51	10.7	1.284	3.87	0.877	shower	11	11	9007	-3.27	-2.50	2.5	0.695	4.21	0.987	0.000	44.2	149.3	99.9	0	0
mcp2k	171729	receiver_type	24024-9007	3	11	11	24024	-4.80	-6.51	10.7	1.284	3.87	0.877	shower	11	11	9007	-2.50	-3.27	2.5	0.695	4.21	0.987	0.000	43.5	151.7	86.1	0	0
mcp2k	171729	receiver_type	24024-9008	3	11	11	24024	-4.80	-6.51	10.7	1.284	3.87	0.877	bare	-1	2212	9008	-9.00	-10.78	6.0	4.403	2.05	0.995	0.000	34.3	159.1	143.3	0	0
mcp2k	171729	receiver_type	24024-9008	3	11	11	24024	-4.80	-6.51	10.7	1.284	3.87	0.877	bare	-1	2212	9008	-10.78	-9.00	6.0	4.403	2.05	0.995	0.000	38.0	166.0	36.7	0	0
mcp2k	171729	receiver_type	24024-9013	3	11	11	24024	-4.80	-6.51	10.7	1.284	3.87	0.877	shower	11	11	9013	-2.85	-3.27	5.4	0.552	3.97	0.560	0.000	47.0	147.9	82.0	0	0
mcp2k	171729	receiver_type	24024-9013	3	11	11	24024	-4.80	-6.51	10.7	1.284	3.87	0.877	shower	11	11	9013	-3.27	-2.85	5.4	0.552	3.97	0.560	0.000	44.2	149.3	147.8	0	0
mcp2k	171729	receiver_type	24024-9032	3	11	11	24024	-4.80	-6.51	10.7	1.284	3.87	0.877	shower	11	11	9032	-9.00	-3.27	16.0	1.483	4.10	0.813	0.000	34.3	159.1	114.2	0	0
mcp2k	171729	receiver_type	24024-9032	3	11	11	24024	-4.80	-6.51	10.7	1.284	3.87	0.877	shower	11	11	9032	-3.27	-9.00	16.0	1.483	4.10	0.813	0.000	44.2	149.3	59.9	0	0
mcp2k	171729	receiver_type	24024-9001	3	11	11	24024	-6.51	-4.80	10.7	1.284	3.87	0.877	bare	-1	211	9001	-9.00	22.32	164.9	1.180	1.65	0.937	0.000	25.5	21.7	91.4	0	0
mcp2k	171729	receiver_type	24024-9007	3	11	11	24024	-6.51	-4.80	10.7	1.284	3.87	0.877	shower	11	11	9007	-3.27	-2.50	2.5	0.695	4.21	0.987	0.000	36.2	35.1	90.7	0	0
mcp2k	171729	receiver_type	24024-9007	3	11	11	24024	-6.51	-4.80	10.7	1.284	3.87	0.877	shower	11	11	9007	-2.50	-3.27	2.5	0.695	4.21	0.987	0.000	35.3	33.4	83.9	0	0
mcp2k	171729	receiver_type	24024-9008	3	11	11	24024	-6.51	-4.80	10.7	1.284	3.87	0.877	bare	-1	2212	9008	-9.00	-10.78	6.0	4.403	2.05	0.995	0.000	25.5	21.7	41.6	0	0
mcp2k	171729	receiver_type	24024-9008	3	11	11	24024	-6.51	-4.80	10.7	1.284	3.87	0.877	bare	-1	2212	9008	-10.78	-9.00	6.0	4.403	2.05	0.995	0.000	28.7	11.6	138.6	0	0
mcp2k	171729	receiver_type	24024-9013	3	11	11	24024	-6.51	-4.80	10.7	1.284	3.87	0.877	shower	11	11	9013	-2.85	-3.27	5.4	0.552	3.97	0.560	0.000	39.2	36.1	106.1	0	0
mcp2k	171729	receiver_type	24024-9013	3	11	11	24024	-6.51	-4.80	10.7	1.284	3.87	0.877	shower	11	11	9013	-3.27	-2.85	5.4	0.552	3.97	0.560	0.000	36.2	35.1	36.5	0	0
mcp2k	171729	receiver_type	24024-9032	3	11	11	24024	-6.51	-4.80	10.7	1.284	3.87	0.877	shower	11	11	9032	-9.00	-3.27	16.0	1.483	4.10	0.813	0.000	25.5	21.7	64.9	0	0
mcp2k	171729	receiver_type	24024-9032	3	11	11	24024	-6.51	-4.80	10.7	1.284	3.87	0.877	shower	11	11	9032	-3.27	-9.00	16.0	1.483	4.10	0.813	0.000	36.2	35.1	119.3	0	0
mcp2k	171729	receiver_type	9001-9032	2	11	11	9032	-9.00	-3.27	16.0	1.483	4.10	0.813	bare	-1	211	9001	-9.00	22.32	164.9	1.180	1.65	0.937	0.000	0.0	181.0	50.1	0	1
mcp2k	171729	receiver_type	9008-9032	2	11	11	9032	-9.00	-3.27	16.0	1.483	4.10	0.813	bare	-1	2212	9008	-9.00	-10.78	6.0	4.403	2.05	0.995	0.000	0.0	181.0	77.9	0	1
mcp2k	171729	receiver_type	9008-9032	2	11	11	9032	-9.00	-3.27	16.0	1.483	4.10	0.813	bare	-1	2212	9008	-10.78	-9.00	6.0	4.403	2.05	0.995	0.000	5.9	77.8	102.2	0	1
mcp2k	171729	receiver_type	22019-9032	2	11	11	9032	-9.00	-3.27	16.0	1.483	4.10	0.813	shower	11	11	22019	-0.88	-1.31	3.2	0.513	4.67	0.990	0.167	53.4	57.3	134.1	0	0
mcp2k	171729	receiver_type	22019-9032	2	11	11	9032	-9.00	-3.27	16.0	1.483	4.10	0.813	shower	11	11	22019	-1.31	-0.88	3.2	0.513	4.67	0.990	0.167	50.4	58.2	40.8	0	0
mcp2k	171729	receiver_type	24023-9032	2	11	11	9032	-9.00	-3.27	16.0	1.483	4.10	0.813	shower	11	11	24023	-4.80	-5.44	11.8	0.367	3.65	0.846	0.190	34.3	49.4	132.5	0	0
mcp2k	171729	receiver_type	24023-9032	2	11	11	9032	-9.00	-3.27	16.0	1.483	4.10	0.813	shower	11	11	24023	-5.44	-4.80	11.8	0.367	3.65	0.846	0.190	24.4	51.6	40.3	0	0
mcp2k	171729	receiver_type	24024-9032	2	11	11	9032	-9.00	-3.27	16.0	1.483	4.10	0.813	shower	11	11	24024	-4.80	-6.51	10.7	1.284	3.87	0.877	0.000	34.3	49.4	114.2	0	0
mcp2k	171729	receiver_type	24024-9032	2	11	11	9032	-9.00	-3.27	16.0	1.483	4.10	0.813	shower	11	11	24024	-6.51	-4.80	10.7	1.284	3.87	0.877	0.000	25.5	43.8	64.9	0	0
mcp2k	171729	receiver_type	9001-9032	2	11	11	9032	-3.27	-9.00	16.0	1.483	4.10	0.813	bare	-1	211	9001	-9.00	22.32	164.9	1.180	1.65	0.937	0.000	13.0	175.5	121.5	0	1
mcp2k	171729	receiver_type	9008-9032	2	11	11	9032	-3.27	-9.00	16.0	1.483	4.10	0.813	bare	-1	2212	9008	-9.00	-10.78	6.0	4.403	2.05	0.995	0.000	13.0	175.5	95.5	0	1
mcp2k	171729	receiver_type	9008-9032	2	11	11	9032	-3.27	-9.00	16.0	1.483	4.10	0.813	bare	-1	2212	9008	-10.78	-9.00	6.0	4.403	2.05	0.995	0.000	15.2	153.6	84.3	0	1
mcp2k	171729	receiver_type	22019-9032	2	11	11	9032	-3.27	-9.00	16.0	1.483	4.10	0.813	shower	11	11	22019	-0.88	-1.31	3.2	0.513	4.67	0.990	0.167	61.8	137.2	44.0	0	0
mcp2k	171729	receiver_type	22019-9032	2	11	11	9032	-3.27	-9.00	16.0	1.483	4.10	0.813	shower	11	11	22019	-1.31	-0.88	3.2	0.513	4.67	0.990	0.167	58.7	137.0	141.9	0	0
mcp2k	171729	receiver_type	24023-9032	2	11	11	9032	-3.27	-9.00	16.0	1.483	4.10	0.813	shower	11	11	24023	-4.80	-5.44	11.8	0.367	3.65	0.846	0.190	44.2	146.8	43.8	0	0
mcp2k	171729	receiver_type	24023-9032	2	11	11	9032	-3.27	-9.00	16.0	1.483	4.10	0.813	shower	11	11	24023	-5.44	-4.80	11.8	0.367	3.65	0.846	0.190	34.3	148.9	143.0	0	0
mcp2k	171729	receiver_type	24024-9032	2	11	11	9032	-3.27	-9.00	16.0	1.483	4.10	0.813	shower	11	11	24024	-4.80	-6.51	10.7	1.284	3.87	0.877	0.000	44.2	146.8	59.9	0	0
mcp2k	171729	receiver_type	24024-9032	2	11	11	9032	-3.27	-9.00	16.0	1.483	4.10	0.813	shower	11	11	24024	-6.51	-4.80	10.7	1.284	3.87	0.877	0.000	36.2	153.1	119.3	0	0
mcp2k	173093	receiver_type	18013-54020	0	11	11	18013	-11.86	-14.85	3.2	1.521	1.52	0.973	shower	2212	2212	54020	6.18	5.49	2.2	6.270	2.14	0.999	0.000	36.1	48.8	96.3	0	0
mcp2k	173093	receiver_type	18013-54020	0	11	11	18013	-11.86	-14.85	3.2	1.521	1.52	0.973	shower	2212	2212	54020	5.49	6.18	2.2	6.270	2.14	0.999	0.000	37.5	51.1	83.6	0	0
mcp2k	173093	receiver_type	18017-54020	0	11	11	18017	-11.86	-8.69	5.6	1.411	1.73	0.958	shower	2212	2212	54020	6.18	5.49	2.2	6.270	2.14	0.999	0.000	36.1	109.4	89.0	0	0
mcp2k	173093	receiver_type	18017-54020	0	11	11	18017	-11.86	-8.69	5.6	1.411	1.73	0.958	shower	2212	2212	54020	5.49	6.18	2.2	6.270	2.14	0.999	0.000	37.5	108.6	90.0	0	0
mcp2k	173093	receiver_type	18017-54020	0	11	11	18017	-8.69	-11.86	5.6	1.411	1.73	0.958	shower	2212	2212	54020	6.18	5.49	2.2	6.270	2.14	0.999	0.000	35.0	86.5	85.3	0	0
mcp2k	173093	receiver_type	18017-54020	0	11	11	18017	-8.69	-11.86	5.6	1.411	1.73	0.958	shower	2212	2212	54020	5.49	6.18	2.2	6.270	2.14	0.999	0.000	36.4	86.4	95.9	0	0
mcp2k	173093	receiver_type	18013-54020	5	2212	2212	54020	6.18	5.49	2.2	6.270	2.14	0.999	shower	11	11	18013	-11.86	-14.85	3.2	1.521	1.52	0.973	0.000	36.1	51.5	96.3	0	0
mcp2k	173093	receiver_type	18017-54020	5	2212	2212	54020	6.18	5.49	2.2	6.270	2.14	0.999	shower	11	11	18017	-11.86	-8.69	5.6	1.411	1.73	0.958	0.000	36.1	51.5	89.0	0	0
mcp2k	173093	receiver_type	18017-54020	5	2212	2212	54020	6.18	5.49	2.2	6.270	2.14	0.999	shower	11	11	18017	-8.69	-11.86	5.6	1.411	1.73	0.958	0.000	35.0	50.5	85.3	0	0
mcp2k	173093	receiver_type	54020-72046	5	2212	2212	54020	6.18	5.49	2.2	6.270	2.14	0.999	shower	11	11	72046	-9.18	-12.06	3.9	0.518	3.92	1.000	0.000	31.9	50.5	86.7	0	0
mcp2k	173093	receiver_type	18013-54020	5	2212	2212	54020	5.49	6.18	2.2	6.270	2.14	0.999	shower	11	11	18013	-11.86	-14.85	3.2	1.521	1.52	0.973	0.000	37.5	130.4	83.6	0	0
mcp2k	173093	receiver_type	18017-54020	5	2212	2212	54020	5.49	6.18	2.2	6.270	2.14	0.999	shower	11	11	18017	-11.86	-8.69	5.6	1.411	1.73	0.958	0.000	37.5	130.4	90.0	0	0
mcp2k	173093	receiver_type	18017-54020	5	2212	2212	54020	5.49	6.18	2.2	6.270	2.14	0.999	shower	11	11	18017	-8.69	-11.86	5.6	1.411	1.73	0.958	0.000	36.4	131.2	95.9	0	0
mcp2k	173093	receiver_type	54020-72046	5	2212	2212	54020	5.49	6.18	2.2	6.270	2.14	0.999	shower	11	11	72046	-9.18	-12.06	3.9	0.518	3.92	1.000	0.000	33.4	131.7	94.1	0	0
mcp2k	173093	receiver_type	54020-72046	0	11	11	72046	-9.18	-12.06	3.9	0.518	3.92	1.000	shower	2212	2212	54020	6.18	5.49	2.2	6.270	2.14	0.999	0.000	31.9	63.5	86.7	0	0
mcp2k	173093	receiver_type	54020-72046	0	11	11	72046	-9.18	-12.06	3.9	0.518	3.92	1.000	shower	2212	2212	54020	5.49	6.18	2.2	6.270	2.14	0.999	0.000	33.4	64.5	94.1	0	0
mcp2k	173450	receiver_type	13001-13002	0	11	11	13001	-3.99	2.13	11.5	1.325	3.81	0.867	bare	-1	13	13002	2.13	83.80	280.8	1.210	1.59	0.959	0.000	10.0	169.1	146.5	0	1
mcp2k	173450	receiver_type	13001-13002	0	11	11	13001	2.13	-3.99	11.5	1.325	3.81	0.867	bare	-1	13	13002	2.13	83.80	280.8	1.210	1.59	0.959	0.000	0.0	181.0	26.9	0	1
mcp2k	173495	receiver_type	22001-99016	1	11	11	99016	2.48	7.33	8.5	1.482	1.30	0.993	bare	-1	13	22001	-1.12	-14.98	28.3	1.672	1.05	0.988	0.000	6.8	86.5	5.1	0	0
mcp2k	173495	receiver_type	22001-99016	1	11	11	99016	7.33	2.48	8.5	1.482	1.30	0.993	bare	-1	13	22001	-1.12	-14.98	28.3	1.672	1.05	0.988	0.000	11.1	141.8	172.0	0	0
mcp2k	174164	receiver_type	16022-37035	0	11	11	16022	4.79	12.52	10.5	1.789	3.25	0.906	shower	11	11	37035	2.57	2.89	5.9	1.013	3.26	0.799	0.455	29.6	108.0	123.8	0	0
mcp2k	174164	receiver_type	16022-37035	0	11	11	16022	4.79	12.52	10.5	1.789	3.25	0.906	shower	11	11	37035	2.89	2.57	5.9	1.013	3.26	0.799	0.455	31.2	113.5	35.7	0	0
mcp2k	174164	receiver_type	16022-37043	0	11	11	16022	4.79	12.52	10.5	1.789	3.25	0.906	shower	11	11	37043	5.33	2.48	7.8	0.504	2.78	0.701	0.000	33.8	112.3	50.7	0	0
mcp2k	174164	receiver_type	16022-37043	0	11	11	16022	4.79	12.52	10.5	1.789	3.25	0.906	shower	11	11	37043	2.48	5.33	7.8	0.504	2.78	0.701	0.000	29.9	110.7	96.1	0	0
mcp2k	174164	receiver_type	16022-37044	0	11	11	16022	4.79	12.52	10.5	1.789	3.25	0.906	shower	11	11	37044	2.48	2.89	2.5	0.231	2.78	0.967	0.000	29.9	110.7	137.8	0	0
mcp2k	174164	receiver_type	16022-37044	0	11	11	16022	4.79	12.52	10.5	1.789	3.25	0.906	shower	11	11	37044	2.89	2.48	2.5	0.231	2.78	0.967	0.000	31.2	113.5	31.6	0	0
mcp2k	174164	receiver_type	16022-37035	3	11	11	37035	2.57	2.89	5.9	1.013	3.26	0.799	shower	11	11	16022	4.79	12.52	10.5	1.789	3.25	0.906	0.000	29.6	80.3	123.8	0	0
mcp2k	174164	receiver_type	16022-37035	3	11	11	37035	2.89	2.57	5.9	1.013	3.26	0.799	shower	11	11	16022	4.79	12.52	10.5	1.789	3.25	0.906	0.000	31.2	118.5	35.7	0	0
mcp2k	174164	receiver_type	16022-37043	3	11	11	37043	5.33	2.48	7.8	0.504	2.78	0.701	shower	11	11	16022	4.79	12.52	10.5	1.789	3.25	0.906	0.000	33.8	127.2	50.7	0	0
mcp2k	174164	receiver_type	16022-37043	3	11	11	37043	2.48	5.33	7.8	0.504	2.78	0.701	shower	11	11	16022	4.79	12.52	10.5	1.789	3.25	0.906	0.000	29.9	40.6	96.1	0	0
mcp2k	174164	receiver_type	16022-37044	3	11	11	37044	2.48	2.89	2.5	0.231	2.78	0.967	shower	11	11	16022	4.79	12.52	10.5	1.789	3.25	0.906	0.000	29.9	57.5	137.8	0	0
mcp2k	174164	receiver_type	16022-37044	3	11	11	37044	2.89	2.48	2.5	0.231	2.78	0.967	shower	11	11	16022	4.79	12.52	10.5	1.789	3.25	0.906	0.000	31.2	123.8	31.6	0	0
mcp2k	177536	receiver_seg_type	17008-17010	1	13	11	17010	-9.41	-10.87	3.9	1.279	3.39	0.958	bare	-1	13	17008	-9.41	-192.87	279.6	1.226	1.13	0.981	0.000	0.0	181.0	153.5	0	1
mcp2k	177536	receiver_seg_type	17008-17010	1	13	11	17010	-10.87	-9.41	3.9	1.279	3.39	0.958	bare	-1	13	17008	-9.41	-192.87	279.6	1.226	1.13	0.981	0.000	3.7	173.9	16.3	0	1
mcp2k	177536	ok	17008-85018	1	13	13	85018	3.29	56.86	98.7	1.154	1.24	0.978	bare	-1	13	17008	-9.41	-192.87	279.6	1.226	1.13	0.981	0.000	20.8	11.4	8.0	0	0
mcp2k	177961	receiver_type	11007-11011	0	11	11	11011	7.18	17.19	19.4	1.767	1.99	0.979	bare	-1	2212	11007	9.26	17.19	8.8	3.350	2.02	0.989	0.000	19.1	156.8	99.1	0	1
mcp2k	179369	receiver_type	17001-17002	3	11	11	17002	4.93	0.57	10.5	1.564	1.40	0.961	bare	-1	13	17001	4.93	201.38	452.2	1.172	1.44	0.972	0.001	0.0	181.0	16.3	0	1
mcp2k	179369	receiver_type	17002-17003	3	11	11	17002	4.93	0.57	10.5	1.564	1.40	0.961	bare	-1	211	17003	4.93	6.49	4.0	1.305	3.86	0.986	0.000	0.0	181.0	60.4	0	1
mcp2k	179369	receiver_type	17002-17003	3	11	11	17002	4.93	0.57	10.5	1.564	1.40	0.961	bare	-1	211	17003	6.49	4.93	4.0	1.305	3.86	0.986	0.000	3.9	57.9	124.7	0	1
mcp2k	179369	receiver_type	17002-24005	3	11	11	17002	4.93	0.57	10.5	1.564	1.40	0.961	shower	11	11	24005	7.45	6.28	5.9	1.519	5.34	0.884	0.000	118.7	60.9	38.1	0	0
mcp2k	179369	receiver_type	17002-24005	3	11	11	17002	4.93	0.57	10.5	1.564	1.40	0.961	shower	11	11	24005	6.28	7.45	5.9	1.519	5.34	0.884	0.000	122.8	59.8	138.4	0	0
mcp2k	179369	receiver_type	17002-24006	3	11	11	17002	4.93	0.57	10.5	1.564	1.40	0.961	shower	11	11	24006	6.28	1.50	27.2	1.357	3.57	0.883	0.000	122.8	59.8	71.7	0	0
mcp2k	179369	receiver_type	17002-24006	3	11	11	17002	4.93	0.57	10.5	1.564	1.40	0.961	shower	11	11	24006	1.50	6.28	27.2	1.357	3.57	0.883	0.000	146.2	61.8	109.3	0	0
mcp2k	179369	receiver_type	17002-81017	3	11	11	17002	4.93	0.57	10.5	1.564	1.40	0.961	shower	11	11	81017	3.82	1.69	3.1	1.528	2.07	0.985	0.000	15.5	74.5	91.2	0	0
mcp2k	179369	receiver_type	17002-81017	3	11	11	17002	4.93	0.57	10.5	1.564	1.40	0.961	shower	11	11	81017	1.69	3.82	3.1	1.528	2.07	0.985	0.000	18.0	77.0	87.6	0	0
mcp2k	179369	receiver_type	17002-91027	3	11	11	17002	4.93	0.57	10.5	1.564	1.40	0.961	shower	11	11	91027	1.99	3.36	4.9	1.061	3.60	0.821	0.000	21.9	168.0	74.7	0	0
mcp2k	179369	receiver_type	17002-91027	3	11	11	17002	4.93	0.57	10.5	1.564	1.40	0.961	shower	11	11	91027	3.36	1.99	4.9	1.061	3.60	0.821	0.000	21.6	162.5	96.1	0	0
mcp2k	179369	receiver_type	104038-17002	3	11	11	17002	4.93	0.57	10.5	1.564	1.40	0.961	shower	11	13	104038	7.40	5.48	5.2	1.249	3.70	0.951	0.000	108.7	55.7	73.4	0	0
mcp2k	179369	receiver_type	104038-17002	3	11	11	17002	4.93	0.57	10.5	1.564	1.40	0.961	shower	11	13	104038	5.48	7.40	5.2	1.249	3.70	0.951	0.000	106.2	54.2	92.5	0	0
mcp2k	179369	receiver_type	108044-17002	3	11	11	17002	4.93	0.57	10.5	1.564	1.40	0.961	shower	11	11	108044	2.18	2.49	4.6	1.113	3.83	0.854	0.000	88.6	61.1	46.6	0	0
mcp2k	179369	receiver_type	108044-17002	3	11	11	17002	4.93	0.57	10.5	1.564	1.40	0.961	shower	11	11	108044	2.49	2.18	4.6	1.113	3.83	0.854	0.000	92.3	60.5	132.0	0	0
mcp2k	179369	receiver_type	110046-17002	3	11	11	17002	4.93	0.57	10.5	1.564	1.40	0.961	shower	11	11	110046	3.51	2.20	5.7	1.077	4.76	0.895	0.000	105.8	65.6	106.7	0	0
mcp2k	179369	receiver_type	110046-17002	3	11	11	17002	4.93	0.57	10.5	1.564	1.40	0.961	shower	11	11	110046	2.20	3.51	5.7	1.077	4.76	0.895	0.000	109.2	67.5	60.6	0	0
mcp2k	179369	receiver_type	111047-17002	3	11	11	17002	4.93	0.57	10.5	1.564	1.40	0.961	shower	11	11	111047	2.64	3.74	7.6	1.759	3.49	0.941	0.000	106.7	63.1	35.6	0	0
mcp2k	179369	receiver_type	111047-17002	3	11	11	17002	4.93	0.57	10.5	1.564	1.40	0.961	shower	11	11	111047	3.74	2.64	7.6	1.759	3.49	0.941	0.000	113.3	61.6	136.6	0	0
mcp2k	179369	receiver_type	17001-17002	3	11	11	17002	0.57	4.93	10.5	1.564	1.40	0.961	bare	-1	13	17001	4.93	201.38	452.2	1.172	1.44	0.972	0.001	10.1	174.5	174.7	0	1
mcp2k	179369	receiver_type	17002-17003	3	11	11	17002	0.57	4.93	10.5	1.564	1.40	0.961	bare	-1	211	17003	4.93	6.49	4.0	1.305	3.86	0.986	0.000	10.1	174.5	124.2	0	1
mcp2k	179369	receiver_type	17002-17003	3	11	11	17002	0.57	4.93	10.5	1.564	1.40	0.961	bare	-1	211	17003	6.49	4.93	4.0	1.305	3.86	0.986	0.000	12.8	166.7	50.0	0	1
mcp2k	179369	receiver_type	17002-24005	3	11	11	17002	0.57	4.93	10.5	1.564	1.40	0.961	shower	11	11	24005	7.45	6.28	5.9	1.519	5.34	0.884	0.000	124.0	123.1	134.8	0	0
mcp2k	179369	receiver_type	17002-24005	3	11	11	17002	0.57	4.93	10.5	1.564	1.40	0.961	shower	11	11	24005	6.28	7.45	5.9	1.519	5.34	0.884	0.000	128.2	123.7	50.8	0	0
mcp2k	179369	receiver_type	17002-24006	3	11	11	17002	0.57	4.93	10.5	1.564	1.40	0.961	shower	11	11	24006	6.28	1.50	27.2	1.357	3.57	0.883	0.000	128.2	123.7	104.4	0	0
mcp2k	179369	receiver_type	17002-24006	3	11	11	17002	0.57	4.93	10.5	1.564	1.40	0.961	shower	11	11	24006	1.50	6.28	27.2	1.357	3.57	0.883	0.000	151.2	121.0	70.8	0	0
mcp2k	179369	receiver_type	17002-81017	3	11	11	17002	0.57	4.93	10.5	1.564	1.40	0.961	shower	11	11	81017	3.82	1.69	3.1	1.528	2.07	0.985	0.000	20.7	133.7	81.9	0	0
mcp2k	179369	receiver_type	17002-81017	3	11	11	17002	0.57	4.93	10.5	1.564	1.40	0.961	shower	11	11	81017	1.69	3.82	3.1	1.528	2.07	0.985	0.000	22.5	128.0	98.0	0	0
mcp2k	179369	receiver_type	17002-91027	3	11	11	17002	0.57	4.93	10.5	1.564	1.40	0.961	shower	11	11	91027	1.99	3.36	4.9	1.061	3.60	0.821	0.000	12.6	37.4	113.1	0	0
mcp2k	179369	receiver_type	17002-91027	3	11	11	17002	0.57	4.93	10.5	1.564	1.40	0.961	shower	11	11	91027	3.36	1.99	4.9	1.061	3.60	0.821	0.000	13.0	46.7	80.2	0	0
mcp2k	179369	receiver_type	104038-17002	3	11	11	17002	0.57	4.93	10.5	1.564	1.40	0.961	shower	11	13	104038	7.40	5.48	5.2	1.249	3.70	0.951	0.000	114.7	127.8	98.8	0	0
mcp2k	179369	receiver_type	104038-17002	3	11	11	17002	0.57	4.93	10.5	1.564	1.40	0.961	shower	11	13	104038	5.48	7.40	5.2	1.249	3.70	0.951	0.000	112.4	128.8	95.1	0	0
mcp2k	179369	receiver_type	108044-17002	3	11	11	17002	0.57	4.93	10.5	1.564	1.40	0.961	shower	11	11	108044	2.18	2.49	4.6	1.113	3.83	0.854	0.000	93.8	123.5	129.6	0	0
mcp2k	179369	receiver_type	108044-17002	3	11	11	17002	0.57	4.93	10.5	1.564	1.40	0.961	shower	11	11	108044	2.49	2.18	4.6	1.113	3.83	0.854	0.000	97.7	123.9	46.5	0	0
mcp2k	179369	receiver_type	110046-17002	3	11	11	17002	0.57	4.93	10.5	1.564	1.40	0.961	shower	11	11	110046	3.51	2.20	5.7	1.077	4.76	0.895	0.000	110.4	119.2	72.6	0	0
mcp2k	179369	receiver_type	110046-17002	3	11	11	17002	0.57	4.93	10.5	1.564	1.40	0.961	shower	11	11	110046	2.20	3.51	5.7	1.077	4.76	0.895	0.000	113.5	117.2	115.9	0	0
mcp2k	179369	receiver_type	111047-17002	3	11	11	17002	0.57	4.93	10.5	1.564	1.40	0.961	shower	11	11	111047	2.64	3.74	7.6	1.759	3.49	0.941	0.000	111.7	121.1	142.2	0	0
mcp2k	179369	receiver_type	111047-17002	3	11	11	17002	0.57	4.93	10.5	1.564	1.40	0.961	shower	11	11	111047	3.74	2.64	7.6	1.759	3.49	0.941	0.000	118.4	122.2	43.0	0	0
mcp2k	179369	receiver_type	17001-24005	30	11	11	24005	7.45	6.28	5.9	1.519	5.34	0.884	bare	-1	13	17001	4.93	201.38	452.2	1.172	1.44	0.972	0.001	118.7	34.8	133.4	0	0
mcp2k	179369	receiver_type	17002-24005	30	11	11	24005	7.45	6.28	5.9	1.519	5.34	0.884	shower	11	11	17002	4.93	0.57	10.5	1.564	1.40	0.961	0.056	118.7	34.8	38.1	0	0
mcp2k	179369	receiver_type	17002-24005	30	11	11	24005	7.45	6.28	5.9	1.519	5.34	0.884	shower	11	11	17002	0.57	4.93	10.5	1.564	1.40	0.961	0.056	124.0	32.1	134.8	0	0
mcp2k	179369	receiver_type	17003-24005	30	11	11	24005	7.45	6.28	5.9	1.519	5.34	0.884	bare	-1	211	17003	4.93	6.49	4.0	1.305	3.86	0.986	0.000	118.7	34.8	131.6	0	0
mcp2k	179369	receiver_type	17003-24005	30	11	11	24005	7.45	6.28	5.9	1.519	5.34	0.884	bare	-1	211	17003	6.49	4.93	4.0	1.305	3.86	0.986	0.000	115.1	34.5	47.9	0	0
mcp2k	179369	receiver_type	24005-81017	30	11	11	24005	7.45	6.28	5.9	1.519	5.34	0.884	shower	11	11	81017	3.82	1.69	3.1	1.528	2.07	0.985	0.000	103.8	33.3	126.8	0	0
mcp2k	179369	receiver_type	24005-81017	30	11	11	24005	7.45	6.28	5.9	1.519	5.34	0.884	shower	11	11	81017	1.69	3.82	3.1	1.528	2.07	0.985	0.000	101.7	33.4	54.3	0	0
mcp2k	179369	receiver_type	24005-91027	30	11	11	24005	7.45	6.28	5.9	1.519	5.34	0.884	shower	11	11	91027	1.99	3.36	4.9	1.061	3.60	0.821	0.000	131.7	27.7	110.4	0	0
mcp2k	179369	receiver_type	24005-91027	30	11	11	24005	7.45	6.28	5.9	1.519	5.34	0.884	shower	11	11	91027	3.36	1.99	4.9	1.061	3.60	0.821	0.000	128.5	26.7	62.6	0	0
mcp2k	179369	receiver_type	110046-24005	30	11	11	24005	7.45	6.28	5.9	1.519	5.34	0.884	shower	11	11	110046	3.51	2.20	5.7	1.077	4.76	0.895	0.000	15.9	23.3	107.5	0	0
mcp2k	179369	receiver_type	110046-24005	30	11	11	24005	7.45	6.28	5.9	1.519	5.34	0.884	shower	11	11	110046	2.20	3.51	5.7	1.077	4.76	0.895	0.000	16.3	31.3	91.4	0	0
mcp2k	179369	receiver_type	111047-24005	30	11	11	24005	7.45	6.28	5.9	1.519	5.34	0.884	shower	11	11	111047	2.64	3.74	7.6	1.759	3.49	0.941	0.000	13.2	36.7	162.4	0	0
mcp2k	179369	receiver_type	111047-24005	30	11	11	24005	7.45	6.28	5.9	1.519	5.34	0.884	shower	11	11	111047	3.74	2.64	7.6	1.759	3.49	0.941	0.000	6.6	52.8	26.6	0	0
mcp2k	179369	receiver_type	17001-24005	30	11	11	24005	6.28	7.45	5.9	1.519	5.34	0.884	bare	-1	13	17001	4.93	201.38	452.2	1.172	1.44	0.972	0.001	122.8	137.6	53.2	0	0
mcp2k	179369	receiver_type	17002-24005	30	11	11	24005	6.28	7.45	5.9	1.519	5.34	0.884	shower	11	11	17002	4.93	0.57	10.5	1.564	1.40	0.961	0.056	122.8	137.6	138.4	0	0
mcp2k	179369	receiver_type	17002-24005	30	11	11	24005	6.28	7.45	5.9	1.519	5.34	0.884	shower	11	11	17002	0.57	4.93	10.5	1.564	1.40	0.961	0.056	128.2	139.6	50.8	0	0
mcp2k	179369	receiver_type	17003-24005	30	11	11	24005	6.28	7.45	5.9	1.519	5.34	0.884	bare	-1	211	17003	4.93	6.49	4.0	1.305	3.86	0.986	0.000	122.8	137.6	59.1	0	0
mcp2k	179369	receiver_type	17003-24005	30	11	11	24005	6.28	7.45	5.9	1.519	5.34	0.884	bare	-1	211	17003	6.49	4.93	4.0	1.305	3.86	0.986	0.000	119.2	138.1	121.1	0	0
mcp2k	179369	receiver_type	24005-81017	30	11	11	24005	6.28	7.45	5.9	1.519	5.34	0.884	shower	11	11	81017	3.82	1.69	3.1	1.528	2.07	0.985	0.000	107.9	139.0	50.7	0	0
mcp2k	179369	receiver_type	24005-81017	30	11	11	24005	6.28	7.45	5.9	1.519	5.34	0.884	shower	11	11	81017	1.69	3.82	3.1	1.528	2.07	0.985	0.000	105.8	138.7	126.6	0	0
mcp2k	179369	receiver_type	24005-91027	30	11	11	24005	6.28	7.45	5.9	1.519	5.34	0.884	shower	11	11	91027	1.99	3.36	4.9	1.061	3.60	0.821	0.000	136.1	143.6	80.4	0	0
mcp2k	179369	receiver_type	24005-91027	30	11	11	24005	6.28	7.45	5.9	1.519	5.34	0.884	shower	11	11	91027	3.36	1.99	4.9	1.061	3.60	0.821	0.000	133.0	144.7	108.8	0	0
mcp2k	179369	receiver_type	110046-24005	30	11	11	24005	6.28	7.45	5.9	1.519	5.34	0.884	shower	11	11	110046	3.51	2.20	5.7	1.077	4.76	0.895	0.000	20.6	153.4	75.7	0	0
mcp2k	179369	receiver_type	110046-24005	30	11	11	24005	6.28	7.45	5.9	1.519	5.34	0.884	shower	11	11	110046	2.20	3.51	5.7	1.077	4.76	0.895	0.000	20.8	150.7	83.4	0	0
mcp2k	179369	receiver_type	111047-24005	30	11	11	24005	6.28	7.45	5.9	1.519	5.34	0.884	shower	11	11	111047	2.64	3.74	7.6	1.759	3.49	0.941	0.000	17.4	143.8	28.6	0	0
mcp2k	179369	receiver_type	111047-24005	30	11	11	24005	6.28	7.45	5.9	1.519	5.34	0.884	shower	11	11	111047	3.74	2.64	7.6	1.759	3.49	0.941	0.000	10.3	141.5	142.4	0	0
mcp2k	179369	receiver_type	17001-24006	30	11	11	24006	6.28	1.50	27.2	1.357	3.57	0.883	bare	-1	13	17001	4.93	201.38	452.2	1.172	1.44	0.972	0.001	122.8	21.5	105.2	0	0
mcp2k	179369	receiver_type	17002-24006	30	11	11	24006	6.28	1.50	27.2	1.357	3.57	0.883	shower	11	11	17002	4.93	0.57	10.5	1.564	1.40	0.961	0.056	122.8	21.5	71.7	0	0
mcp2k	179369	receiver_type	17002-24006	30	11	11	24006	6.28	1.50	27.2	1.357	3.57	0.883	shower	11	11	17002	0.57	4.93	10.5	1.564	1.40	0.961	0.056	128.2	24.0	104.4	0	0
mcp2k	179369	receiver_type	17003-24006	30	11	11	24006	6.28	1.50	27.2	1.357	3.57	0.883	bare	-1	211	17003	4.93	6.49	4.0	1.305	3.86	0.986	0.000	122.8	21.5	138.2	0	0
mcp2k	179369	receiver_type	17003-24006	30	11	11	24006	6.28	1.50	27.2	1.357	3.57	0.883	bare	-1	211	17003	6.49	4.93	4.0	1.305	3.86	0.986	0.000	119.2	20.8	46.5	0	0
mcp2k	179369	receiver_type	24006-81017	30	11	11	24006	6.28	1.50	27.2	1.357	3.57	0.883	shower	11	11	81017	3.82	1.69	3.1	1.528	2.07	0.985	0.000	107.9	22.5	153.1	0	0
mcp2k	179369	receiver_type	24006-81017	30	11	11	24006	6.28	1.50	27.2	1.357	3.57	0.883	shower	11	11	81017	1.69	3.82	3.1	1.528	2.07	0.985	0.000	105.8	23.7	23.7	0	0
mcp2k	179369	receiver_type	24006-91027	30	11	11	24006	6.28	1.50	27.2	1.357	3.57	0.883	shower	11	11	91027	1.99	3.36	4.9	1.061	3.60	0.821	0.000	136.1	24.6	121.2	0	0
mcp2k	179369	receiver_type	24006-91027	30	11	11	24006	6.28	1.50	27.2	1.357	3.57	0.883	shower	11	11	91027	3.36	1.99	4.9	1.061	3.60	0.821	0.000	133.0	24.5	38.3	0	0
mcp2k	179369	receiver_type	110046-24006	30	11	11	24006	6.28	1.50	27.2	1.357	3.57	0.883	shower	11	11	110046	3.51	2.20	5.7	1.077	4.76	0.895	0.000	20.6	43.2	143.0	0	0
mcp2k	179369	receiver_type	110046-24006	30	11	11	24006	6.28	1.50	27.2	1.357	3.57	0.883	shower	11	11	110046	2.20	3.51	5.7	1.077	4.76	0.895	0.000	20.8	56.2	57.3	0	0
mcp2k	179369	receiver_type	111047-24006	30	11	11	24006	6.28	1.50	27.2	1.357	3.57	0.883	shower	11	11	111047	2.64	3.74	7.6	1.759	3.49	0.941	0.000	17.4	38.4	142.2	0	0
mcp2k	179369	receiver_type	111047-24006	30	11	11	24006	6.28	1.50	27.2	1.357	3.57	0.883	shower	11	11	111047	3.74	2.64	7.6	1.759	3.49	0.941	0.000	10.3	39.8	35.4	0	0
mcp2k	179369	receiver_type	17001-24006	30	11	11	24006	1.50	6.28	27.2	1.357	3.57	0.883	bare	-1	13	17001	4.93	201.38	452.2	1.172	1.44	0.972	0.001	146.2	171.0	68.4	0	0
mcp2k	179369	receiver_type	17002-24006	30	11	11	24006	1.50	6.28	27.2	1.357	3.57	0.883	shower	11	11	17002	4.93	0.57	10.5	1.564	1.40	0.961	0.056	146.2	171.0	109.3	0	0
mcp2k	179369	receiver_type	17002-24006	30	11	11	24006	1.50	6.28	27.2	1.357	3.57	0.883	shower	11	11	17002	0.57	4.93	10.5	1.564	1.40	0.961	0.056	151.2	167.7	70.8	0	0
mcp2k	179369	receiver_type	17003-24006	30	11	11	24006	1.50	6.28	27.2	1.357	3.57	0.883	bare	-1	211	17003	4.93	6.49	4.0	1.305	3.86	0.986	0.000	146.2	171.0	24.9	0	0
mcp2k	179369	receiver_type	17003-24006	30	11	11	24006	1.50	6.28	27.2	1.357	3.57	0.883	bare	-1	211	17003	6.49	4.93	4.0	1.305	3.86	0.986	0.000	142.6	171.1	149.4	0	0
mcp2k	179369	receiver_type	24006-81017	30	11	11	24006	1.50	6.28	27.2	1.357	3.57	0.883	shower	11	11	81017	3.82	1.69	3.1	1.528	2.07	0.985	0.000	131.1	169.5	42.7	0	0
mcp2k	179369	receiver_type	24006-81017	30	11	11	24006	1.50	6.28	27.2	1.357	3.57	0.883	shower	11	11	81017	1.69	3.82	3.1	1.528	2.07	0.985	0.000	129.0	169.0	142.4	0	0
mcp2k	179369	receiver_type	24006-91027	30	11	11	24006	1.50	6.28	27.2	1.357	3.57	0.883	shower	11	11	91027	1.99	3.36	4.9	1.061	3.60	0.821	0.000	158.8	164.3	40.4	0	0
mcp2k	179369	receiver_type	24006-91027	30	11	11	24006	1.50	6.28	27.2	1.357	3.57	0.883	shower	11	11	91027	3.36	1.99	4.9	1.061	3.60	0.821	0.000	155.7	163.7	158.1	0	0
mcp2k	179369	receiver_type	110046-24006	30	11	11	24006	1.50	6.28	27.2	1.357	3.57	0.883	shower	11	11	110046	3.51	2.20	5.7	1.077	4.76	0.895	0.000	41.5	160.3	36.6	0	0
mcp2k	179369	receiver_type	110046-24006	30	11	11	24006	1.50	6.28	27.2	1.357	3.57	0.883	shower	11	11	110046	2.20	3.51	5.7	1.077	4.76	0.895	0.000	39.4	153.9	129.6	0	0
mcp2k	179369	receiver_type	111047-24006	30	11	11	24006	1.50	6.28	27.2	1.357	3.57	0.883	shower	11	11	111047	2.64	3.74	7.6	1.759	3.49	0.941	0.000	39.6	167.2	35.4	0	0
mcp2k	179369	receiver_type	111047-24006	30	11	11	24006	1.50	6.28	27.2	1.357	3.57	0.883	shower	11	11	111047	3.74	2.64	7.6	1.759	3.49	0.941	0.000	32.9	170.9	152.1	0	0
mcp2k	179369	receiver_type	17001-81017	1	11	11	81017	3.82	1.69	3.1	1.528	2.07	0.985	bare	-1	13	17001	4.93	201.38	452.2	1.172	1.44	0.972	0.001	15.5	42.4	81.4	0	0
mcp2k	179369	receiver_type	17002-81017	1	11	11	81017	3.82	1.69	3.1	1.528	2.07	0.985	shower	11	11	17002	4.93	0.57	10.5	1.564	1.40	0.961	0.056	15.5	42.4	91.2	0	0
mcp2k	179369	receiver_type	17002-81017	1	11	11	81017	3.82	1.69	3.1	1.528	2.07	0.985	shower	11	11	17002	0.57	4.93	10.5	1.564	1.40	0.961	0.056	20.7	59.2	81.9	0	0
mcp2k	179369	receiver_type	17003-81017	1	11	11	81017	3.82	1.69	3.1	1.528	2.07	0.985	bare	-1	211	17003	4.93	6.49	4.0	1.305	3.86	0.986	0.000	15.5	42.4	112.4	0	0
mcp2k	179369	receiver_type	17003-81017	1	11	11	81017	3.82	1.69	3.1	1.528	2.07	0.985	bare	-1	211	17003	6.49	4.93	4.0	1.305	3.86	0.986	0.000	12.2	34.0	72.8	0	0
mcp2k	179369	receiver_type	24005-81017	1	11	11	81017	3.82	1.69	3.1	1.528	2.07	0.985	shower	11	11	24005	7.45	6.28	5.9	1.519	5.34	0.884	0.000	103.8	130.3	126.8	0	0
mcp2k	179369	receiver_type	24005-81017	1	11	11	81017	3.82	1.69	3.1	1.528	2.07	0.985	shower	11	11	24005	6.28	7.45	5.9	1.519	5.34	0.884	0.000	107.9	130.7	50.7	0	0
mcp2k	179369	receiver_type	24006-81017	1	11	11	81017	3.82	1.69	3.1	1.528	2.07	0.985	shower	11	11	24006	6.28	1.50	27.2	1.357	3.57	0.883	0.000	107.9	130.7	153.1	0	0
mcp2k	179369	receiver_type	24006-81017	1	11	11	81017	3.82	1.69	3.1	1.528	2.07	0.985	shower	11	11	24006	1.50	6.28	27.2	1.357	3.57	0.883	0.000	131.1	133.3	42.7	0	0
mcp2k	179369	receiver_type	81017-91027	1	11	11	81017	3.82	1.69	3.1	1.528	2.07	0.985	shower	11	11	91027	1.99	3.36	4.9	1.061	3.60	0.821	0.000	30.6	61.0	98.9	0	0
mcp2k	179369	receiver_type	81017-91027	1	11	11	81017	3.82	1.69	3.1	1.528	2.07	0.985	shower	11	11	91027	3.36	1.99	4.9	1.061	3.60	0.821	0.000	28.6	62.2	56.5	0	0
mcp2k	179369	receiver_type	104038-81017	1	11	11	81017	3.82	1.69	3.1	1.528	2.07	0.985	shower	11	13	104038	7.40	5.48	5.2	1.249	3.70	0.951	0.000	94.2	128.5	78.7	0	0
mcp2k	179369	receiver_type	104038-81017	1	11	11	81017	3.82	1.69	3.1	1.528	2.07	0.985	shower	11	13	104038	5.48	7.40	5.2	1.249	3.70	0.951	0.000	91.9	128.9	101.9	0	0
mcp2k	179369	receiver_type	108044-81017	1	11	11	81017	3.82	1.69	3.1	1.528	2.07	0.985	shower	11	11	108044	2.18	2.49	4.6	1.113	3.83	0.854	0.000	73.6	133.1	131.0	0	0
mcp2k	179369	receiver_type	108044-81017	1	11	11	81017	3.82	1.69	3.1	1.528	2.07	0.985	shower	11	11	108044	2.49	2.18	4.6	1.113	3.83	0.854	0.000	77.4	132.7	61.9	0	0
mcp2k	179369	receiver_type	110046-81017	1	11	11	81017	3.82	1.69	3.1	1.528	2.07	0.985	shower	11	11	110046	3.51	2.20	5.7	1.077	4.76	0.895	0.000	90.5	133.2	145.6	0	0
mcp2k	179369	receiver_type	110046-81017	1	11	11	81017	3.82	1.69	3.1	1.528	2.07	0.985	shower	11	11	110046	2.20	3.51	5.7	1.077	4.76	0.895	0.000	93.9	134.3	56.6	0	0
mcp2k	179369	receiver_type	111047-81017	1	11	11	81017	3.82	1.69	3.1	1.528	2.07	0.985	shower	11	11	111047	2.64	3.74	7.6	1.759	3.49	0.941	0.000	91.6	133.3	117.9	0	0
mcp2k	179369	receiver_type	111047-81017	1	11	11	81017	3.82	1.69	3.1	1.528	2.07	0.985	shower	11	11	111047	3.74	2.64	7.6	1.759	3.49	0.941	0.000	98.3	132.3	61.8	0	0
mcp2k	179369	receiver_type	17001-81017	1	11	11	81017	1.69	3.82	3.1	1.528	2.07	0.985	bare	-1	13	17001	4.93	201.38	452.2	1.172	1.44	0.972	0.001	18.0	149.4	97.9	0	0
mcp2k	179369	receiver_type	17002-81017	1	11	11	81017	1.69	3.82	3.1	1.528	2.07	0.985	shower	11	11	17002	4.93	0.57	10.5	1.564	1.40	0.961	0.056	18.0	149.4	87.6	0	0
mcp2k	179369	receiver_type	17002-81017	1	11	11	81017	1.69	3.82	3.1	1.528	2.07	0.985	shower	11	11	17002	0.57	4.93	10.5	1.564	1.40	0.961	0.056	22.5	130.3	98.0	0	0
mcp2k	179369	receiver_type	17003-81017	1	11	11	81017	1.69	3.82	3.1	1.528	2.07	0.985	bare	-1	211	17003	4.93	6.49	4.0	1.305	3.86	0.986	0.000	18.0	149.4	62.5	0	0
mcp2k	179369	receiver_type	17003-81017	1	11	11	81017	1.69	3.82	3.1	1.528	2.07	0.985	bare	-1	211	17003	6.49	4.93	4.0	1.305	3.86	0.986	0.000	14.9	158.0	111.9	0	0
mcp2k	179369	receiver_type	24005-81017	1	11	11	81017	1.69	3.82	3.1	1.528	2.07	0.985	shower	11	11	24005	7.45	6.28	5.9	1.519	5.34	0.884	0.000	101.7	47.1	54.3	0	0
mcp2k	179369	receiver_type	24005-81017	1	11	11	81017	1.69	3.82	3.1	1.528	2.07	0.985	shower	11	11	24005	6.28	7.45	5.9	1.519	5.34	0.884	0.000	105.8	46.9	126.6	0	0
mcp2k	179369	receiver_type	24006-81017	1	11	11	81017	1.69	3.82	3.1	1.528	2.07	0.985	shower	11	11	24006	6.28	1.50	27.2	1.357	3.57	0.883	0.000	105.8	46.9	23.7	0	0
mcp2k	179369	receiver_type	24006-81017	1	11	11	81017	1.69	3.82	3.1	1.528	2.07	0.985	shower	11	11	24006	1.50	6.28	27.2	1.357	3.57	0.883	0.000	129.0	43.8	142.4	0	0
mcp2k	179369	receiver_type	81017-91027	1	11	11	81017	1.69	3.82	3.1	1.528	2.07	0.985	shower	11	11	91027	1.99	3.36	4.9	1.061	3.60	0.821	0.000	32.2	124.2	74.8	0	0
mcp2k	179369	receiver_type	81017-91027	1	11	11	81017	1.69	3.82	3.1	1.528	2.07	0.985	shower	11	11	91027	3.36	1.99	4.9	1.061	3.60	0.821	0.000	30.2	122.6	130.1	0	0
mcp2k	179369	receiver_type	104038-81017	1	11	11	81017	1.69	3.82	3.1	1.528	2.07	0.985	shower	11	13	104038	7.40	5.48	5.2	1.249	3.70	0.951	0.000	92.2	49.9	108.2	0	0
mcp2k	179369	receiver_type	104038-81017	1	11	11	81017	1.69	3.82	3.1	1.528	2.07	0.985	shower	11	13	104038	5.48	7.40	5.2	1.249	3.70	0.951	0.000	89.9	50.0	71.2	0	0
mcp2k	179369	receiver_type	108044-81017	1	11	11	81017	1.69	3.82	3.1	1.528	2.07	0.985	shower	11	11	108044	2.18	2.49	4.6	1.113	3.83	0.854	0.000	71.5	45.2	47.9	0	0
mcp2k	179369	receiver_type	108044-81017	1	11	11	81017	1.69	3.82	3.1	1.528	2.07	0.985	shower	11	11	108044	2.49	2.18	4.6	1.113	3.83	0.854	0.000	75.3	45.6	121.4	0	0
mcp2k	179369	receiver_type	110046-81017	1	11	11	81017	1.69	3.82	3.1	1.528	2.07	0.985	shower	11	11	110046	3.51	2.20	5.7	1.077	4.76	0.895	0.000	88.3	43.7	27.9	0	0
mcp2k	179369	receiver_type	110046-81017	1	11	11	81017	1.69	3.82	3.1	1.528	2.07	0.985	shower	11	11	110046	2.20	3.51	5.7	1.077	4.76	0.895	0.000	91.6	42.4	129.6	0	0
mcp2k	179369	receiver_type	111047-81017	1	11	11	81017	1.69	3.82	3.1	1.528	2.07	0.985	shower	11	11	111047	2.64	3.74	7.6	1.759	3.49	0.941	0.000	89.4	44.2	60.9	0	0
mcp2k	179369	receiver_type	111047-81017	1	11	11	81017	1.69	3.82	3.1	1.528	2.07	0.985	shower	11	11	111047	3.74	2.64	7.6	1.759	3.49	0.941	0.000	96.1	45.2	120.8	0	0
mcp2k	179369	receiver_type	17001-91027	9	11	11	91027	1.99	3.36	4.9	1.061	3.60	0.821	bare	-1	13	17001	4.93	201.38	452.2	1.172	1.44	0.972	0.001	21.9	100.4	118.1	0	0
mcp2k	179369	receiver_type	17002-91027	9	11	11	91027	1.99	3.36	4.9	1.061	3.60	0.821	shower	11	11	17002	4.93	0.57	10.5	1.564	1.40	0.961	0.056	21.9	100.4	74.7	0	0
mcp2k	179369	receiver_type	17002-91027	9	11	11	91027	1.99	3.36	4.9	1.061	3.60	0.821	shower	11	11	17002	0.57	4.93	10.5	1.564	1.40	0.961	0.056	12.6	92.7	113.1	0	0
mcp2k	179369	receiver_type	17003-91027	9	11	11	91027	1.99	3.36	4.9	1.061	3.60	0.821	bare	-1	211	17003	4.93	6.49	4.0	1.305	3.86	0.986	0.000	21.9	100.4	158.7	0	0
mcp2k	179369	receiver_type	17003-91027	9	11	11	91027	1.99	3.36	4.9	1.061	3.60	0.821	bare	-1	211	17003	6.49	4.93	4.0	1.305	3.86	0.986	0.000	24.1	108.5	22.3	0	0
mcp2k	179369	receiver_type	24005-91027	9	11	11	91027	1.99	3.36	4.9	1.061	3.60	0.821	shower	11	11	24005	7.45	6.28	5.9	1.519	5.34	0.884	0.000	131.7	136.3	110.4	0	0
mcp2k	179369	receiver_type	24005-91027	9	11	11	91027	1.99	3.36	4.9	1.061	3.60	0.821	shower	11	11	24005	6.28	7.45	5.9	1.519	5.34	0.884	0.000	136.1	135.2	80.4	0	0
mcp2k	179369	receiver_type	24006-91027	9	11	11	91027	1.99	3.36	4.9	1.061	3.60	0.821	shower	11	11	24006	6.28	1.50	27.2	1.357	3.57	0.883	0.000	136.1	135.2	121.2	0	0
mcp2k	179369	receiver_type	24006-91027	9	11	11	91027	1.99	3.36	4.9	1.061	3.60	0.821	shower	11	11	24006	1.50	6.28	27.2	1.357	3.57	0.883	0.000	158.8	135.1	40.4	0	0
mcp2k	179369	receiver_type	81017-91027	9	11	11	91027	1.99	3.36	4.9	1.061	3.60	0.821	shower	11	11	81017	3.82	1.69	3.1	1.528	2.07	0.985	0.000	30.6	121.3	98.9	0	0
mcp2k	179369	receiver_type	81017-91027	9	11	11	91027	1.99	3.36	4.9	1.061	3.60	0.821	shower	11	11	81017	1.69	3.82	3.1	1.528	2.07	0.985	0.000	32.2	120.9	74.8	0	0
mcp2k	179369	receiver_type	104038-91027	9	11	11	91027	1.99	3.36	4.9	1.061	3.60	0.821	shower	11	13	104038	7.40	5.48	5.2	1.249	3.70	0.951	0.000	123.3	132.6	32.0	0	0
mcp2k	179369	receiver_type	104038-91027	9	11	11	91027	1.99	3.36	4.9	1.061	3.60	0.821	shower	11	13	104038	5.48	7.40	5.2	1.249	3.70	0.951	0.000	121.3	130.6	162.0	0	0
mcp2k	179369	receiver_type	108044-91027	9	11	11	91027	1.99	3.36	4.9	1.061	3.60	0.821	shower	11	11	108044	2.18	2.49	4.6	1.113	3.83	0.854	0.000	102.0	132.4	123.7	0	0
mcp2k	179369	receiver_type	108044-91027	9	11	11	91027	1.99	3.36	4.9	1.061	3.60	0.821	shower	11	11	108044	2.49	2.18	4.6	1.113	3.83	0.854	0.000	105.9	132.5	37.8	0	0
mcp2k	179369	receiver_type	110046-91027	9	11	11	91027	1.99	3.36	4.9	1.061	3.60	0.821	shower	11	11	110046	3.51	2.20	5.7	1.077	4.76	0.895	0.000	117.5	136.8	121.9	0	0
mcp2k	179369	receiver_type	110046-91027	9	11	11	91027	1.99	3.36	4.9	1.061	3.60	0.821	shower	11	11	110046	2.20	3.51	5.7	1.077	4.76	0.895	0.000	120.3	137.4	52.6	0	0
mcp2k	179369	receiver_type	111047-91027	9	11	11	91027	1.99	3.36	4.9	1.061	3.60	0.821	shower	11	11	111047	2.64	3.74	7.6	1.759	3.49	0.941	0.000	119.3	134.9	126.7	0	0
mcp2k	179369	receiver_type	111047-91027	9	11	11	91027	1.99	3.36	4.9	1.061	3.60	0.821	shower	11	11	111047	3.74	2.64	7.6	1.759	3.49	0.941	0.000	126.2	134.9	43.1	0	0
mcp2k	179369	receiver_type	17001-91027	9	11	11	91027	3.36	1.99	4.9	1.061	3.60	0.821	bare	-1	13	17001	4.93	201.38	452.2	1.172	1.44	0.972	0.001	21.6	94.0	76.3	0	0
mcp2k	179369	receiver_type	17002-91027	9	11	11	91027	3.36	1.99	4.9	1.061	3.60	0.821	shower	11	11	17002	4.93	0.57	10.5	1.564	1.40	0.961	0.056	21.6	94.0	96.1	0	0
mcp2k	179369	receiver_type	17002-91027	9	11	11	91027	3.36	1.99	4.9	1.061	3.60	0.821	shower	11	11	17002	0.57	4.93	10.5	1.564	1.40	0.961	0.056	13.0	103.0	80.2	0	0
mcp2k	179369	receiver_type	17003-91027	9	11	11	91027	3.36	1.99	4.9	1.061	3.60	0.821	bare	-1	211	17003	4.93	6.49	4.0	1.305	3.86	0.986	0.000	21.6	94.0	24.5	0	0
mcp2k	179369	receiver_type	17003-91027	9	11	11	91027	3.36	1.99	4.9	1.061	3.60	0.821	bare	-1	211	17003	6.49	4.93	4.0	1.305	3.86	0.986	0.000	23.2	85.1	149.3	0	0
mcp2k	179369	receiver_type	24005-91027	9	11	11	91027	3.36	1.99	4.9	1.061	3.60	0.821	shower	11	11	24005	7.45	6.28	5.9	1.519	5.34	0.884	0.000	128.5	36.3	62.6	0	0
mcp2k	179369	receiver_type	24005-91027	9	11	11	91027	3.36	1.99	4.9	1.061	3.60	0.821	shower	11	11	24005	6.28	7.45	5.9	1.519	5.34	0.884	0.000	133.0	37.4	108.8	0	0
mcp2k	179369	receiver_type	24006-91027	9	11	11	91027	3.36	1.99	4.9	1.061	3.60	0.821	shower	11	11	24006	6.28	1.50	27.2	1.357	3.57	0.883	0.000	133.0	37.4	38.3	0	0
mcp2k	179369	receiver_type	24006-91027	9	11	11	91027	3.36	1.99	4.9	1.061	3.60	0.821	shower	11	11	24006	1.50	6.28	27.2	1.357	3.57	0.883	0.000	155.7	35.4	158.1	0	0
mcp2k	179369	receiver_type	81017-91027	9	11	11	91027	3.36	1.99	4.9	1.061	3.60	0.821	shower	11	11	81017	3.82	1.69	3.1	1.528	2.07	0.985	0.000	28.6	62.7	56.5	0	0
mcp2k	179369	receiver_type	81017-91027	9	11	11	91027	3.36	1.99	4.9	1.061	3.60	0.821	shower	11	11	81017	1.69	3.82	3.1	1.528	2.07	0.985	0.000	30.2	60.2	130.1	0	0
mcp2k	179369	receiver_type	104038-91027	9	11	11	91027	3.36	1.99	4.9	1.061	3.60	0.821	shower	11	13	104038	7.40	5.48	5.2	1.249	3.70	0.951	0.000	120.4	42.0	148.3	0	0
mcp2k	179369	receiver_type	104038-91027	9	11	11	91027	3.36	1.99	4.9	1.061	3.60	0.821	shower	11	13	104038	5.48	7.40	5.2	1.249	3.70	0.951	0.000	118.5	44.1	23.6	0	0
mcp2k	179369	receiver_type	108044-91027	9	11	11	91027	3.36	1.99	4.9	1.061	3.60	0.821	shower	11	11	108044	2.18	2.49	4.6	1.113	3.83	0.854	0.000	99.1	40.4	47.5	0	0
mcp2k	179369	receiver_type	108044-91027	9	11	11	91027	3.36	1.99	4.9	1.061	3.60	0.821	shower	11	11	108044	2.49	2.18	4.6	1.113	3.83	0.854	0.000	103.0	40.4	143.5	0	0
mcp2k	179369	receiver_type	110046-91027	9	11	11	91027	3.36	1.99	4.9	1.061	3.60	0.821	shower	11	11	110046	3.51	2.20	5.7	1.077	4.76	0.895	0.000	114.3	34.0	33.5	0	0
mcp2k	179369	receiver_type	110046-91027	9	11	11	91027	3.36	1.99	4.9	1.061	3.60	0.821	shower	11	11	110046	2.20	3.51	5.7	1.077	4.76	0.895	0.000	117.1	32.2	144.3	0	0
mcp2k	179369	receiver_type	111047-91027	9	11	11	91027	3.36	1.99	4.9	1.061	3.60	0.821	shower	11	11	111047	2.64	3.74	7.6	1.759	3.49	0.941	0.000	116.2	36.5	51.7	0	0
mcp2k	179369	receiver_type	111047-91027	9	11	11	91027	3.36	1.99	4.9	1.061	3.60	0.821	shower	11	11	111047	3.74	2.64	7.6	1.759	3.49	0.941	0.000	123.1	37.0	138.2	0	0
mcp2k	179369	receiver_type	104038-17001	30	11	13	104038	7.40	5.48	5.2	1.249	3.70	0.951	bare	-1	13	17001	4.93	201.38	452.2	1.172	1.44	0.972	0.001	108.7	115.7	93.7	0	0
mcp2k	179369	receiver_type	104038-17002	30	11	13	104038	7.40	5.48	5.2	1.249	3.70	0.951	shower	11	11	17002	4.93	0.57	10.5	1.564	1.40	0.961	0.056	108.7	115.7	73.4	0	0
mcp2k	179369	receiver_type	104038-17002	30	11	13	104038	7.40	5.48	5.2	1.249	3.70	0.951	shower	11	11	17002	0.57	4.93	10.5	1.564	1.40	0.961	0.056	114.7	113.1	98.8	0	0
mcp2k	179369	receiver_type	104038-17003	30	11	13	104038	7.40	5.48	5.2	1.249	3.70	0.951	bare	-1	211	17003	4.93	6.49	4.0	1.305	3.86	0.986	0.000	108.7	115.7	48.5	0	0
mcp2k	179369	receiver_type	104038-17003	30	11	13	104038	7.40	5.48	5.2	1.249	3.70	0.951	bare	-1	211	17003	6.49	4.93	4.0	1.305	3.86	0.986	0.000	105.1	115.1	127.7	0	0
mcp2k	179369	receiver_type	104038-81017	30	11	13	104038	7.40	5.48	5.2	1.249	3.70	0.951	shower	11	11	81017	3.82	1.69	3.1	1.528	2.07	0.985	0.000	94.2	113.3	78.7	0	0
mcp2k	179369	receiver_type	104038-81017	30	11	13	104038	7.40	5.48	5.2	1.249	3.70	0.951	shower	11	11	81017	1.69	3.82	3.1	1.528	2.07	0.985	0.000	92.2	113.3	108.2	0	0
mcp2k	179369	receiver_type	104038-91027	30	11	13	104038	7.40	5.48	5.2	1.249	3.70	0.951	shower	11	11	91027	1.99	3.36	4.9	1.061	3.60	0.821	0.000	123.3	108.7	32.0	0	0
mcp2k	179369	receiver_type	104038-91027	30	11	13	104038	7.40	5.48	5.2	1.249	3.70	0.951	shower	11	11	91027	3.36	1.99	4.9	1.061	3.60	0.821	0.000	120.4	107.4	148.3	0	0
mcp2k	179369	receiver_type	104038-110046	30	11	13	104038	7.40	5.48	5.2	1.249	3.70	0.951	shower	11	11	110046	3.51	2.20	5.7	1.077	4.76	0.895	0.000	19.0	51.2	45.2	0	0
mcp2k	179369	receiver_type	104038-110046	30	11	13	104038	7.40	5.48	5.2	1.249	3.70	0.951	shower	11	11	110046	2.20	3.51	5.7	1.077	4.76	0.895	0.000	22.8	45.3	152.3	0	0
mcp2k	179369	receiver_type	104038-111047	30	11	13	104038	7.40	5.48	5.2	1.249	3.70	0.951	shower	11	11	111047	2.64	3.74	7.6	1.759	3.49	0.941	0.000	14.1	55.0	80.8	0	0
mcp2k	179369	receiver_type	104038-111047	30	11	13	104038	7.40	5.48	5.2	1.249	3.70	0.951	shower	11	11	111047	3.74	2.64	7.6	1.759	3.49	0.941	0.000	12.4	37.6	109.8	0	0
mcp2k	179369	receiver_type	104038-17001	30	11	13	104038	5.48	7.40	5.2	1.249	3.70	0.951	bare	-1	13	17001	4.93	201.38	452.2	1.172	1.44	0.972	0.001	106.2	55.4	100.1	0	0
mcp2k	179369	receiver_type	104038-17002	30	11	13	104038	5.48	7.40	5.2	1.249	3.70	0.951	shower	11	11	17002	4.93	0.57	10.5	1.564	1.40	0.961	0.056	106.2	55.4	92.5	0	0
mcp2k	179369	receiver_type	104038-17002	30	11	13	104038	5.48	7.40	5.2	1.249	3.70	0.951	shower	11	11	17002	0.57	4.93	10.5	1.564	1.40	0.961	0.056	112.4	57.4	95.1	0	0
mcp2k	179369	receiver_type	104038-17003	30	11	13	104038	5.48	7.40	5.2	1.249	3.70	0.951	bare	-1	211	17003	4.93	6.49	4.0	1.305	3.86	0.986	0.000	106.2	55.4	144.9	0	0
mcp2k	179369	receiver_type	104038-17003	30	11	13	104038	5.48	7.40	5.2	1.249	3.70	0.951	bare	-1	211	17003	6.49	4.93	4.0	1.305	3.86	0.986	0.000	102.7	56.2	38.4	0	0
mcp2k	179369	receiver_type	104038-81017	30	11	13	104038	5.48	7.40	5.2	1.249	3.70	0.951	shower	11	11	81017	3.82	1.69	3.1	1.528	2.07	0.985	0.000	91.9	57.9	101.9	0	0
mcp2k	179369	receiver_type	104038-81017	30	11	13	104038	5.48	7.40	5.2	1.249	3.70	0.951	shower	11	11	81017	1.69	3.82	3.1	1.528	2.07	0.985	0.000	89.9	57.7	71.2	0	0
mcp2k	179369	receiver_type	104038-91027	30	11	13	104038	5.48	7.40	5.2	1.249	3.70	0.951	shower	11	11	91027	1.99	3.36	4.9	1.061	3.60	0.821	0.000	121.3	61.5	162.0	0	0
mcp2k	179369	receiver_type	104038-91027	30	11	13	104038	5.48	7.40	5.2	1.249	3.70	0.951	shower	11	11	91027	3.36	1.99	4.9	1.061	3.60	0.821	0.000	118.5	62.9	23.6	0	0
mcp2k	179369	receiver_type	104038-110046	30	11	13	104038	5.48	7.40	5.2	1.249	3.70	0.951	shower	11	11	110046	3.51	2.20	5.7	1.077	4.76	0.895	0.000	22.0	125.8	131.8	0	0
mcp2k	179369	receiver_type	104038-110046	30	11	13	104038	5.48	7.40	5.2	1.249	3.70	0.951	shower	11	11	110046	2.20	3.51	5.7	1.077	4.76	0.895	0.000	26.1	129.7	36.8	0	0
mcp2k	179369	receiver_type	104038-111047	30	11	13	104038	5.48	7.40	5.2	1.249	3.70	0.951	shower	11	11	111047	2.64	3.74	7.6	1.759	3.49	0.941	0.000	17.0	126.2	112.1	0	0
mcp2k	179369	receiver_type	104038-111047	30	11	13	104038	5.48	7.40	5.2	1.249	3.70	0.951	shower	11	11	111047	3.74	2.64	7.6	1.759	3.49	0.941	0.000	16.4	144.2	57.3	0	0
mcp2k	179369	receiver_type	108044-17001	30	11	11	108044	2.18	2.49	4.6	1.113	3.83	0.854	bare	-1	13	17001	4.93	201.38	452.2	1.172	1.44	0.972	0.001	88.6	18.1	130.0	0	0
mcp2k	179369	receiver_type	108044-17002	30	11	11	108044	2.18	2.49	4.6	1.113	3.83	0.854	shower	11	11	17002	4.93	0.57	10.5	1.564	1.40	0.961	0.056	88.6	18.1	46.6	0	0
mcp2k	179369	receiver_type	108044-17002	30	11	11	108044	2.18	2.49	4.6	1.113	3.83	0.854	shower	11	11	17002	0.57	4.93	10.5	1.564	1.40	0.961	0.056	93.8	14.4	129.6	0	0
mcp2k	179369	receiver_type	108044-17003	30	11	11	108044	2.18	2.49	4.6	1.113	3.83	0.854	bare	-1	211	17003	4.93	6.49	4.0	1.305	3.86	0.986	0.000	88.6	18.1	145.0	0	0
mcp2k	179369	receiver_type	108044-17003	30	11	11	108044	2.18	2.49	4.6	1.113	3.83	0.854	bare	-1	211	17003	6.49	4.93	4.0	1.305	3.86	0.986	0.000	85.0	17.8	35.9	0	0
mcp2k	179369	receiver_type	108044-81017	30	11	11	108044	2.18	2.49	4.6	1.113	3.83	0.854	shower	11	11	81017	3.82	1.69	3.1	1.528	2.07	0.985	0.000	73.6	15.5	131.0	0	0
mcp2k	179369	receiver_type	108044-81017	30	11	11	108044	2.18	2.49	4.6	1.113	3.83	0.854	shower	11	11	81017	1.69	3.82	3.1	1.528	2.07	0.985	0.000	71.5	15.4	47.9	0	0
mcp2k	179369	receiver_type	108044-91027	30	11	11	108044	2.18	2.49	4.6	1.113	3.83	0.854	shower	11	11	91027	1.99	3.36	4.9	1.061	3.60	0.821	0.000	102.0	9.0	123.7	0	0
mcp2k	179369	receiver_type	108044-91027	30	11	11	108044	2.18	2.49	4.6	1.113	3.83	0.854	shower	11	11	91027	3.36	1.99	4.9	1.061	3.60	0.821	0.000	99.1	7.5	47.5	0	0
mcp2k	179369	receiver_type	108044-110046	30	11	11	108044	2.18	2.49	4.6	1.113	3.83	0.854	shower	11	11	110046	3.51	2.20	5.7	1.077	4.76	0.895	0.000	19.4	131.6	119.4	0	0
mcp2k	179369	receiver_type	108044-110046	30	11	11	108044	2.18	2.49	4.6	1.113	3.83	0.854	shower	11	11	110046	2.20	3.51	5.7	1.077	4.76	0.895	0.000	24.0	127.7	77.5	0	0
mcp2k	179369	receiver_type	108044-111047	30	11	11	108044	2.18	2.49	4.6	1.113	3.83	0.854	shower	11	11	111047	2.64	3.74	7.6	1.759	3.49	0.941	0.000	18.6	147.8	166.9	0	0
mcp2k	179369	receiver_type	108044-111047	30	11	11	108044	2.18	2.49	4.6	1.113	3.83	0.854	shower	11	11	111047	3.74	2.64	7.6	1.759	3.49	0.941	0.000	24.9	155.9	15.8	0	0
mcp2k	179369	receiver_type	108044-17001	30	11	11	108044	2.49	2.18	4.6	1.113	3.83	0.854	bare	-1	13	17001	4.93	201.38	452.2	1.172	1.44	0.972	0.001	92.3	163.6	43.8	0	0
mcp2k	179369	receiver_type	108044-17002	30	11	11	108044	2.49	2.18	4.6	1.113	3.83	0.854	shower	11	11	17002	4.93	0.57	10.5	1.564	1.40	0.961	0.056	92.3	163.6	132.0	0	0
mcp2k	179369	receiver_type	108044-17002	30	11	11	108044	2.49	2.18	4.6	1.113	3.83	0.854	shower	11	11	17002	0.57	4.93	10.5	1.564	1.40	0.961	0.056	97.7	167.8	46.5	0	0
mcp2k	179369	receiver_type	108044-17003	30	11	11	108044	2.49	2.18	4.6	1.113	3.83	0.854	bare	-1	211	17003	4.93	6.49	4.0	1.305	3.86	0.986	0.000	92.3	163.6	16.7	0	0
mcp2k	179369	receiver_type	108044-17003	30	11	11	108044	2.49	2.18	4.6	1.113	3.83	0.854	bare	-1	211	17003	6.49	4.93	4.0	1.305	3.86	0.986	0.000	88.8	162.7	163.6	0	0
mcp2k	179369	receiver_type	108044-81017	30	11	11	108044	2.49	2.18	4.6	1.113	3.83	0.854	shower	11	11	81017	3.82	1.69	3.1	1.528	2.07	0.985	0.000	77.4	165.2	61.9	0	0
mcp2k	179369	receiver_type	108044-81017	30	11	11	108044	2.49	2.18	4.6	1.113	3.83	0.854	shower	11	11	81017	1.69	3.82	3.1	1.528	2.07	0.985	0.000	75.3	166.9	121.4	0	0
mcp2k	179369	receiver_type	108044-91027	30	11	11	108044	2.49	2.18	4.6	1.113	3.83	0.854	shower	11	11	91027	1.99	3.36	4.9	1.061	3.60	0.821	0.000	105.9	167.5	37.8	0	0
mcp2k	179369	receiver_type	108044-91027	30	11	11	108044	2.49	2.18	4.6	1.113	3.83	0.854	shower	11	11	91027	3.36	1.99	4.9	1.061	3.60	0.821	0.000	103.0	166.5	143.5	0	0
mcp2k	179369	receiver_type	108044-110046	30	11	11	108044	2.49	2.18	4.6	1.113	3.83	0.854	shower	11	11	110046	3.51	2.20	5.7	1.077	4.76	0.895	0.000	16.8	48.1	61.0	0	0
mcp2k	179369	receiver_type	108044-110046	30	11	11	108044	2.49	2.18	4.6	1.113	3.83	0.854	shower	11	11	110046	2.20	3.51	5.7	1.077	4.76	0.895	0.000	21.5	52.0	108.5	0	0
mcp2k	179369	receiver_type	108044-111047	30	11	11	108044	2.49	2.18	4.6	1.113	3.83	0.854	shower	11	11	111047	2.64	3.74	7.6	1.759	3.49	0.941	0.000	15.3	31.4	16.3	0	0
mcp2k	179369	receiver_type	108044-111047	30	11	11	108044	2.49	2.18	4.6	1.113	3.83	0.854	shower	11	11	111047	3.74	2.64	7.6	1.759	3.49	0.941	0.000	21.2	19.1	174.3	0	0
mcp2k	179369	receiver_type	110046-17001	4	11	11	110046	3.51	2.20	5.7	1.077	4.76	0.895	bare	-1	13	17001	4.93	201.38	452.2	1.172	1.44	0.972	0.001	105.8	41.9	75.2	0	0
mcp2k	179369	receiver_type	110046-17002	4	11	11	110046	3.51	2.20	5.7	1.077	4.76	0.895	shower	11	11	17002	4.93	0.57	10.5	1.564	1.40	0.961	0.056	105.8	41.9	106.7	0	0
mcp2k	179369	receiver_type	110046-17002	4	11	11	110046	3.51	2.20	5.7	1.077	4.76	0.895	shower	11	11	17002	0.57	4.93	10.5	1.564	1.40	0.961	0.056	110.4	46.7	72.6	0	0
mcp2k	179369	receiver_type	110046-17003	4	11	11	110046	3.51	2.20	5.7	1.077	4.76	0.895	bare	-1	211	17003	4.93	6.49	4.0	1.305	3.86	0.986	0.000	105.8	41.9	124.4	0	0
mcp2k	179369	receiver_type	110046-17003	4	11	11	110046	3.51	2.20	5.7	1.077	4.76	0.895	bare	-1	211	17003	6.49	4.93	4.0	1.305	3.86	0.986	0.000	102.2	41.4	62.1	0	0
mcp2k	179369	receiver_type	110046-24005	4	11	11	110046	3.51	2.20	5.7	1.077	4.76	0.895	shower	11	11	24005	7.45	6.28	5.9	1.519	5.34	0.884	0.000	15.9	100.9	107.5	0	0
mcp2k	179369	receiver_type	110046-24005	4	11	11	110046	3.51	2.20	5.7	1.077	4.76	0.895	shower	11	11	24005	6.28	7.45	5.9	1.519	5.34	0.884	0.000	20.6	102.5	75.7	0	0
mcp2k	179369	receiver_type	110046-24006	4	11	11	110046	3.51	2.20	5.7	1.077	4.76	0.895	shower	11	11	24006	6.28	1.50	27.2	1.357	3.57	0.883	0.000	20.6	102.5	143.0	0	0
mcp2k	179369	receiver_type	110046-24006	4	11	11	110046	3.51	2.20	5.7	1.077	4.76	0.895	shower	11	11	24006	1.50	6.28	27.2	1.357	3.57	0.883	0.000	41.5	125.7	36.6	0	0
mcp2k	179369	receiver_type	110046-81017	4	11	11	110046	3.51	2.20	5.7	1.077	4.76	0.895	shower	11	11	81017	3.82	1.69	3.1	1.528	2.07	0.985	0.000	90.5	43.4	145.6	0	0
mcp2k	179369	receiver_type	110046-81017	4	11	11	110046	3.51	2.20	5.7	1.077	4.76	0.895	shower	11	11	81017	1.69	3.82	3.1	1.528	2.07	0.985	0.000	88.3	44.4	27.9	0	0
mcp2k	179369	receiver_type	110046-91027	4	11	11	110046	3.51	2.20	5.7	1.077	4.76	0.895	shower	11	11	91027	1.99	3.36	4.9	1.061	3.60	0.821	0.000	117.5	50.6	121.9	0	0
mcp2k	179369	receiver_type	110046-91027	4	11	11	110046	3.51	2.20	5.7	1.077	4.76	0.895	shower	11	11	91027	3.36	1.99	4.9	1.061	3.60	0.821	0.000	114.3	51.1	33.5	0	0
mcp2k	179369	receiver_type	104038-110046	4	11	11	110046	3.51	2.20	5.7	1.077	4.76	0.895	shower	11	13	104038	7.40	5.48	5.2	1.249	3.70	0.951	0.000	19.0	55.4	45.2	0	0
mcp2k	179369	receiver_type	104038-110046	4	11	11	110046	3.51	2.20	5.7	1.077	4.76	0.895	shower	11	13	104038	5.48	7.40	5.2	1.249	3.70	0.951	0.000	22.0	49.9	131.8	0	0
mcp2k	179369	receiver_type	108044-110046	4	11	11	110046	3.51	2.20	5.7	1.077	4.76	0.895	shower	11	11	108044	2.18	2.49	4.6	1.113	3.83	0.854	0.000	19.4	29.0	119.4	0	0
mcp2k	179369	receiver_type	108044-110046	4	11	11	110046	3.51	2.20	5.7	1.077	4.76	0.895	shower	11	11	108044	2.49	2.18	4.6	1.113	3.83	0.854	0.000	16.8	26.1	61.0	0	0
mcp2k	179369	receiver_type	110046-111047	4	11	11	110046	3.51	2.20	5.7	1.077	4.76	0.895	shower	11	11	111047	2.64	3.74	7.6	1.759	3.49	0.941	0.000	5.4	68.4	108.9	0	0
mcp2k	179369	receiver_type	110046-111047	4	11	11	110046	3.51	2.20	5.7	1.077	4.76	0.895	shower	11	11	111047	3.74	2.64	7.6	1.759	3.49	0.941	0.000	11.0	93.7	64.5	0	0
mcp2k	179369	receiver_type	110046-17001	4	11	11	110046	2.20	3.51	5.7	1.077	4.76	0.895	bare	-1	13	17001	4.93	201.38	452.2	1.172	1.44	0.972	0.001	109.2	126.8	111.7	0	0
mcp2k	179369	receiver_type	110046-17002	4	11	11	110046	2.20	3.51	5.7	1.077	4.76	0.895	shower	11	11	17002	4.93	0.57	10.5	1.564	1.40	0.961	0.056	109.2	126.8	60.6	0	0
mcp2k	179369	receiver_type	110046-17002	4	11	11	110046	2.20	3.51	5.7	1.077	4.76	0.895	shower	11	11	17002	0.57	4.93	10.5	1.564	1.40	0.961	0.056	113.5	122.3	115.9	0	0
mcp2k	179369	receiver_type	110046-17003	4	11	11	110046	2.20	3.51	5.7	1.077	4.76	0.895	bare	-1	211	17003	4.93	6.49	4.0	1.305	3.86	0.986	0.000	109.2	126.8	60.0	0	0
mcp2k	179369	receiver_type	110046-17003	4	11	11	110046	2.20	3.51	5.7	1.077	4.76	0.895	bare	-1	211	17003	6.49	4.93	4.0	1.305	3.86	0.986	0.000	105.6	127.0	114.1	0	0
mcp2k	179369	receiver_type	110046-24005	4	11	11	110046	2.20	3.51	5.7	1.077	4.76	0.895	shower	11	11	24005	7.45	6.28	5.9	1.519	5.34	0.884	0.000	16.3	109.3	91.4	0	0
mcp2k	179369	receiver_type	110046-24005	4	11	11	110046	2.20	3.51	5.7	1.077	4.76	0.895	shower	11	11	24005	6.28	7.45	5.9	1.519	5.34	0.884	0.000	20.8	106.0	83.4	0	0
mcp2k	179369	receiver_type	110046-24006	4	11	11	110046	2.20	3.51	5.7	1.077	4.76	0.895	shower	11	11	24006	6.28	1.50	27.2	1.357	3.57	0.883	0.000	20.8	106.0	57.3	0	0
mcp2k	179369	receiver_type	110046-24006	4	11	11	110046	2.20	3.51	5.7	1.077	4.76	0.895	shower	11	11	24006	1.50	6.28	27.2	1.357	3.57	0.883	0.000	39.4	76.5	129.6	0	0
mcp2k	179369	receiver_type	110046-81017	4	11	11	110046	2.20	3.51	5.7	1.077	4.76	0.895	shower	11	11	81017	3.82	1.69	3.1	1.528	2.07	0.985	0.000	93.9	125.7	56.6	0	0
mcp2k	179369	receiver_type	110046-81017	4	11	11	110046	2.20	3.51	5.7	1.077	4.76	0.895	shower	11	11	81017	1.69	3.82	3.1	1.528	2.07	0.985	0.000	91.6	125.3	129.6	0	0
mcp2k	179369	receiver_type	110046-91027	4	11	11	110046	2.20	3.51	5.7	1.077	4.76	0.895	shower	11	11	91027	1.99	3.36	4.9	1.061	3.60	0.821	0.000	120.3	117.4	52.6	0	0
mcp2k	179369	receiver_type	110046-91027	4	11	11	110046	2.20	3.51	5.7	1.077	4.76	0.895	shower	11	11	91027	3.36	1.99	4.9	1.061	3.60	0.821	0.000	117.1	116.6	144.3	0	0
mcp2k	179369	receiver_type	104038-110046	4	11	11	110046	2.20	3.51	5.7	1.077	4.76	0.895	shower	11	13	104038	7.40	5.48	5.2	1.249	3.70	0.951	0.000	22.8	150.2	152.3	0	0
mcp2k	179369	receiver_type	104038-110046	4	11	11	110046	2.20	3.51	5.7	1.077	4.76	0.895	shower	11	13	104038	5.48	7.40	5.2	1.249	3.70	0.951	0.000	26.1	156.6	36.8	0	0
mcp2k	179369	receiver_type	108044-110046	4	11	11	110046	2.20	3.51	5.7	1.077	4.76	0.895	shower	11	11	108044	2.18	2.49	4.6	1.113	3.83	0.854	0.000	24.0	153.0	77.5	0	0
mcp2k	179369	receiver_type	108044-110046	4	11	11	110046	2.20	3.51	5.7	1.077	4.76	0.895	shower	11	11	108044	2.49	2.18	4.6	1.113	3.83	0.854	0.000	21.5	160.5	108.5	0	0
mcp2k	179369	receiver_type	110046-111047	4	11	11	110046	2.20	3.51	5.7	1.077	4.76	0.895	shower	11	11	111047	2.64	3.74	7.6	1.759	3.49	0.941	0.000	9.2	160.4	85.3	0	0
mcp2k	179369	receiver_type	110046-111047	4	11	11	110046	2.20	3.51	5.7	1.077	4.76	0.895	shower	11	11	111047	3.74	2.64	7.6	1.759	3.49	0.941	0.000	12.5	127.2	103.7	0	0
mcp2k	179369	receiver_type	111047-17001	5	11	11	111047	2.64	3.74	7.6	1.759	3.49	0.941	bare	-1	13	17001	4.93	201.38	452.2	1.172	1.44	0.972	0.001	106.7	27.7	143.0	0	0
mcp2k	179369	receiver_type	111047-17002	5	11	11	111047	2.64	3.74	7.6	1.759	3.49	0.941	shower	11	11	17002	4.93	0.57	10.5	1.564	1.40	0.961	0.056	106.7	27.7	35.6	0	0
mcp2k	179369	receiver_type	111047-17002	5	11	11	111047	2.64	3.74	7.6	1.759	3.49	0.941	shower	11	11	17002	0.57	4.93	10.5	1.564	1.40	0.961	0.056	111.7	23.2	142.2	0	0
mcp2k	179369	receiver_type	111047-17003	5	11	11	111047	2.64	3.74	7.6	1.759	3.49	0.941	bare	-1	211	17003	4.93	6.49	4.0	1.305	3.86	0.986	0.000	106.7	27.7	147.2	0	0
mcp2k	179369	receiver_type	111047-17003	5	11	11	111047	2.64	3.74	7.6	1.759	3.49	0.941	bare	-1	211	17003	6.49	4.93	4.0	1.305	3.86	0.986	0.000	103.1	28.0	31.1	0	0
mcp2k	179369	receiver_type	111047-24005	5	11	11	111047	2.64	3.74	7.6	1.759	3.49	0.941	shower	11	11	24005	7.45	6.28	5.9	1.519	5.34	0.884	0.000	13.2	160.7	162.4	0	0
mcp2k	179369	receiver_type	111047-24005	5	11	11	111047	2.64	3.74	7.6	1.759	3.49	0.941	shower	11	11	24005	6.28	7.45	5.9	1.519	5.34	0.884	0.000	17.4	172.1	28.6	0	0
mcp2k	179369	receiver_type	111047-24006	5	11	11	111047	2.64	3.74	7.6	1.759	3.49	0.941	shower	11	11	24006	6.28	1.50	27.2	1.357	3.57	0.883	0.000	17.4	172.1	142.2	0	0
mcp2k	179369	receiver_type	111047-24006	5	11	11	111047	2.64	3.74	7.6	1.759	3.49	0.941	shower	11	11	24006	1.50	6.28	27.2	1.357	3.57	0.883	0.000	39.6	157.2	35.4	0	0
mcp2k	179369	receiver_type	111047-81017	5	11	11	111047	2.64	3.74	7.6	1.759	3.49	0.941	shower	11	11	81017	3.82	1.69	3.1	1.528	2.07	0.985	0.000	91.6	25.8	117.9	0	0
mcp2k	179369	receiver_type	111047-81017	5	11	11	111047	2.64	3.74	7.6	1.759	3.49	0.941	shower	11	11	81017	1.69	3.82	3.1	1.528	2.07	0.985	0.000	89.4	25.1	60.9	0	0
mcp2k	179369	receiver_type	111047-91027	5	11	11	111047	2.64	3.74	7.6	1.759	3.49	0.941	shower	11	11	91027	1.99	3.36	4.9	1.061	3.60	0.821	0.000	119.3	18.8	126.7	0	0
mcp2k	179369	receiver_type	111047-91027	5	11	11	111047	2.64	3.74	7.6	1.759	3.49	0.941	shower	11	11	91027	3.36	1.99	4.9	1.061	3.60	0.821	0.000	116.2	18.1	51.7	0	0
mcp2k	179369	receiver_type	104038-111047	5	11	11	111047	2.64	3.74	7.6	1.759	3.49	0.941	shower	11	13	104038	7.40	5.48	5.2	1.249	3.70	0.951	0.000	14.1	122.1	80.8	0	0
mcp2k	179369	receiver_type	104038-111047	5	11	11	111047	2.64	3.74	7.6	1.759	3.49	0.941	shower	11	13	104038	5.48	7.40	5.2	1.249	3.70	0.951	0.000	17.0	111.2	112.1	0	0
mcp2k	179369	receiver_type	108044-111047	5	11	11	111047	2.64	3.74	7.6	1.759	3.49	0.941	shower	11	11	108044	2.18	2.49	4.6	1.113	3.83	0.854	0.000	18.6	38.2	166.9	0	0
mcp2k	179369	receiver_type	108044-111047	5	11	11	111047	2.64	3.74	7.6	1.759	3.49	0.941	shower	11	11	108044	2.49	2.18	4.6	1.113	3.83	0.854	0.000	15.3	44.9	16.3	0	0
mcp2k	179369	receiver_type	110046-111047	5	11	11	111047	2.64	3.74	7.6	1.759	3.49	0.941	shower	11	11	110046	3.51	2.20	5.7	1.077	4.76	0.895	0.000	5.4	54.1	108.9	0	0
mcp2k	179369	receiver_type	110046-111047	5	11	11	111047	2.64	3.74	7.6	1.759	3.49	0.941	shower	11	11	110046	2.20	3.51	5.7	1.077	4.76	0.895	0.000	9.2	76.5	85.3	0	0
mcp2k	179369	receiver_type	111047-17001	5	11	11	111047	3.74	2.64	7.6	1.759	3.49	0.941	bare	-1	13	17001	4.93	201.38	452.2	1.172	1.44	0.972	0.001	113.3	160.9	40.9	0	0
mcp2k	179369	receiver_type	111047-17002	5	11	11	111047	3.74	2.64	7.6	1.759	3.49	0.941	shower	11	11	17002	4.93	0.57	10.5	1.564	1.40	0.961	0.056	113.3	160.9	136.6	0	0
mcp2k	179369	receiver_type	111047-17002	5	11	11	111047	3.74	2.64	7.6	1.759	3.49	0.941	shower	11	11	17002	0.57	4.93	10.5	1.564	1.40	0.961	0.056	118.4	165.2	43.0	0	0
mcp2k	179369	receiver_type	111047-17003	5	11	11	111047	3.74	2.64	7.6	1.759	3.49	0.941	bare	-1	211	17003	4.93	6.49	4.0	1.305	3.86	0.986	0.000	113.3	160.9	22.3	0	0
mcp2k	179369	receiver_type	111047-17003	5	11	11	111047	3.74	2.64	7.6	1.759	3.49	0.941	bare	-1	211	17003	6.49	4.93	4.0	1.305	3.86	0.986	0.000	109.7	160.5	158.7	0	0
mcp2k	179369	receiver_type	111047-24005	5	11	11	111047	3.74	2.64	7.6	1.759	3.49	0.941	shower	11	11	24005	7.45	6.28	5.9	1.519	5.34	0.884	0.000	6.6	26.8	26.6	0	0
mcp2k	179369	receiver_type	111047-24005	5	11	11	111047	3.74	2.64	7.6	1.759	3.49	0.941	shower	11	11	24005	6.28	7.45	5.9	1.519	5.34	0.884	0.000	10.3	4.5	142.4	0	0
mcp2k	179369	receiver_type	111047-24006	5	11	11	111047	3.74	2.64	7.6	1.759	3.49	0.941	shower	11	11	24006	6.28	1.50	27.2	1.357	3.57	0.883	0.000	10.3	4.5	35.4	0	0
mcp2k	179369	receiver_type	111047-24006	5	11	11	111047	3.74	2.64	7.6	1.759	3.49	0.941	shower	11	11	24006	1.50	6.28	27.2	1.357	3.57	0.883	0.000	32.9	20.8	152.1	0	0
mcp2k	179369	receiver_type	111047-81017	5	11	11	111047	3.74	2.64	7.6	1.759	3.49	0.941	shower	11	11	81017	3.82	1.69	3.1	1.528	2.07	0.985	0.000	98.3	162.8	61.8	0	0
mcp2k	179369	receiver_type	111047-81017	5	11	11	111047	3.74	2.64	7.6	1.759	3.49	0.941	shower	11	11	81017	1.69	3.82	3.1	1.528	2.07	0.985	0.000	96.1	163.9	120.8	0	0
mcp2k	179369	receiver_type	111047-91027	5	11	11	111047	3.74	2.64	7.6	1.759	3.49	0.941	shower	11	11	91027	1.99	3.36	4.9	1.061	3.60	0.821	0.000	126.2	167.8	43.1	0	0
mcp2k	179369	receiver_type	111047-91027	5	11	11	111047	3.74	2.64	7.6	1.759	3.49	0.941	shower	11	11	91027	3.36	1.99	4.9	1.061	3.60	0.821	0.000	123.1	167.8	138.2	0	0
mcp2k	179369	receiver_type	104038-111047	5	11	11	111047	3.74	2.64	7.6	1.759	3.49	0.941	shower	11	13	104038	7.40	5.48	5.2	1.249	3.70	0.951	0.000	12.4	96.5	109.8	0	0
mcp2k	179369	receiver_type	104038-111047	5	11	11	111047	3.74	2.64	7.6	1.759	3.49	0.941	shower	11	13	104038	5.48	7.40	5.2	1.249	3.70	0.951	0.000	16.4	102.6	57.3	0	0
mcp2k	179369	receiver_type	108044-111047	5	11	11	111047	3.74	2.64	7.6	1.759	3.49	0.941	shower	11	11	108044	2.18	2.49	4.6	1.113	3.83	0.854	0.000	24.9	159.7	15.8	0	0
mcp2k	179369	receiver_type	108044-111047	5	11	11	111047	3.74	2.64	7.6	1.759	3.49	0.941	shower	11	11	108044	2.49	2.18	4.6	1.113	3.83	0.854	0.000	21.2	156.6	174.3	0	0
mcp2k	179369	receiver_type	110046-111047	5	11	11	111047	3.74	2.64	7.6	1.759	3.49	0.941	shower	11	11	110046	3.51	2.20	5.7	1.077	4.76	0.895	0.000	11.0	149.5	64.5	0	0
mcp2k	179369	receiver_type	110046-111047	5	11	11	111047	3.74	2.64	7.6	1.759	3.49	0.941	shower	11	11	110046	2.20	3.51	5.7	1.077	4.76	0.895	0.000	12.5	128.2	103.7	0	0
mcp2k	179897	receiver_type	24002-65011	0	11	11	65011	3.00	8.01	15.7	1.442	1.52	0.969	bare	-1	13	24002	8.61	13.93	84.8	1.387	3.55	0.942	0.000	18.0	177.1	171.7	0	0
mcp2k	179897	receiver_type	24002-65011	0	11	11	65011	8.01	3.00	15.7	1.442	1.52	0.969	bare	-1	13	24002	8.61	13.93	84.8	1.387	3.55	0.942	0.000	2.8	5.3	4.5	1	0
mcp2k	293536	receiver_type	17001-17016	7	11	11	17001	-0.97	-8.04	27.0	1.175	1.71	0.960	bare	-1	2212	17016	-8.04	-10.01	3.6	4.067	4.11	0.974	0.000	25.9	175.3	134.9	0	1
mcp2k	293536	receiver_type	17001-17016	7	11	11	17001	-0.97	-8.04	27.0	1.175	1.71	0.960	bare	-1	2212	17016	-10.01	-8.04	3.6	4.067	4.11	0.974	0.000	28.3	176.9	44.9	0	1
mcp2k	293536	receiver_type	17001-17027	7	11	11	17001	-0.97	-8.04	27.0	1.175	1.71	0.960	bare	-1	211	17027	-10.41	-8.04	14.7	1.847	3.73	0.794	0.000	28.0	157.9	85.7	0	1
mcp2k	293536	receiver_type	17001-17027	7	11	11	17001	-0.97	-8.04	27.0	1.175	1.71	0.960	bare	-1	211	17027	-8.04	-10.41	14.7	1.847	3.73	0.794	0.000	25.9	175.3	87.0	0	1
mcp2k	293536	receiver_type	17001-17016	7	11	11	17001	-8.04	-0.97	27.0	1.175	1.71	0.960	bare	-1	2212	17016	-8.04	-10.01	3.6	4.067	4.11	0.974	0.000	0.0	181.0	52.2	0	1
mcp2k	293536	receiver_type	17001-17016	7	11	11	17001	-8.04	-0.97	27.0	1.175	1.71	0.960	bare	-1	2212	17016	-10.01	-8.04	3.6	4.067	4.11	0.974	0.000	3.5	51.5	129.1	0	1
mcp2k	293536	receiver_type	17001-17027	7	11	11	17001	-8.04	-0.97	27.0	1.175	1.71	0.960	bare	-1	211	17027	-10.41	-8.04	14.7	1.847	3.73	0.794	0.000	11.6	93.6	88.4	0	1
mcp2k	293536	receiver_type	17001-17027	7	11	11	17001	-8.04	-0.97	27.0	1.175	1.71	0.960	bare	-1	211	17027	-8.04	-10.41	14.7	1.847	3.73	0.794	0.000	0.0	181.0	95.4	0	1
mcp2k	293536	receiver_type	17016-65024	7	11	11	65024	1.57	2.63	3.0	1.181	1.56	0.947	bare	-1	2212	17016	-8.04	-10.01	3.6	4.067	4.11	0.974	0.000	30.8	3.0	44.3	0	0
mcp2k	293536	receiver_type	17016-65024	7	11	11	65024	1.57	2.63	3.0	1.181	1.56	0.947	bare	-1	2212	17016	-10.01	-8.04	3.6	4.067	4.11	0.974	0.000	33.4	1.5	136.2	0	0
mcp2k	293536	receiver_type	17027-65024	7	11	11	65024	1.57	2.63	3.0	1.181	1.56	0.947	bare	-1	211	17027	-10.41	-8.04	14.7	1.847	3.73	0.794	0.000	32.8	17.8	95.4	0	0
mcp2k	293536	receiver_type	17027-65024	7	11	11	65024	1.57	2.63	3.0	1.181	1.56	0.947	bare	-1	211	17027	-8.04	-10.41	14.7	1.847	3.73	0.794	0.000	30.8	3.0	91.4	0	0
mcp2k	293536	receiver_type	17016-65024	7	11	11	65024	2.63	1.57	3.0	1.181	1.56	0.947	bare	-1	2212	17016	-8.04	-10.01	3.6	4.067	4.11	0.974	0.000	33.7	170.5	142.8	0	0
mcp2k	293536	receiver_type	17016-65024	7	11	11	65024	2.63	1.57	3.0	1.181	1.56	0.947	bare	-1	2212	17016	-10.01	-8.04	3.6	4.067	4.11	0.974	0.000	36.2	174.5	37.2	0	0
mcp2k	293536	receiver_type	17027-65024	7	11	11	65024	2.63	1.57	3.0	1.181	1.56	0.947	bare	-1	211	17027	-10.41	-8.04	14.7	1.847	3.73	0.794	0.000	35.5	168.5	78.0	0	0
mcp2k	293536	receiver_type	17027-65024	7	11	11	65024	2.63	1.57	3.0	1.181	1.56	0.947	bare	-1	211	17027	-8.04	-10.41	14.7	1.847	3.73	0.794	0.000	33.7	170.5	93.6	0	0
mcp2k	293536	receiver_type	17016-87025	7	11	13	87025	4.20	8.04	20.1	1.249	1.46	0.955	bare	-1	2212	17016	-8.04	-10.01	3.6	4.067	4.11	0.974	0.000	39.5	6.1	54.1	0	0
mcp2k	293536	receiver_type	17016-87025	7	11	13	87025	4.20	8.04	20.1	1.249	1.46	0.955	bare	-1	2212	17016	-10.01	-8.04	3.6	4.067	4.11	0.974	0.000	41.9	9.0	126.7	0	0
mcp2k	293536	receiver_type	17027-87025	7	11	13	87025	4.20	8.04	20.1	1.249	1.46	0.955	bare	-1	211	17027	-10.41	-8.04	14.7	1.847	3.73	0.794	0.000	40.4	20.2	85.9	0	0
mcp2k	293536	receiver_type	17027-87025	7	11	13	87025	4.20	8.04	20.1	1.249	1.46	0.955	bare	-1	211	17027	-8.04	-10.41	14.7	1.847	3.73	0.794	0.000	39.5	6.1	98.5	0	0
mcp2k	293536	receiver_type	17016-87025	7	11	13	87025	8.04	4.20	20.1	1.249	1.46	0.955	bare	-1	2212	17016	-8.04	-10.01	3.6	4.067	4.11	0.974	0.000	58.5	173.0	122.9	0	0
mcp2k	293536	receiver_type	17016-87025	7	11	13	87025	8.04	4.20	20.1	1.249	1.46	0.955	bare	-1	2212	17016	-10.01	-8.04	3.6	4.067	4.11	0.974	0.000	60.8	170.8	56.0	0	0
mcp2k	293536	receiver_type	17027-87025	7	11	13	87025	8.04	4.20	20.1	1.249	1.46	0.955	bare	-1	211	17027	-10.41	-8.04	14.7	1.847	3.73	0.794	0.000	58.7	163.7	96.7	0	0
mcp2k	293536	receiver_type	17027-87025	7	11	13	87025	8.04	4.20	20.1	1.249	1.46	0.955	bare	-1	211	17027	-8.04	-10.41	14.7	1.847	3.73	0.794	0.000	58.5	173.0	80.0	0	0
mcp2k	317539	receiver_type	19000-19001	11	11	11	19001	-9.74	-10.68	14.9	1.719	3.70	0.806	bare	-1	13	19000	-8.23	-9.95	178.2	1.215	2.13	0.939	0.000	163.6	92.8	74.8	0	1
mcp2k	317539	receiver_type	19000-19001	11	11	11	19001	-9.74	-10.68	14.9	1.719	3.70	0.806	bare	-1	13	19000	-9.95	-8.23	178.2	1.215	2.13	0.939	0.000	4.0	69.6	70.4	0	1
mcp2k	317539	receiver_type	19000-19001	11	11	11	19001	-10.68	-9.74	14.9	1.719	3.70	0.806	bare	-1	13	19000	-8.23	-9.95	178.2	1.215	2.13	0.939	0.000	164.2	98.6	96.2	0	1
mcp2k	317539	receiver_type	19000-19001	11	11	11	19001	-10.68	-9.74	14.9	1.719	3.70	0.806	bare	-1	13	19000	-9.95	-8.23	178.2	1.215	2.13	0.939	0.000	13.7	157.9	115.1	0	1
mcp2k	319913	receiver_type	33005-8001	2	11	11	33005	6.97	5.54	2.9	1.026	4.67	0.994	bare	-1	13	8001	7.89	-36.51	62.5	1.359	1.00	0.955	0.000	3.2	116.8	117.7	0	0
mcp2k	319913	receiver_type	33005-8001	2	11	11	33005	5.54	6.97	2.9	1.026	4.67	0.994	bare	-1	13	8001	7.89	-36.51	62.5	1.359	1.00	0.955	0.000	3.2	114.9	63.8	0	0
mcp2k	347824	receiver_type	117107-82017	8	11	11	82017	11.48	13.03	2.2	1.394	2.21	0.866	shower	11	11	117107	-11.43	-13.29	2.8	1.648	2.90	0.879	0.000	50.8	43.7	35.2	0	0
mcp2k	347824	receiver_type	117107-82017	9	11	11	117107	-11.43	-13.29	2.8	1.648	2.90	0.879	shower	11	11	82017	11.48	13.03	2.2	1.394	2.21	0.866	0.000	50.8	26.4	35.2	0	0
mcp2k	347890	partner_type	4000-8017	6	13	13	4000	4.95	106.91	182.9	1.276	1.11	0.972	shower	11	11	8017	-11.47	-4.15	17.5	1.255	1.64	0.963	0.000	30.6	3.3	171.5	0	0
mcp2k	347890	partner_type	4000-8017	6	13	13	4000	4.95	106.91	182.9	1.276	1.11	0.972	shower	11	11	8017	-4.15	-11.47	17.5	1.255	1.64	0.963	0.000	14.3	14.7	7.1	0	0
mcp2k	347890	partner_type	4000-8018	6	13	13	4000	4.95	106.91	182.9	1.276	1.11	0.972	shower	11	11	8018	-11.47	-9.96	8.8	0.673	3.81	0.862	0.438	30.6	3.3	157.0	0	0
mcp2k	347890	partner_type	4000-8018	6	13	13	4000	4.95	106.91	182.9	1.276	1.11	0.972	shower	11	11	8018	-9.96	-11.47	8.8	0.673	3.81	0.862	0.438	24.2	11.6	29.2	0	0
mcp2k	347890	receiver_type	4000-8017	0	11	11	8017	-11.47	-4.15	17.5	1.255	1.64	0.963	shower	13	13	4000	4.95	106.91	182.9	1.276	1.11	0.972	0.000	30.6	169.6	171.5	0	0
mcp2k	347890	receiver_type	8010-8017	0	11	11	8017	-11.47	-4.15	17.5	1.255	1.64	0.963	bare	-1	2212	8010	-11.47	-16.47	13.3	3.719	1.73	0.967	0.000	0.0	181.0	70.1	0	1
mcp2k	347890	receiver_type	8017-8018	0	11	11	8017	-11.47	-4.15	17.5	1.255	1.64	0.963	shower	11	11	8018	-11.47	-9.96	8.8	0.673	3.81	0.862	0.438	0.0	181.0	165.0	0	1
mcp2k	347890	receiver_type	8017-8018	0	11	11	8017	-11.47	-4.15	17.5	1.255	1.64	0.963	shower	11	11	8018	-9.96	-11.47	8.8	0.673	3.81	0.862	0.438	7.6	161.6	22.6	0	1
mcp2k	347890	receiver_type	4000-8017	0	11	11	8017	-4.15	-11.47	17.5	1.255	1.64	0.963	shower	13	13	4000	4.95	106.91	182.9	1.276	1.11	0.972	0.000	14.3	21.8	7.1	0	0
mcp2k	347890	receiver_type	8010-8017	0	11	11	8017	-4.15	-11.47	17.5	1.255	1.64	0.963	bare	-1	2212	8010	-11.47	-16.47	13.3	3.719	1.73	0.967	0.000	16.9	178.1	106.5	0	1
mcp2k	347890	receiver_type	8017-8018	0	11	11	8017	-4.15	-11.47	17.5	1.255	1.64	0.963	shower	11	11	8018	-11.47	-9.96	8.8	0.673	3.81	0.862	0.438	16.9	178.1	16.0	0	1
mcp2k	347890	receiver_type	8017-8018	0	11	11	8017	-4.15	-11.47	17.5	1.255	1.64	0.963	shower	11	11	8018	-9.96	-11.47	8.8	0.673	3.81	0.862	0.438	9.9	165.9	157.8	0	1
mcp2k	347890	receiver_type	4000-8018	1	11	11	8018	-11.47	-9.96	8.8	0.673	3.81	0.862	shower	13	13	4000	4.95	106.91	182.9	1.276	1.11	0.972	0.000	30.6	154.7	157.0	0	0
mcp2k	347890	receiver_type	8010-8018	1	11	11	8018	-11.47	-9.96	8.8	0.673	3.81	0.862	bare	-1	2212	8010	-11.47	-16.47	13.3	3.719	1.73	0.967	0.000	0.0	181.0	62.1	0	1
mcp2k	347890	receiver_type	8017-8018	1	11	11	8018	-11.47	-9.96	8.8	0.673	3.81	0.862	shower	11	11	8017	-11.47	-4.15	17.5	1.255	1.64	0.963	0.000	0.0	181.0	165.0	0	1
mcp2k	347890	receiver_type	8017-8018	1	11	11	8018	-11.47	-9.96	8.8	0.673	3.81	0.862	shower	11	11	8017	-4.15	-11.47	17.5	1.255	1.64	0.963	0.000	16.9	164.6	16.0	0	1
mcp2k	347890	receiver_type	4000-8018	1	11	11	8018	-9.96	-11.47	8.8	0.673	3.81	0.862	shower	13	13	4000	4.95	106.91	182.9	1.276	1.11	0.972	0.000	24.2	40.8	29.2	0	0
mcp2k	347890	receiver_type	8010-8018	1	11	11	8018	-9.96	-11.47	8.8	0.673	3.81	0.862	bare	-1	2212	8010	-11.47	-16.47	13.3	3.719	1.73	0.967	0.000	7.6	174.9	113.6	0	1
mcp2k	347890	receiver_type	8017-8018	1	11	11	8018	-9.96	-11.47	8.8	0.673	3.81	0.862	shower	11	11	8017	-11.47	-4.15	17.5	1.255	1.64	0.963	0.000	7.6	174.9	22.6	0	1
mcp2k	347890	receiver_type	8017-8018	1	11	11	8018	-9.96	-11.47	8.8	0.673	3.81	0.862	shower	11	11	8017	-4.15	-11.47	17.5	1.255	1.64	0.963	0.000	9.9	36.3	157.8	0	1
mcp2k	392009	receiver_type	58014-58015	0	211	211	58014	2.29	16.38	23.7	1.121	1.19	0.991	bare	-1	13	58015	2.29	-71.76	114.1	1.234	1.08	0.975	0.000	0.0	181.0	15.3	0	1
mcp2k	392009	receiver_type	58015-58016	0	211	11	58016	2.29	-1.70	4.6	0.401	3.18	0.954	bare	-1	13	58015	2.29	-71.76	114.1	1.234	1.08	0.975	0.000	0.0	181.0	150.2	0	1
mcp2k	392009	receiver_type	58015-58016	0	211	11	58016	-1.70	2.29	4.6	0.401	3.18	0.954	bare	-1	13	58015	2.29	-71.76	114.1	1.234	1.08	0.975	0.000	4.3	173.9	17.1	0	1
mcp2k	392901	receiver_type	22000-23001	0	11	11	23001	2.15	1.32	6.1	0.893	3.78	0.910	bare	-1	13	22000	-8.09	-24.24	42.5	1.147	1.73	0.943	0.000	314.8	17.9	30.5	0	0
mcp2k	392901	receiver_type	22000-23001	0	11	11	23001	1.32	2.15	6.1	0.893	3.78	0.910	bare	-1	13	22000	-8.09	-24.24	42.5	1.147	1.73	0.943	0.000	319.8	147.7	133.3	0	0
mcp2k	395012	receiver_type	10012-16014	3	11	11	16014	5.19	3.74	2.0	1.368	3.59	0.967	bare	-1	13	10012	10.38	-31.90	49.9	1.355	0.98	0.966	0.000	303.2	58.4	142.7	0	0
mcp2k	395012	receiver_type	10012-16014	3	11	11	16014	3.74	5.19	2.0	1.368	3.59	0.967	bare	-1	13	10012	10.38	-31.90	49.9	1.355	0.98	0.966	0.000	304.4	132.8	46.9	0	0
mcp2k	397476	receiver_type	23006-25007	1	11	11	25007	1.69	3.46	9.7	2.373	3.69	0.880	bare	-1	13	23006	-1.57	-35.42	207.8	1.213	1.68	0.962	0.000	3.8	71.5	26.0	0	0
mcp2k	397476	receiver_type	23006-25007	1	11	11	25007	3.46	1.69	9.7	2.373	3.69	0.880	bare	-1	13	23006	-1.57	-35.42	207.8	1.213	1.68	0.962	0.000	10.2	153.0	137.2	0	0
mcp2k	406125	receiver_type	33020-8003	0	211	11	33020	-10.10	-9.62	2.5	1.347	5.71	0.911	bare	-1	13	8003	-7.95	15.98	87.0	1.310	1.70	0.919	0.000	12.3	51.5	83.2	0	0
mcp2k	406125	receiver_type	33020-38025	0	211	11	33020	-10.10	-9.62	2.5	1.347	5.71	0.911	shower	11	11	38025	-4.72	-2.79	2.7	0.988	5.42	1.000	0.000	14.2	57.5	78.0	0	0
mcp2k	406125	receiver_type	33020-38025	0	211	11	33020	-10.10	-9.62	2.5	1.347	5.71	0.911	shower	11	11	38025	-2.79	-4.72	2.7	0.988	5.42	1.000	0.000	16.6	60.5	102.0	0	0
mcp2k	406125	receiver_type	33020-8003	0	211	11	33020	-9.62	-10.10	2.5	1.347	5.71	0.911	bare	-1	13	8003	-7.95	15.98	87.0	1.310	1.70	0.919	0.000	13.6	120.2	107.8	0	0
mcp2k	406125	receiver_type	33020-38025	0	211	11	33020	-9.62	-10.10	2.5	1.347	5.71	0.911	shower	11	11	38025	-4.72	-2.79	2.7	0.988	5.42	1.000	0.000	15.3	114.2	88.1	0	0
mcp2k	406125	receiver_type	33020-38025	0	211	11	33020	-9.62	-10.10	2.5	1.347	5.71	0.911	shower	11	11	38025	-2.79	-4.72	2.7	0.988	5.42	1.000	0.000	17.6	110.6	91.9	0	0
mcp2k	406125	receiver_type	35022-8003	0	211	11	35022	-7.99	-6.45	3.2	1.612	6.39	0.684	bare	-1	13	8003	-7.95	15.98	87.0	1.310	1.70	0.919	0.000	17.5	84.8	157.6	0	0
mcp2k	406125	receiver_type	35022-38025	0	211	11	35022	-7.99	-6.45	3.2	1.612	6.39	0.684	shower	11	11	38025	-4.72	-2.79	2.7	0.988	5.42	1.000	0.000	18.8	91.2	107.3	0	0
mcp2k	406125	receiver_type	35022-38025	0	211	11	35022	-7.99	-6.45	3.2	1.612	6.39	0.684	shower	11	11	38025	-2.79	-4.72	2.7	0.988	5.42	1.000	0.000	20.8	93.2	72.7	0	0
mcp2k	406125	receiver_type	35022-8003	0	211	11	35022	-6.45	-7.99	3.2	1.612	6.39	0.684	bare	-1	13	8003	-7.95	15.98	87.0	1.310	1.70	0.919	0.000	18.2	125.1	15.5	0	0
mcp2k	406125	receiver_type	35022-38025	0	211	11	35022	-6.45	-7.99	3.2	1.612	6.39	0.684	shower	11	11	38025	-4.72	-2.79	2.7	0.988	5.42	1.000	0.000	19.3	118.1	88.3	0	0
mcp2k	406125	receiver_type	35022-38025	0	211	11	35022	-6.45	-7.99	3.2	1.612	6.39	0.684	shower	11	11	38025	-2.79	-4.72	2.7	0.988	5.42	1.000	0.000	21.3	115.0	91.7	0	0
mcp2k	406125	receiver_type	38025-8003	1	11	11	38025	-4.72	-2.79	2.7	0.988	5.42	1.000	bare	-1	13	8003	-7.95	15.98	87.0	1.310	1.70	0.919	0.000	3.4	25.2	85.2	0	0
mcp2k	406125	receiver_type	33020-38025	1	11	11	38025	-4.72	-2.79	2.7	0.988	5.42	1.000	shower	211	11	33020	-10.10	-9.62	2.5	1.347	5.71	0.911	0.000	14.2	26.3	78.0	0	0
mcp2k	406125	receiver_type	33020-38025	1	11	11	38025	-4.72	-2.79	2.7	0.988	5.42	1.000	shower	211	11	33020	-9.62	-10.10	2.5	1.347	5.71	0.911	0.000	15.3	32.3	88.1	0	0
mcp2k	406125	receiver_type	35022-38025	1	11	11	38025	-4.72	-2.79	2.7	0.988	5.42	1.000	shower	211	11	35022	-7.99	-6.45	3.2	1.612	6.39	0.684	0.000	18.8	40.1	107.3	0	0
mcp2k	406125	receiver_type	35022-38025	1	11	11	38025	-4.72	-2.79	2.7	0.988	5.42	1.000	shower	211	11	35022	-6.45	-7.99	3.2	1.612	6.39	0.684	0.000	19.3	43.5	88.3	0	0
mcp2k	406125	receiver_type	38025-8063	1	11	11	38025	-4.72	-2.79	2.7	0.988	5.42	1.000	shower	211	211	8063	-7.95	-10.25	12.9	2.061	3.82	0.866	0.000	3.4	25.2	38.5	0	0
mcp2k	406125	receiver_type	38025-8063	1	11	11	38025	-4.72	-2.79	2.7	0.988	5.42	1.000	shower	211	211	8063	-10.25	-7.95	12.9	2.061	3.82	0.866	0.000	13.1	29.5	134.1	0	0
mcp2k	406125	receiver_type	38025-8064	1	11	11	38025	-4.72	-2.79	2.7	0.988	5.42	1.000	shower	211	11	8064	-7.39	-10.25	8.3	1.089	4.92	0.684	0.000	16.4	39.5	115.7	0	0
mcp2k	406125	receiver_type	38025-8064	1	11	11	38025	-4.72	-2.79	2.7	0.988	5.42	1.000	shower	211	11	8064	-10.25	-7.39	8.3	1.089	4.92	0.684	0.000	13.1	29.5	95.4	0	0
mcp2k	406125	receiver_type	38025-8003	1	11	11	38025	-2.79	-4.72	2.7	0.988	5.42	1.000	bare	-1	13	8003	-7.95	15.98	87.0	1.310	1.70	0.919	0.000	5.9	165.8	94.8	0	0
mcp2k	406125	receiver_type	33020-38025	1	11	11	38025	-2.79	-4.72	2.7	0.988	5.42	1.000	shower	211	11	33020	-10.10	-9.62	2.5	1.347	5.71	0.911	0.000	16.6	157.8	102.0	0	0
mcp2k	406125	receiver_type	33020-38025	1	11	11	38025	-2.79	-4.72	2.7	0.988	5.42	1.000	shower	211	11	33020	-9.62	-10.10	2.5	1.347	5.71	0.911	0.000	17.6	152.4	91.9	0	0
mcp2k	406125	receiver_type	35022-38025	1	11	11	38025	-2.79	-4.72	2.7	0.988	5.42	1.000	shower	211	11	35022	-7.99	-6.45	3.2	1.612	6.39	0.684	0.000	20.8	144.6	72.7	0	0
mcp2k	406125	receiver_type	35022-38025	1	11	11	38025	-2.79	-4.72	2.7	0.988	5.42	1.000	shower	211	11	35022	-6.45	-7.99	3.2	1.612	6.39	0.684	0.000	21.3	141.4	91.7	0	0
mcp2k	406125	receiver_type	38025-8063	1	11	11	38025	-2.79	-4.72	2.7	0.988	5.42	1.000	shower	211	211	8063	-7.95	-10.25	12.9	2.061	3.82	0.866	0.000	5.9	165.8	141.5	0	0
mcp2k	406125	receiver_type	38025-8063	1	11	11	38025	-2.79	-4.72	2.7	0.988	5.42	1.000	shower	211	211	8063	-10.25	-7.95	12.9	2.061	3.82	0.866	0.000	15.5	155.3	45.9	0	0
mcp2k	406125	receiver_type	38025-8064	1	11	11	38025	-2.79	-4.72	2.7	0.988	5.42	1.000	shower	211	11	8064	-7.39	-10.25	8.3	1.089	4.92	0.684	0.000	18.5	145.7	64.3	0	0
mcp2k	406125	receiver_type	38025-8064	1	11	11	38025	-2.79	-4.72	2.7	0.988	5.42	1.000	shower	211	11	8064	-10.25	-7.39	8.3	1.089	4.92	0.684	0.000	15.5	155.3	84.6	0	0
mcp2k	406125	receiver_type	8003-8063	0	211	211	8063	-7.95	-10.25	12.9	2.061	3.82	0.866	bare	-1	13	8003	-7.95	15.98	87.0	1.310	1.70	0.919	0.000	0.0	181.0	106.4	0	1
mcp2k	406125	receiver_type	38025-8063	0	211	211	8063	-7.95	-10.25	12.9	2.061	3.82	0.866	shower	11	11	38025	-4.72	-2.79	2.7	0.988	5.42	1.000	0.000	3.4	61.0	38.5	0	0
mcp2k	406125	receiver_type	38025-8063	0	211	211	8063	-7.95	-10.25	12.9	2.061	3.82	0.866	shower	11	11	38025	-2.79	-4.72	2.7	0.988	5.42	1.000	0.000	5.9	50.9	141.5	0	0
mcp2k	406125	receiver_type	8003-8063	0	211	211	8063	-10.25	-7.95	12.9	2.061	3.82	0.866	bare	-1	13	8003	-7.95	15.98	87.0	1.310	1.70	0.919	0.000	11.2	172.9	84.7	0	1
mcp2k	406125	receiver_type	38025-8063	0	211	211	8063	-10.25	-7.95	12.9	2.061	3.82	0.866	shower	11	11	38025	-4.72	-2.79	2.7	0.988	5.42	1.000	0.000	13.1	163.6	134.1	0	0
mcp2k	406125	receiver_type	38025-8063	0	211	211	8063	-10.25	-7.95	12.9	2.061	3.82	0.866	shower	11	11	38025	-2.79	-4.72	2.7	0.988	5.42	1.000	0.000	15.5	158.7	45.9	0	0
mcp2k	406125	receiver_type	8003-8064	0	211	11	8064	-7.39	-10.25	8.3	1.089	4.92	0.684	bare	-1	13	8003	-7.95	15.98	87.0	1.310	1.70	0.919	0.000	15.2	163.7	49.3	0	1
mcp2k	406125	receiver_type	38025-8064	0	211	11	8064	-7.39	-10.25	8.3	1.089	4.92	0.684	shower	11	11	38025	-4.72	-2.79	2.7	0.988	5.42	1.000	0.000	16.4	153.0	115.7	0	0
mcp2k	406125	receiver_type	38025-8064	0	211	11	8064	-7.39	-10.25	8.3	1.089	4.92	0.684	shower	11	11	38025	-2.79	-4.72	2.7	0.988	5.42	1.000	0.000	18.5	148.3	64.3	0	0
mcp2k	406125	receiver_type	8003-8064	0	211	11	8064	-10.25	-7.39	8.3	1.089	4.92	0.684	bare	-1	13	8003	-7.95	15.98	87.0	1.310	1.70	0.919	0.000	11.2	81.3	166.9	0	1
mcp2k	406125	receiver_type	38025-8064	0	211	11	8064	-10.25	-7.39	8.3	1.089	4.92	0.684	shower	11	11	38025	-4.72	-2.79	2.7	0.988	5.42	1.000	0.000	13.1	89.5	95.4	0	0
mcp2k	406125	receiver_type	38025-8064	0	211	11	8064	-10.25	-7.39	8.3	1.089	4.92	0.684	shower	11	11	38025	-2.79	-4.72	2.7	0.988	5.42	1.000	0.000	15.5	90.5	84.6	0	0
mcp2k	407798	receiver_type	28001-28003	0	11	11	28003	-4.84	-1.46	6.3	1.012	1.56	0.983	bare	-1	211	28001	-4.84	-18.41	36.7	1.435	1.59	0.972	0.000	0.0	181.0	10.6	0	1
mcp2k	407798	receiver_type	28003-28015	0	11	11	28003	-4.84	-1.46	6.3	1.012	1.56	0.983	bare	-1	13	28015	-2.82	62.29	113.8	1.192	1.26	0.969	0.005	3.7	177.5	157.6	0	1
mcp2k	407798	receiver_type	28003-28017	0	11	11	28003	-4.84	-1.46	6.3	1.012	1.56	0.983	bare	-1	211	28017	-2.82	-1.46	2.7	0.443	2.29	0.947	0.400	3.7	177.5	174.5	0	1
mcp2k	407798	receiver_type	28003-28017	0	11	11	28003	-4.84	-1.46	6.3	1.012	1.56	0.983	bare	-1	211	28017	-1.46	-2.82	2.7	0.443	2.29	0.947	0.400	6.2	177.6	9.2	0	1
mcp2k	407798	receiver_type	28001-28003	0	11	11	28003	-1.46	-4.84	6.3	1.012	1.56	0.983	bare	-1	211	28001	-4.84	-18.41	36.7	1.435	1.59	0.972	0.000	6.2	177.8	164.8	0	1
mcp2k	407798	receiver_type	28003-28015	0	11	11	28003	-1.46	-4.84	6.3	1.012	1.56	0.983	bare	-1	13	28015	-2.82	62.29	113.8	1.192	1.26	0.969	0.005	2.5	177.5	17.8	0	1
mcp2k	407798	receiver_type	28003-28017	0	11	11	28003	-1.46	-4.84	6.3	1.012	1.56	0.983	bare	-1	211	28017	-2.82	-1.46	2.7	0.443	2.29	0.947	0.400	2.5	177.5	8.1	0	1
mcp2k	407798	receiver_type	28003-28017	0	11	11	28003	-1.46	-4.84	6.3	1.012	1.56	0.983	bare	-1	211	28017	-1.46	-2.82	2.7	0.443	2.29	0.947	0.400	0.0	181.0	172.9	0	1
mcp2k	410680	angle_gap	11027-19018	0	13	13	19018	1.52	2.78	4.7	3.146	1.88	0.998	bare	-1	13	11027	-5.41	-80.73	139.4	1.206	1.10	0.973	0.000	11.4	27.9	22.1	0	0
mcp2k	410680	angle_gap	11027-19018	0	13	13	19018	2.78	1.52	4.7	3.146	1.88	0.998	bare	-1	13	11027	-5.41	-80.73	139.4	1.206	1.10	0.973	0.000	15.7	160.1	157.7	0	0
mcp2k	415564	receiver_type	17001-38011	3	2212	2212	38011	9.93	8.52	4.3	2.639	7.23	0.911	bare	-1	13	17001	3.22	33.59	132.6	1.786	1.77	0.920	0.000	21.9	137.8	38.2	0	0
mcp2k	415564	receiver_type	17001-38011	3	2212	2212	38011	8.52	9.93	4.3	2.639	7.23	0.911	bare	-1	13	17001	3.22	33.59	132.6	1.786	1.77	0.920	0.000	18.7	26.5	163.7	0	0
mcp2k	415564	receiver_type	17001-38012	3	2212	211	38012	8.52	7.52	4.1	1.478	4.67	0.967	bare	-1	13	17001	3.22	33.59	132.6	1.786	1.77	0.920	0.000	18.7	171.2	18.2	0	0
mcp2k	415564	receiver_type	17001-38012	3	2212	211	38012	7.52	8.52	4.1	1.478	4.67	0.967	bare	-1	13	17001	3.22	33.59	132.6	1.786	1.77	0.920	0.000	14.8	11.8	160.7	0	0
mcp2k	478220	receiver_type	17001-17002	0	11	11	17001	1.85	8.79	7.8	1.211	1.09	0.966	bare	-1	13	17002	8.79	60.90	274.3	1.162	1.57	0.944	0.000	7.5	175.0	125.7	0	1
mcp2k	478220	receiver_type	17001-17002	0	11	11	17001	8.79	1.85	7.8	1.211	1.09	0.966	bare	-1	13	17002	8.79	60.90	274.3	1.162	1.57	0.944	0.000	0.0	181.0	45.7	0	1
mcp2k	493659	receiver_type	20000-29001	0	11	11	29001	1.81	14.31	35.8	1.445	1.52	0.986	bare	-1	211	20000	-1.11	-68.12	71.7	1.194	0.86	0.978	0.000	4.1	26.1	51.8	0	0
mcp2k	497311	ok	15000-19007	0	13	13	15000	-5.08	-40.44	332.8	1.133	1.74	0.943	shower	13	13	19007	2.74	26.06	170.1	1.169	1.85	0.933	0.000	27.0	8.9	6.4	0	0
mcp2k	497311	ok	15000-19007	1	13	13	19007	2.74	26.06	170.1	1.169	1.85	0.933	shower	13	13	15000	-5.08	-40.44	332.8	1.133	1.74	0.943	0.000	27.0	9.7	6.4	0	0
mcp2k	499577	receiver_type	13057-96053	3	11	11	96053	-11.52	-7.08	6.0	1.888	3.39	0.929	shower	11	11	13057	-0.79	-14.90	19.2	1.641	1.89	0.916	0.000	19.2	86.7	70.5	0	0
mcp2k	499577	receiver_type	13057-96053	3	11	11	96053	-7.08	-11.52	6.0	1.888	3.39	0.929	shower	11	11	13057	-0.79	-14.90	19.2	1.641	1.89	0.916	0.000	20.2	105.9	113.7	0	0
mcp2k	499577	receiver_type	13057-96053	1	11	11	13057	-0.79	-14.90	19.2	1.641	1.89	0.916	shower	11	11	96053	-11.52	-7.08	6.0	1.888	3.39	0.929	0.000	19.2	156.0	70.5	0	0
mcp2k	499577	receiver_type	13057-96053	1	11	11	13057	-0.79	-14.90	19.2	1.641	1.89	0.916	shower	11	11	96053	-7.08	-11.52	6.0	1.888	3.39	0.929	0.000	20.2	140.2	113.7	0	0
mcp2k	51868	receiver_type	7000-7001	0	11	11	7001	7.99	2.76	10.0	1.385	2.16	0.951	bare	-1	13	7000	7.99	12.02	163.9	1.224	2.09	0.950	0.000	0.0	181.0	119.8	0	1
mcp2k	51868	receiver_type	7000-7001	0	11	11	7001	2.76	7.99	10.0	1.385	2.16	0.951	bare	-1	13	7000	7.99	12.02	163.9	1.224	2.09	0.950	0.000	9.5	176.4	53.2	0	1
mcp2k	55740	partner_type	17000-23016	14	13	13	17000	10.73	37.12	168.2	1.132	1.87	0.941	shower	2212	2212	23016	6.56	10.70	4.4	4.518	1.09	0.999	0.000	145.8	137.7	87.7	0	0
mcp2k	55740	partner_type	17000-23016	14	13	13	17000	10.73	37.12	168.2	1.132	1.87	0.941	shower	2212	2212	23016	10.70	6.56	4.4	4.518	1.09	0.999	0.000	144.3	138.2	93.4	0	0
mcp2k	55740	receiver_type	17000-23016	4	2212	2212	23016	6.56	10.70	4.4	4.518	1.09	0.999	shower	13	13	17000	10.73	37.12	168.2	1.132	1.87	0.941	0.000	145.8	110.1	87.7	0	0
mcp2k	55740	receiver_type	17000-23016	4	2212	2212	23016	10.70	6.56	4.4	4.518	1.09	0.999	shower	13	13	17000	10.73	37.12	168.2	1.132	1.87	0.941	0.000	144.3	70.8	93.4	0	0
mcp2k	67026	partner_type	17001-22007	0	13	13	17001	-1.12	-121.69	257.9	1.150	1.24	0.983	shower	11	11	22007	10.05	12.02	5.8	1.412	2.56	0.910	0.000	214.6	39.4	118.4	0	0
mcp2k	67026	receiver_type	17001-22007	1	11	11	22007	10.05	12.02	5.8	1.412	2.56	0.910	shower	13	13	17001	-1.12	-121.69	257.9	1.150	1.24	0.983	0.000	214.6	128.8	118.4	0	0
mcp2k	67026	receiver_type	22007-35011	1	11	11	22007	10.05	12.02	5.8	1.412	2.56	0.910	shower	13	13	35011	1.63	33.15	65.7	1.246	1.25	0.977	0.000	212.3	130.2	63.4	0	0
mcp2k	67026	partner_type	22007-35011	0	13	13	35011	1.63	33.15	65.7	1.246	1.25	0.977	shower	11	11	22007	10.05	12.02	5.8	1.412	2.56	0.910	0.000	212.3	142.6	63.4	0	0
mcp2k	69232	receiver_type	20005-60015	0	11	11	20005	6.96	5.99	10.7	1.051	6.29	0.833	shower	11	11	60015	11.32	10.94	3.9	1.147	5.40	0.953	0.000	46.4	23.9	146.8	0	0
mcp2k	69232	receiver_type	20005-60015	0	11	11	20005	6.96	5.99	10.7	1.051	6.29	0.833	shower	11	11	60015	10.94	11.32	3.9	1.147	5.40	0.953	0.000	44.8	28.0	43.8	0	0
mcp2k	69232	receiver_type	20005-20026	0	11	11	20005	6.96	5.99	10.7	1.051	6.29	0.833	bare	-1	211	20026	9.19	13.21	30.6	0.339	2.38	0.897	0.096	5.9	82.9	22.8	0	1
mcp2k	69232	receiver_type	20005-60015	0	11	11	20005	5.99	6.96	10.7	1.051	6.29	0.833	shower	11	11	60015	11.32	10.94	3.9	1.147	5.40	0.953	0.000	54.7	161.7	34.8	0	0
mcp2k	69232	receiver_type	20005-60015	0	11	11	20005	5.99	6.96	10.7	1.051	6.29	0.833	shower	11	11	60015	10.94	11.32	3.9	1.147	5.40	0.953	0.000	52.9	158.3	133.7	0	0
mcp2k	69232	receiver_type	20005-20026	0	11	11	20005	5.99	6.96	10.7	1.051	6.29	0.833	bare	-1	211	20026	9.19	13.21	30.6	0.339	2.38	0.897	0.096	11.5	151.9	157.7	0	1
mcp2k	69232	receiver_type	20006-60015	0	11	11	20006	6.96	5.97	9.7	1.279	4.95	0.872	shower	11	11	60015	11.32	10.94	3.9	1.147	5.40	0.953	0.000	46.4	140.4	94.6	0	0
mcp2k	69232	receiver_type	20006-60015	0	11	11	20006	6.96	5.97	9.7	1.279	4.95	0.872	shower	11	11	60015	10.94	11.32	3.9	1.147	5.40	0.953	0.000	44.8	144.4	75.4	0	0
mcp2k	69232	receiver_type	20006-20026	0	11	11	20006	6.96	5.97	9.7	1.279	4.95	0.872	bare	-1	211	20026	9.19	13.21	30.6	0.339	2.38	0.897	0.096	5.9	140.9	141.0	0	1
mcp2k	69232	receiver_type	20006-60015	0	11	11	20006	5.97	6.96	9.7	1.279	4.95	0.872	shower	11	11	60015	11.32	10.94	3.9	1.147	5.40	0.953	0.000	41.4	69.0	63.6	0	0
mcp2k	69232	receiver_type	20006-60015	0	11	11	20006	5.97	6.96	9.7	1.279	4.95	0.872	shower	11	11	60015	10.94	11.32	3.9	1.147	5.40	0.953	0.000	39.3	64.6	127.3	0	0
mcp2k	69232	receiver_type	20006-20026	0	11	11	20006	5.97	6.96	9.7	1.279	4.95	0.872	bare	-1	211	20026	9.19	13.21	30.6	0.339	2.38	0.897	0.096	4.6	129.8	60.7	0	1
mcp2k	69232	receiver_type	20005-60015	4	11	11	60015	11.32	10.94	3.9	1.147	5.40	0.953	shower	11	11	20005	6.96	5.99	10.7	1.051	6.29	0.833	0.000	46.4	123.7	146.8	0	0
mcp2k	69232	receiver_type	20005-60015	4	11	11	60015	11.32	10.94	3.9	1.147	5.40	0.953	shower	11	11	20005	5.99	6.96	10.7	1.051	6.29	0.833	0.000	54.7	127.3	34.8	0	0
mcp2k	69232	receiver_type	20006-60015	4	11	11	60015	11.32	10.94	3.9	1.147	5.40	0.953	shower	11	11	20006	6.96	5.97	9.7	1.279	4.95	0.872	0.000	46.4	123.7	94.6	0	0
mcp2k	69232	receiver_type	20006-60015	4	11	11	60015	11.32	10.94	3.9	1.147	5.40	0.953	shower	11	11	20006	5.97	6.96	9.7	1.279	4.95	0.872	0.000	41.4	132.5	63.6	0	0
mcp2k	69232	receiver_type	20025-60015	4	11	11	60015	11.32	10.94	3.9	1.147	5.40	0.953	shower	11	11	20025	6.96	13.21	32.2	0.967	2.27	0.961	0.055	46.4	123.7	69.1	0	0
mcp2k	69232	receiver_type	20026-60015	4	11	11	60015	11.32	10.94	3.9	1.147	5.40	0.953	bare	-1	211	20026	9.19	13.21	30.6	0.339	2.38	0.897	0.096	43.7	129.5	55.9	0	0
mcp2k	69232	receiver_type	20005-60015	4	11	11	60015	10.94	11.32	3.9	1.147	5.40	0.953	shower	11	11	20005	6.96	5.99	10.7	1.051	6.29	0.833	0.000	44.8	71.6	43.8	0	0
mcp2k	69232	receiver_type	20005-60015	4	11	11	60015	10.94	11.32	3.9	1.147	5.40	0.953	shower	11	11	20005	5.99	6.96	10.7	1.051	6.29	0.833	0.000	52.9	67.2	133.7	0	0
mcp2k	69232	receiver_type	20006-60015	4	11	11	60015	10.94	11.32	3.9	1.147	5.40	0.953	shower	11	11	20006	6.96	5.97	9.7	1.279	4.95	0.872	0.000	44.8	71.6	75.4	0	0
mcp2k	69232	receiver_type	20006-60015	4	11	11	60015	10.94	11.32	3.9	1.147	5.40	0.953	shower	11	11	20006	5.97	6.96	9.7	1.279	4.95	0.872	0.000	39.3	63.0	127.3	0	0
mcp2k	69232	receiver_type	20025-60015	4	11	11	60015	10.94	11.32	3.9	1.147	5.40	0.953	shower	11	11	20025	6.96	13.21	32.2	0.967	2.27	0.961	0.055	44.8	71.6	99.3	0	0
mcp2k	69232	receiver_type	20026-60015	4	11	11	60015	10.94	11.32	3.9	1.147	5.40	0.953	bare	-1	211	20026	9.19	13.21	30.6	0.339	2.38	0.897	0.096	41.8	65.5	113.4	0	0
mcp2k	69232	receiver_type	20025-60015	0	11	11	20025	6.96	13.21	32.2	0.967	2.27	0.961	shower	11	11	60015	11.32	10.94	3.9	1.147	5.40	0.953	0.000	46.4	164.5	69.1	0	0
mcp2k	69232	receiver_type	20025-60015	0	11	11	20025	6.96	13.21	32.2	0.967	2.27	0.961	shower	11	11	60015	10.94	11.32	3.9	1.147	5.40	0.953	0.000	44.8	167.8	99.3	0	0
mcp2k	69232	receiver_type	20025-20026	0	11	11	20025	6.96	13.21	32.2	0.967	2.27	0.961	bare	-1	211	20026	9.19	13.21	30.6	0.339	2.38	0.897	0.096	5.9	135.4	161.2	0	1
mcp2k	70766	receiver_type	21000-21001	0	11	11	21001	-3.15	-3.73	8.7	1.087	2.68	0.894	bare	-1	13	21000	-3.15	90.57	225.5	1.248	1.32	0.973	0.003	0.0	181.0	123.4	0	1
mcp2k	70766	receiver_type	21000-21001	0	11	11	21001	-3.73	-3.15	8.7	1.087	2.68	0.894	bare	-1	13	21000	-3.15	90.57	225.5	1.248	1.32	0.973	0.003	7.8	168.7	43.0	0	1
mcp2k	71290	receiver_type	16005-16007	0	11	11	16007	11.33	12.23	6.2	0.333	1.24	0.926	bare	-1	2212	16005	2.54	12.23	43.4	2.548	1.93	0.983	0.000	38.3	44.1	138.8	0	1
mcp2k	71642	receiver_type	10013-78077	0	11	2212	10013	9.96	18.61	17.9	3.409	2.66	0.983	shower	11	11	78077	-1.21	-7.13	9.5	1.242	3.20	0.677	0.000	13.1	55.8	48.8	0	0
mcp2k	71642	receiver_type	10013-78077	0	11	2212	10013	9.96	18.61	17.9	3.409	2.66	0.983	shower	11	11	78077	-7.13	-1.21	9.5	1.242	3.20	0.677	0.000	19.5	53.1	129.3	0	0
mcp2k	71642	receiver_type	62049-78077	0	11	11	62049	-1.45	-2.13	8.4	1.036	3.01	0.904	shower	11	11	78077	-1.21	-7.13	9.5	1.242	3.20	0.677	0.000	16.1	29.2	97.7	0	0
mcp2k	71642	receiver_type	62049-78077	0	11	11	62049	-1.45	-2.13	8.4	1.036	3.01	0.904	shower	11	11	78077	-7.13	-1.21	9.5	1.242	3.20	0.677	0.000	17.9	44.1	76.5	0	0
mcp2k	71642	receiver_type	62049-78077	0	11	11	62049	-2.13	-1.45	8.4	1.036	3.01	0.904	shower	11	11	78077	-1.21	-7.13	9.5	1.242	3.20	0.677	0.000	23.0	157.8	81.8	0	0
mcp2k	71642	receiver_type	62049-78077	0	11	11	62049	-2.13	-1.45	8.4	1.036	3.01	0.904	shower	11	11	78077	-7.13	-1.21	9.5	1.242	3.20	0.677	0.000	23.8	147.3	102.4	0	0
mcp2k	71642	receiver_type	75062-78077	0	11	11	75062	4.31	1.34	8.2	1.430	3.69	0.831	shower	11	11	78077	-1.21	-7.13	9.5	1.242	3.20	0.677	0.000	29.7	59.1	119.7	0	0
mcp2k	71642	receiver_type	75062-78077	0	11	11	75062	4.31	1.34	8.2	1.430	3.69	0.831	shower	11	11	78077	-7.13	-1.21	9.5	1.242	3.20	0.677	0.000	32.4	69.2	51.7	0	0
mcp2k	71642	receiver_type	75062-78077	0	11	11	75062	1.34	4.31	8.2	1.430	3.69	0.831	shower	11	11	78077	-1.21	-7.13	9.5	1.242	3.20	0.677	0.000	33.6	126.3	59.8	0	0
mcp2k	71642	receiver_type	75062-78077	0	11	11	75062	1.34	4.31	8.2	1.430	3.69	0.831	shower	11	11	78077	-7.13	-1.21	9.5	1.242	3.20	0.677	0.000	35.3	117.9	120.6	0	0
mcp2k	71642	receiver_type	10013-78077	2	11	11	78077	-1.21	-7.13	9.5	1.242	3.20	0.677	shower	11	2212	10013	9.96	18.61	17.9	3.409	2.66	0.983	0.000	13.1	9.2	48.8	0	0
mcp2k	71642	receiver_type	62049-78077	2	11	11	78077	-1.21	-7.13	9.5	1.242	3.20	0.677	shower	11	11	62049	-1.45	-2.13	8.4	1.036	3.01	0.904	0.000	16.1	76.3	97.7	0	0
mcp2k	71642	receiver_type	62049-78077	2	11	11	78077	-1.21	-7.13	9.5	1.242	3.20	0.677	shower	11	11	62049	-2.13	-1.45	8.4	1.036	3.01	0.904	0.000	23.0	83.0	81.8	0	0
mcp2k	71642	receiver_type	75062-78077	2	11	11	78077	-1.21	-7.13	9.5	1.242	3.20	0.677	shower	11	11	75062	4.31	1.34	8.2	1.430	3.69	0.831	0.000	29.7	61.2	119.7	0	0
mcp2k	71642	receiver_type	75062-78077	2	11	11	78077	-1.21	-7.13	9.5	1.242	3.20	0.677	shower	11	11	75062	1.34	4.31	8.2	1.430	3.69	0.831	0.000	33.6	71.1	59.8	0	0
mcp2k	71642	receiver_type	10013-78077	2	11	11	78077	-7.13	-1.21	9.5	1.242	3.20	0.677	shower	11	2212	10013	9.96	18.61	17.9	3.409	2.66	0.983	0.000	19.5	158.8	129.3	0	0
mcp2k	71642	receiver_type	62049-78077	2	11	11	78077	-7.13	-1.21	9.5	1.242	3.20	0.677	shower	11	11	62049	-1.45	-2.13	8.4	1.036	3.01	0.904	0.000	17.9	107.3	76.5	0	0
mcp2k	71642	receiver_type	62049-78077	2	11	11	78077	-7.13	-1.21	9.5	1.242	3.20	0.677	shower	11	11	62049	-2.13	-1.45	8.4	1.036	3.01	0.904	0.000	23.8	98.8	102.4	0	0
mcp2k	71642	receiver_type	75062-78077	2	11	11	78077	-7.13	-1.21	9.5	1.242	3.20	0.677	shower	11	11	75062	4.31	1.34	8.2	1.430	3.69	0.831	0.000	32.4	110.6	51.7	0	0
mcp2k	71642	receiver_type	75062-78077	2	11	11	78077	-7.13	-1.21	9.5	1.242	3.20	0.677	shower	11	11	75062	1.34	4.31	8.2	1.430	3.69	0.831	0.000	35.3	102.3	120.6	0	0
mcp2k	72759	receiver_type	10003-10009	0	11	11	10009	-6.57	-6.48	12.6	0.337	4.02	0.810	bare	-1	13	10003	-1.78	-6.48	114.7	1.255	1.94	0.947	0.000	103.0	50.1	133.8	0	1
mcp2k	72759	receiver_type	10003-10009	0	11	11	10009	-6.57	-6.48	12.6	0.337	4.02	0.810	bare	-1	13	10003	-6.48	-1.78	114.7	1.255	1.94	0.947	0.000	10.2	170.8	58.9	0	1
mcp2k	72759	receiver_type	10005-10009	0	11	11	10009	-6.57	-6.48	12.6	0.337	4.02	0.810	bare	-1	11	10005	-2.18	1.62	7.7	0.969	3.36	0.958	0.000	102.9	49.5	91.9	0	1
mcp2k	72759	receiver_type	10005-10009	0	11	11	10009	-6.57	-6.48	12.6	0.337	4.02	0.810	bare	-1	11	10005	1.62	-2.18	7.7	0.969	3.36	0.958	0.000	107.9	51.8	89.6	0	1
mcp2k	72759	receiver_type	10007-10009	0	11	11	10009	-6.57	-6.48	12.6	0.337	4.02	0.810	bare	-1	11	10007	1.62	1.97	8.0	1.144	2.59	0.951	0.000	107.9	51.8	99.4	0	1
mcp2k	72759	receiver_type	10007-10009	0	11	11	10009	-6.57	-6.48	12.6	0.337	4.02	0.810	bare	-1	11	10007	1.97	1.62	8.0	1.144	2.59	0.951	0.000	112.9	54.8	76.1	0	1
mcp2k	72759	receiver_type	10009-28010	0	11	11	10009	-6.57	-6.48	12.6	0.337	4.02	0.810	bare	-1	13	28010	-7.78	-20.25	21.7	1.785	1.68	0.981	0.000	8.6	171.6	75.5	0	0
mcp2k	72759	receiver_type	10003-10009	0	11	11	10009	-6.48	-6.57	12.6	0.337	4.02	0.810	bare	-1	13	10003	-1.78	-6.48	114.7	1.255	1.94	0.947	0.000	108.6	115.2	65.5	0	1
mcp2k	72759	receiver_type	10003-10009	0	11	11	10009	-6.48	-6.57	12.6	0.337	4.02	0.810	bare	-1	13	10003	-6.48	-1.78	114.7	1.255	1.94	0.947	0.000	0.0	181.0	101.9	0	1
mcp2k	72759	receiver_type	10005-10009	0	11	11	10009	-6.48	-6.57	12.6	0.337	4.02	0.810	bare	-1	11	10005	-2.18	1.62	7.7	0.969	3.36	0.958	0.000	108.5	115.8	71.9	0	1
mcp2k	72759	receiver_type	10005-10009	0	11	11	10009	-6.48	-6.57	12.6	0.337	4.02	0.810	bare	-1	11	10005	1.62	-2.18	7.7	0.969	3.36	0.958	0.000	113.2	113.4	108.0	0	1
mcp2k	72759	receiver_type	10007-10009	0	11	11	10009	-6.48	-6.57	12.6	0.337	4.02	0.810	bare	-1	11	10007	1.62	1.97	8.0	1.144	2.59	0.951	0.000	113.2	113.4	61.3	0	1
mcp2k	72759	receiver_type	10007-10009	0	11	11	10009	-6.48	-6.57	12.6	0.337	4.02	0.810	bare	-1	11	10007	1.97	1.62	8.0	1.144	2.59	0.951	0.000	117.7	110.4	123.2	0	1
mcp2k	72759	receiver_type	10009-28010	0	11	11	10009	-6.48	-6.57	12.6	0.337	4.02	0.810	bare	-1	13	28010	-7.78	-20.25	21.7	1.785	1.68	0.981	0.000	2.4	143.5	89.8	0	0
mcp2k	76170	partner_type	23002-56012	0	13	13	23002	-4.48	-28.48	129.4	1.176	1.67	0.949	shower	11	11	56012	-6.75	-6.02	2.3	1.397	1.81	0.974	0.000	7.2	33.1	142.6	0	0
mcp2k	76170	partner_type	23002-56012	0	13	13	23002	-4.48	-28.48	129.4	1.176	1.67	0.949	shower	11	11	56012	-6.02	-6.75	2.3	1.397	1.81	0.974	0.000	5.0	33.1	28.7	0	0
mcp2k	76170	receiver_type	23002-56012	1	11	11	56012	-6.75	-6.02	2.3	1.397	1.81	0.974	shower	13	13	23002	-4.48	-28.48	129.4	1.176	1.67	0.949	0.000	7.2	175.1	142.6	0	0
mcp2k	76170	receiver_type	23002-56012	1	11	11	56012	-6.02	-6.75	2.3	1.397	1.81	0.974	shower	13	13	23002	-4.48	-28.48	129.4	1.176	1.67	0.949	0.000	5.0	6.1	28.7	0	0
mcp2k	77978	angle_tan	15000-53004	0	13	13	15000	4.77	51.22	140.1	1.186	1.59	0.975	bare	-1	2212	53004	-7.92	-10.68	9.9	3.685	3.87	0.942	0.000	30.0	6.9	81.5	0	0
mcp2k	77978	angle_gap	53004-53005	0	13	13	53005	-7.92	2.17	23.8	1.152	1.59	0.990	bare	-1	2212	53004	-10.68	-7.92	9.9	3.685	3.87	0.942	0.000	9.3	84.6	93.6	0	1
mcp2k	77978	angle_gap	53004-53005	0	13	13	53005	-7.92	2.17	23.8	1.152	1.59	0.990	bare	-1	2212	53004	-7.92	-10.68	9.9	3.685	3.87	0.942	0.000	0.0	181.0	82.7	0	1
mcp2k	79616	receiver_type	23004-23005	1	11	11	23005	-5.95	-8.62	7.9	1.471	3.91	0.797	bare	-1	13	23004	-6.21	-5.95	10.2	1.521	4.89	0.957	0.000	9.8	156.9	24.5	0	1
mcp2k	79616	receiver_type	23004-23005	1	11	11	23005	-5.95	-8.62	7.9	1.471	3.91	0.797	bare	-1	13	23004	-5.95	-6.21	10.2	1.521	4.89	0.957	0.000	0.0	181.0	158.3	0	1
mcp2k	79616	receiver_type	23004-23005	1	11	11	23005	-8.62	-5.95	7.9	1.471	3.91	0.797	bare	-1	13	23004	-6.21	-5.95	10.2	1.521	4.89	0.957	0.000	6.3	96.1	121.8	0	1
mcp2k	79616	receiver_type	23004-23005	1	11	11	23005	-8.62	-5.95	7.9	1.471	3.91	0.797	bare	-1	13	23004	-5.95	-6.21	10.2	1.521	4.89	0.957	0.000	6.3	161.1	56.4	0	1
mcp2k	81420	receiver_type	15001-50006	0	11	11	50006	7.44	6.60	2.8	1.337	5.92	0.802	bare	-1	13	15001	8.10	25.73	94.3	1.227	1.67	0.948	0.000	15.5	70.9	103.4	0	0
mcp2k	81420	receiver_type	15004-50006	0	11	11	50006	7.44	6.60	2.8	1.337	5.92	0.802	bare	-1	2212	15004	2.54	8.10	16.1	2.518	2.13	0.971	0.000	23.4	112.5	25.2	0	0
mcp2k	81420	receiver_type	15004-50006	0	11	11	50006	7.44	6.60	2.8	1.337	5.92	0.802	bare	-1	2212	15004	8.10	2.54	16.1	2.518	2.13	0.971	0.000	15.5	70.9	152.2	0	0
mcp2k	81420	receiver_type	15001-50006	0	11	11	50006	6.60	7.44	2.8	1.337	5.92	0.802	bare	-1	13	15001	8.10	25.73	94.3	1.227	1.67	0.948	0.000	15.8	86.3	53.4	0	0
mcp2k	81420	receiver_type	15004-50006	0	11	11	50006	6.60	7.44	2.8	1.337	5.92	0.802	bare	-1	2212	15004	2.54	8.10	16.1	2.518	2.13	0.971	0.000	22.2	41.3	173.6	0	0
mcp2k	81420	receiver_type	15004-50006	0	11	11	50006	6.60	7.44	2.8	1.337	5.92	0.802	bare	-1	2212	15004	8.10	2.54	16.1	2.518	2.13	0.971	0.000	15.8	86.3	3.6	0	0
mcp2k	94224	receiver_type	17008-17013	9	11	11	17013	-10.27	-3.05	35.0	1.020	2.13	0.930	bare	-1	2212	17008	-10.27	-5.19	14.0	3.768	2.00	0.978	0.000	0.0	181.0	132.0	0	1
mcp2k	94224	receiver_type	17008-17013	9	11	11	17013	-10.27	-3.05	35.0	1.020	2.13	0.930	bare	-1	2212	17008	-5.19	-10.27	14.0	3.768	2.00	0.978	0.000	13.7	130.2	51.5	0	1
mcp2k	94224	receiver_type	17013-55024	9	11	11	17013	-10.27	-3.05	35.0	1.020	2.13	0.930	shower	11	11	55024	-2.83	-1.98	2.2	2.531	3.90	0.946	0.000	12.6	137.0	158.8	0	0
mcp2k	94224	receiver_type	17013-55024	9	11	11	17013	-10.27	-3.05	35.0	1.020	2.13	0.930	shower	11	11	55024	-1.98	-2.83	2.2	2.531	3.90	0.946	0.000	14.4	141.3	5.7	0	0
mcp2k	94224	receiver_type	17013-17030	9	11	11	17013	-10.27	-3.05	35.0	1.020	2.13	0.930	shower	11	11	17030	-10.27	-14.56	6.3	0.610	3.33	0.793	0.000	0.0	181.0	44.5	0	1
mcp2k	94224	receiver_type	17013-17031	9	11	11	17013	-10.27	-3.05	35.0	1.020	2.13	0.930	shower	11	11	17031	-11.51	-10.27	6.8	1.399	4.25	0.843	0.000	5.7	39.8	143.2	0	1
mcp2k	94224	receiver_type	17013-17031	9	11	11	17013	-10.27	-3.05	35.0	1.020	2.13	0.930	shower	11	11	17031	-10.27	-11.51	6.8	1.399	4.25	0.843	0.000	0.0	181.0	42.9	0	1
mcp2k	94224	receiver_type	17013-17032	9	11	11	17013	-10.27	-3.05	35.0	1.020	2.13	0.930	bare	-1	2212	17032	-10.27	-8.41	22.8	3.386	3.33	0.892	0.128	0.0	181.0	48.9	0	1
mcp2k	94224	receiver_type	17013-17032	9	11	11	17013	-10.27	-3.05	35.0	1.020	2.13	0.930	bare	-1	2212	17032	-8.41	-10.27	22.8	3.386	3.33	0.892	0.128	20.3	57.4	115.5	0	1
mcp2k	94224	receiver_type	17013-60034	9	11	11	17013	-10.27	-3.05	35.0	1.020	2.13	0.930	shower	11	11	60034	-6.85	-6.17	2.4	1.469	5.22	0.974	0.000	23.1	165.8	64.2	0	0
mcp2k	94224	receiver_type	17013-60034	9	11	11	17013	-10.27	-3.05	35.0	1.020	2.13	0.930	shower	11	11	60034	-6.17	-6.85	2.4	1.469	5.22	0.974	0.000	22.5	160.8	125.9	0	0
mcp2k	94224	receiver_type	17008-17013	9	11	11	17013	-3.05	-10.27	35.0	1.020	2.13	0.930	bare	-1	2212	17008	-10.27	-5.19	14.0	3.768	2.00	0.978	0.000	32.6	178.1	44.0	0	1
mcp2k	94224	receiver_type	17008-17013	9	11	11	17013	-3.05	-10.27	35.0	1.020	2.13	0.930	bare	-1	2212	17008	-5.19	-10.27	14.0	3.768	2.00	0.978	0.000	25.4	154.9	132.5	0	1
mcp2k	94224	receiver_type	17013-55024	9	11	11	17013	-3.05	-10.27	35.0	1.020	2.13	0.930	shower	11	11	55024	-2.83	-1.98	2.2	2.531	3.90	0.946	0.000	24.9	159.9	18.9	0	0
mcp2k	94224	receiver_type	17013-55024	9	11	11	17013	-3.05	-10.27	35.0	1.020	2.13	0.930	shower	11	11	55024	-1.98	-2.83	2.2	2.531	3.90	0.946	0.000	23.1	157.2	175.5	0	0
mcp2k	94224	receiver_type	17013-17030	9	11	11	17013	-3.05	-10.27	35.0	1.020	2.13	0.930	shower	11	11	17030	-10.27	-14.56	6.3	0.610	3.33	0.793	0.000	32.6	178.1	137.7	0	1
mcp2k	94224	receiver_type	17013-17031	9	11	11	17013	-3.05	-10.27	35.0	1.020	2.13	0.930	shower	11	11	17031	-11.51	-10.27	6.8	1.399	4.25	0.843	0.000	37.0	172.8	39.8	0	1
mcp2k	94224	receiver_type	17013-17031	9	11	11	17013	-3.05	-10.27	35.0	1.020	2.13	0.930	shower	11	11	17031	-10.27	-11.51	6.8	1.399	4.25	0.843	0.000	32.6	178.1	134.6	0	1
mcp2k	94224	receiver_type	17013-17032	9	11	11	17013	-3.05	-10.27	35.0	1.020	2.13	0.930	bare	-1	2212	17032	-10.27	-8.41	22.8	3.386	3.33	0.892	0.128	32.6	178.1	127.9	0	1
mcp2k	94224	receiver_type	17013-17032	9	11	11	17013	-3.05	-10.27	35.0	1.020	2.13	0.930	bare	-1	2212	17032	-8.41	-10.27	22.8	3.386	3.33	0.892	0.128	46.3	156.1	68.6	0	1
mcp2k	94224	receiver_type	17013-60034	9	11	11	17013	-3.05	-10.27	35.0	1.020	2.13	0.930	shower	11	11	60034	-6.85	-6.17	2.4	1.469	5.22	0.974	0.000	11.3	151.8	111.6	0	0
mcp2k	94224	receiver_type	17013-60034	9	11	11	17013	-3.05	-10.27	35.0	1.020	2.13	0.930	shower	11	11	60034	-6.17	-6.85	2.4	1.469	5.22	0.974	0.000	13.0	147.4	58.5	0	0
mcp2k	94224	receiver_type	17008-17015	9	11	13	17015	-3.05	-0.75	8.5	1.357	2.14	0.961	bare	-1	2212	17008	-10.27	-5.19	14.0	3.768	2.00	0.978	0.000	32.6	5.0	137.5	0	1
mcp2k	94224	receiver_type	17008-17015	9	11	13	17015	-3.05	-0.75	8.5	1.357	2.14	0.961	bare	-1	2212	17008	-5.19	-10.27	14.0	3.768	2.00	0.978	0.000	25.4	26.9	46.0	0	1
mcp2k	94224	receiver_type	17015-55024	9	11	13	17015	-3.05	-0.75	8.5	1.357	2.14	0.961	shower	11	11	55024	-2.83	-1.98	2.2	2.531	3.90	0.946	0.000	24.9	22.0	163.5	0	0
mcp2k	94224	receiver_type	17015-55024	9	11	13	17015	-3.05	-0.75	8.5	1.357	2.14	0.961	shower	11	11	55024	-1.98	-2.83	2.2	2.531	3.90	0.946	0.000	23.1	24.7	4.8	0	0
mcp2k	94224	receiver_type	17015-17030	9	11	13	17015	-3.05	-0.75	8.5	1.357	2.14	0.961	shower	11	11	17030	-10.27	-14.56	6.3	0.610	3.33	0.793	0.000	32.6	5.0	39.7	0	1
mcp2k	94224	receiver_type	17015-17031	9	11	13	17015	-3.05	-0.75	8.5	1.357	2.14	0.961	shower	11	11	17031	-11.51	-10.27	6.8	1.399	4.25	0.843	0.000	37.0	8.8	139.3	0	1
mcp2k	94224	receiver_type	17015-17031	9	11	13	17015	-3.05	-0.75	8.5	1.357	2.14	0.961	shower	11	11	17031	-10.27	-11.51	6.8	1.399	4.25	0.843	0.000	32.6	5.0	45.7	0	1
mcp2k	94224	receiver_type	17015-17032	9	11	13	17015	-3.05	-0.75	8.5	1.357	2.14	0.961	bare	-1	2212	17032	-10.27	-8.41	22.8	3.386	3.33	0.892	0.128	32.6	5.0	53.0	0	1
mcp2k	94224	receiver_type	17015-17032	9	11	13	17015	-3.05	-0.75	8.5	1.357	2.14	0.961	bare	-1	2212	17032	-8.41	-10.27	22.8	3.386	3.33	0.892	0.128	46.3	25.6	109.4	0	1
mcp2k	94224	receiver_type	17015-60034	9	11	13	17015	-3.05	-0.75	8.5	1.357	2.14	0.961	shower	11	11	60034	-6.85	-6.17	2.4	1.469	5.22	0.974	0.000	11.3	28.2	70.4	0	0
mcp2k	94224	receiver_type	17015-60034	9	11	13	17015	-3.05	-0.75	8.5	1.357	2.14	0.961	shower	11	11	60034	-6.17	-6.85	2.4	1.469	5.22	0.974	0.000	13.0	33.2	119.4	0	0
mcp2k	94224	receiver_type	17008-17015	9	11	13	17015	-0.75	-3.05	8.5	1.357	2.14	0.961	bare	-1	2212	17008	-10.27	-5.19	14.0	3.768	2.00	0.978	0.000	40.7	177.9	43.6	0	1
mcp2k	94224	receiver_type	17008-17015	9	11	13	17015	-0.75	-3.05	8.5	1.357	2.14	0.961	bare	-1	2212	17008	-5.19	-10.27	14.0	3.768	2.00	0.978	0.000	32.9	160.8	132.8	0	1
mcp2k	94224	receiver_type	17015-55024	9	11	13	17015	-0.75	-3.05	8.5	1.357	2.14	0.961	shower	11	11	55024	-2.83	-1.98	2.2	2.531	3.90	0.946	0.000	32.6	164.3	17.9	0	0
mcp2k	94224	receiver_type	17015-55024	9	11	13	17015	-0.75	-3.05	8.5	1.357	2.14	0.961	shower	11	11	55024	-1.98	-2.83	2.2	2.531	3.90	0.946	0.000	30.8	162.6	175.8	0	0
mcp2k	94224	receiver_type	17015-17030	9	11	13	17015	-0.75	-3.05	8.5	1.357	2.14	0.961	shower	11	11	17030	-10.27	-14.56	6.3	0.610	3.33	0.793	0.000	40.7	177.9	138.8	0	1
mcp2k	94224	receiver_type	17015-17031	9	11	13	17015	-0.75	-3.05	8.5	1.357	2.14	0.961	shower	11	11	17031	-11.51	-10.27	6.8	1.399	4.25	0.843	0.000	45.1	174.0	39.9	0	1
mcp2k	94224	receiver_type	17015-17031	9	11	13	17015	-0.75	-3.05	8.5	1.357	2.14	0.961	shower	11	11	17031	-10.27	-11.51	6.8	1.399	4.25	0.843	0.000	40.7	177.9	134.7	0	1
mcp2k	94224	receiver_type	17015-17032	9	11	13	17015	-0.75	-3.05	8.5	1.357	2.14	0.961	bare	-1	2212	17032	-10.27	-8.41	22.8	3.386	3.33	0.892	0.128	40.7	177.9	127.8	0	1
mcp2k	94224	receiver_type	17015-17032	9	11	13	17015	-0.75	-3.05	8.5	1.357	2.14	0.961	bare	-1	2212	17032	-8.41	-10.27	22.8	3.386	3.33	0.892	0.128	53.8	159.4	69.2	0	1
mcp2k	94224	receiver_type	17015-60034	9	11	13	17015	-0.75	-3.05	8.5	1.357	2.14	0.961	shower	11	11	60034	-6.85	-6.17	2.4	1.469	5.22	0.974	0.000	18.9	163.8	111.0	0	0
mcp2k	94224	receiver_type	17015-60034	9	11	13	17015	-0.75	-3.05	8.5	1.357	2.14	0.961	shower	11	11	60034	-6.17	-6.85	2.4	1.469	5.22	0.974	0.000	20.4	160.0	59.1	0	0
mcp2k	94224	receiver_type	17008-24023	9	11	11	24023	2.69	16.74	30.7	1.165	1.61	0.928	bare	-1	2212	17008	-10.27	-5.19	14.0	3.768	2.00	0.978	0.000	41.5	11.7	143.4	0	0
mcp2k	94224	receiver_type	17008-24023	9	11	11	24023	2.69	16.74	30.7	1.165	1.61	0.928	bare	-1	2212	17008	-5.19	-10.27	14.0	3.768	2.00	0.978	0.000	33.0	24.9	40.3	0	0
mcp2k	94224	receiver_type	24023-55024	9	11	11	24023	2.69	16.74	30.7	1.165	1.61	0.928	shower	11	11	55024	-2.83	-1.98	2.2	2.531	3.90	0.946	0.000	33.1	20.7	167.2	0	0
mcp2k	94224	receiver_type	24023-55024	9	11	11	24023	2.69	16.74	30.7	1.165	1.61	0.928	shower	11	11	55024	-1.98	-2.83	2.2	2.531	3.90	0.946	0.000	31.2	22.1	15.6	0	0
mcp2k	94224	receiver_type	17030-24023	9	11	11	24023	2.69	16.74	30.7	1.165	1.61	0.928	shower	11	11	17030	-10.27	-14.56	6.3	0.610	3.33	0.793	0.000	41.5	11.7	31.6	0	0
mcp2k	94224	receiver_type	17031-24023	9	11	11	24023	2.69	16.74	30.7	1.165	1.61	0.928	shower	11	11	17031	-11.51	-10.27	6.8	1.399	4.25	0.843	0.000	45.8	14.2	132.7	0	0
mcp2k	94224	receiver_type	17031-24023	9	11	11	24023	2.69	16.74	30.7	1.165	1.61	0.928	shower	11	11	17031	-10.27	-11.51	6.8	1.399	4.25	0.843	0.000	41.5	11.7	50.2	0	0
mcp2k	94224	receiver_type	17032-24023	9	11	11	24023	2.69	16.74	30.7	1.165	1.61	0.928	bare	-1	2212	17032	-10.27	-8.41	22.8	3.386	3.33	0.892	0.128	41.5	11.7	59.1	0	0
mcp2k	94224	receiver_type	17032-24023	9	11	11	24023	2.69	16.74	30.7	1.165	1.61	0.928	bare	-1	2212	17032	-8.41	-10.27	22.8	3.386	3.33	0.892	0.128	53.8	28.1	100.5	0	0
mcp2k	94224	receiver_type	24023-60034	9	11	11	24023	2.69	16.74	30.7	1.165	1.61	0.928	shower	11	11	60034	-6.85	-6.17	2.4	1.469	5.22	0.974	0.000	19.8	15.6	79.7	0	0
mcp2k	94224	receiver_type	24023-60034	9	11	11	24023	2.69	16.74	30.7	1.165	1.61	0.928	shower	11	11	60034	-6.17	-6.85	2.4	1.469	5.22	0.974	0.000	21.0	20.4	109.4	0	0
mcp2k	94224	receiver_type	17008-55024	5	11	11	55024	-2.83	-1.98	2.2	2.531	3.90	0.946	bare	-1	2212	17008	-10.27	-5.19	14.0	3.768	2.00	0.978	0.000	12.6	27.3	130.8	0	0
mcp2k	94224	receiver_type	17008-55024	5	11	11	55024	-2.83	-1.98	2.2	2.531	3.90	0.946	bare	-1	2212	17008	-5.19	-10.27	14.0	3.768	2.00	0.978	0.000	16.3	81.0	52.8	0	0
mcp2k	94224	receiver_type	17013-55024	5	11	11	55024	-2.83	-1.98	2.2	2.531	3.90	0.946	shower	11	11	17013	-10.27	-3.05	35.0	1.020	2.13	0.930	0.000	12.6	27.3	158.8	0	0
mcp2k	94224	receiver_type	17013-55024	5	11	11	55024	-2.83	-1.98	2.2	2.531	3.90	0.946	shower	11	11	17013	-3.05	-10.27	35.0	1.020	2.13	0.930	0.000	24.9	141.6	18.9	0	0
mcp2k	94224	receiver_type	17015-55024	5	11	11	55024	-2.83	-1.98	2.2	2.531	3.90	0.946	shower	11	13	17015	-3.05	-0.75	8.5	1.357	2.14	0.961	0.000	24.9	141.6	163.5	0	0
mcp2k	94224	receiver_type	17015-55024	5	11	11	55024	-2.83	-1.98	2.2	2.531	3.90	0.946	shower	11	13	17015	-0.75	-3.05	8.5	1.357	2.14	0.961	0.000	32.6	146.8	17.9	0	0
mcp2k	94224	receiver_type	24023-55024	5	11	11	55024	-2.83	-1.98	2.2	2.531	3.90	0.946	shower	11	11	24023	2.69	16.74	30.7	1.165	1.61	0.928	0.019	33.1	150.2	167.2	0	0
mcp2k	94224	receiver_type	17030-55024	5	11	11	55024	-2.83	-1.98	2.2	2.531	3.90	0.946	shower	11	11	17030	-10.27	-14.56	6.3	0.610	3.33	0.793	0.000	12.6	27.3	23.4	0	0
mcp2k	94224	receiver_type	17031-55024	5	11	11	55024	-2.83	-1.98	2.2	2.531	3.90	0.946	shower	11	11	17031	-11.51	-10.27	6.8	1.399	4.25	0.843	0.000	17.9	28.8	143.6	0	0
mcp2k	94224	receiver_type	17031-55024	5	11	11	55024	-2.83	-1.98	2.2	2.531	3.90	0.946	shower	11	11	17031	-10.27	-11.51	6.8	1.399	4.25	0.843	0.000	12.6	27.3	38.1	0	0
mcp2k	94224	receiver_type	17032-55024	5	11	11	55024	-2.83	-1.98	2.2	2.531	3.90	0.946	bare	-1	2212	17032	-10.27	-8.41	22.8	3.386	3.33	0.892	0.128	12.6	27.3	47.7	0	0
mcp2k	94224	receiver_type	17032-55024	5	11	11	55024	-2.83	-1.98	2.2	2.531	3.90	0.946	bare	-1	2212	17032	-8.41	-10.27	22.8	3.386	3.33	0.892	0.128	30.5	45.5	110.4	0	0
mcp2k	94224	receiver_type	55024-60034	5	11	11	55024	-2.83	-1.98	2.2	2.531	3.90	0.946	shower	11	11	60034	-6.85	-6.17	2.4	1.469	5.22	0.974	0.000	19.0	118.3	70.1	0	0
mcp2k	94224	receiver_type	55024-60034	5	11	11	55024	-2.83	-1.98	2.2	2.531	3.90	0.946	shower	11	11	60034	-6.17	-6.85	2.4	1.469	5.22	0.974	0.000	19.1	114.9	118.1	0	0
mcp2k	94224	receiver_type	17008-55024	5	11	11	55024	-1.98	-2.83	2.2	2.531	3.90	0.946	bare	-1	2212	17008	-10.27	-5.19	14.0	3.768	2.00	0.978	0.000	14.4	145.9	47.2	0	0
mcp2k	94224	receiver_type	17008-55024	5	11	11	55024	-1.98	-2.83	2.2	2.531	3.90	0.946	bare	-1	2212	17008	-5.19	-10.27	14.0	3.768	2.00	0.978	0.000	16.6	100.1	129.2	0	0
mcp2k	94224	receiver_type	17013-55024	5	11	11	55024	-1.98	-2.83	2.2	2.531	3.90	0.946	shower	11	11	17013	-10.27	-3.05	35.0	1.020	2.13	0.930	0.000	14.4	145.9	5.7	0	0
mcp2k	94224	receiver_type	17013-55024	5	11	11	55024	-1.98	-2.83	2.2	2.531	3.90	0.946	shower	11	11	17013	-3.05	-10.27	35.0	1.020	2.13	0.930	0.000	23.1	27.1	175.5	0	0
mcp2k	94224	receiver_type	17015-55024	5	11	11	55024	-1.98	-2.83	2.2	2.531	3.90	0.946	shower	11	13	17015	-3.05	-0.75	8.5	1.357	2.14	0.961	0.000	23.1	27.1	4.8	0	0
mcp2k	94224	receiver_type	17015-55024	5	11	11	55024	-1.98	-2.83	2.2	2.531	3.90	0.946	shower	11	13	17015	-0.75	-3.05	8.5	1.357	2.14	0.961	0.000	30.8	21.0	175.8	0	0
mcp2k	94224	receiver_type	24023-55024	5	11	11	55024	-1.98	-2.83	2.2	2.531	3.90	0.946	shower	11	11	24023	2.69	16.74	30.7	1.165	1.61	0.928	0.019	31.2	19.6	15.6	0	0
mcp2k	94224	receiver_type	17030-55024	5	11	11	55024	-1.98	-2.83	2.2	2.531	3.90	0.946	shower	11	11	17030	-10.27	-14.56	6.3	0.610	3.33	0.793	0.000	14.4	145.9	141.2	0	0
mcp2k	94224	receiver_type	17031-55024	5	11	11	55024	-1.98	-2.83	2.2	2.531	3.90	0.946	shower	11	11	17031	-11.51	-10.27	6.8	1.399	4.25	0.843	0.000	19.7	146.0	36.0	0	0
mcp2k	94224	receiver_type	17031-55024	5	11	11	55024	-1.98	-2.83	2.2	2.531	3.90	0.946	shower	11	11	17031	-10.27	-11.51	6.8	1.399	4.25	0.843	0.000	14.4	145.9	138.9	0	0
mcp2k	94224	receiver_type	17032-55024	5	11	11	55024	-1.98	-2.83	2.2	2.531	3.90	0.946	bare	-1	2212	17032	-10.27	-8.41	22.8	3.386	3.33	0.892	0.128	14.4	145.9	131.7	0	0
mcp2k	94224	receiver_type	17032-55024	5	11	11	55024	-1.98	-2.83	2.2	2.531	3.90	0.946	bare	-1	2212	17032	-8.41	-10.27	22.8	3.386	3.33	0.892	0.128	32.0	135.0	65.9	0	0
mcp2k	94224	receiver_type	55024-60034	5	11	11	55024	-1.98	-2.83	2.2	2.531	3.90	0.946	shower	11	11	60034	-6.85	-6.17	2.4	1.469	5.22	0.974	0.000	17.9	55.0	114.2	0	0
mcp2k	94224	receiver_type	55024-60034	5	11	11	55024	-1.98	-2.83	2.2	2.531	3.90	0.946	shower	11	11	60034	-6.17	-6.85	2.4	1.469	5.22	0.974	0.000	18.1	59.7	56.1	0	0
mcp2k	94224	receiver_type	17008-17030	0	11	11	17030	-10.27	-14.56	6.3	0.610	3.33	0.793	bare	-1	2212	17008	-10.27	-5.19	14.0	3.768	2.00	0.978	0.000	0.0	181.0	60.4	0	1
mcp2k	94224	receiver_type	17008-17030	0	11	11	17030	-10.27	-14.56	6.3	0.610	3.33	0.793	bare	-1	2212	17008	-5.19	-10.27	14.0	3.768	2.00	0.978	0.000	13.7	61.9	116.6	0	1
mcp2k	94224	receiver_type	17013-17030	0	11	11	17030	-10.27	-14.56	6.3	0.610	3.33	0.793	shower	11	11	17013	-10.27	-3.05	35.0	1.020	2.13	0.930	0.000	0.0	181.0	44.5	0	1
mcp2k	94224	receiver_type	17013-17030	0	11	11	17030	-10.27	-14.56	6.3	0.610	3.33	0.793	shower	11	11	17013	-3.05	-10.27	35.0	1.020	2.13	0.930	0.000	32.6	43.1	137.7	0	1
mcp2k	94224	receiver_type	17015-17030	0	11	11	17030	-10.27	-14.56	6.3	0.610	3.33	0.793	shower	11	13	17015	-3.05	-0.75	8.5	1.357	2.14	0.961	0.000	32.6	43.1	39.7	0	1
mcp2k	94224	receiver_type	17015-17030	0	11	11	17030	-10.27	-14.56	6.3	0.610	3.33	0.793	shower	11	13	17015	-0.75	-3.05	8.5	1.357	2.14	0.961	0.000	40.7	42.6	138.8	0	1
mcp2k	94224	receiver_type	17030-24023	0	11	11	17030	-10.27	-14.56	6.3	0.610	3.33	0.793	shower	11	11	24023	2.69	16.74	30.7	1.165	1.61	0.928	0.019	41.5	39.0	31.6	0	0
mcp2k	94224	receiver_type	17030-55024	0	11	11	17030	-10.27	-14.56	6.3	0.610	3.33	0.793	shower	11	11	55024	-2.83	-1.98	2.2	2.531	3.90	0.946	0.000	12.6	19.7	23.4	0	0
mcp2k	94224	receiver_type	17030-55024	0	11	11	17030	-10.27	-14.56	6.3	0.610	3.33	0.793	shower	11	11	55024	-1.98	-2.83	2.2	2.531	3.90	0.946	0.000	14.4	18.6	141.2	0	0
mcp2k	94224	receiver_type	17030-17031	0	11	11	17030	-10.27	-14.56	6.3	0.610	3.33	0.793	shower	11	11	17031	-11.51	-10.27	6.8	1.399	4.25	0.843	0.000	5.7	137.7	44.4	0	1
mcp2k	94224	receiver_type	17030-17031	0	11	11	17030	-10.27	-14.56	6.3	0.610	3.33	0.793	shower	11	11	17031	-10.27	-11.51	6.8	1.399	4.25	0.843	0.000	0.0	181.0	139.3	0	1
mcp2k	94224	receiver_type	17030-17032	0	11	11	17030	-10.27	-14.56	6.3	0.610	3.33	0.793	bare	-1	2212	17032	-10.27	-8.41	22.8	3.386	3.33	0.892	0.128	0.0	181.0	128.9	0	1
mcp2k	94224	receiver_type	17030-17032	0	11	11	17030	-10.27	-14.56	6.3	0.610	3.33	0.793	bare	-1	2212	17032	-8.41	-10.27	22.8	3.386	3.33	0.892	0.128	20.3	115.8	75.3	0	1
mcp2k	94224	receiver_type	17030-60034	0	11	11	17030	-10.27	-14.56	6.3	0.610	3.33	0.793	shower	11	11	60034	-6.85	-6.17	2.4	1.469	5.22	0.974	0.000	23.1	52.0	103.6	0	0
mcp2k	94224	receiver_type	17030-60034	0	11	11	17030	-10.27	-14.56	6.3	0.610	3.33	0.793	shower	11	11	60034	-6.17	-6.85	2.4	1.469	5.22	0.974	0.000	22.5	52.8	71.6	0	0
mcp2k	94224	receiver_type	17008-17031	1	11	11	17031	-11.51	-10.27	6.8	1.399	4.25	0.843	bare	-1	2212	17008	-10.27	-5.19	14.0	3.768	2.00	0.978	0.000	5.7	175.5	97.1	0	1
mcp2k	94224	receiver_type	17008-17031	1	11	11	17031	-11.51	-10.27	6.8	1.399	4.25	0.843	bare	-1	2212	17008	-5.19	-10.27	14.0	3.768	2.00	0.978	0.000	15.1	117.3	86.5	0	1
mcp2k	94224	receiver_type	17013-17031	1	11	11	17031	-11.51	-10.27	6.8	1.399	4.25	0.843	shower	11	11	17013	-10.27	-3.05	35.0	1.020	2.13	0.930	0.000	5.7	175.5	143.2	0	1
mcp2k	94224	receiver_type	17013-17031	1	11	11	17031	-11.51	-10.27	6.8	1.399	4.25	0.843	shower	11	11	17013	-3.05	-10.27	35.0	1.020	2.13	0.930	0.000	37.0	147.3	39.8	0	1
mcp2k	94224	receiver_type	17015-17031	1	11	11	17031	-11.51	-10.27	6.8	1.399	4.25	0.843	shower	11	13	17015	-3.05	-0.75	8.5	1.357	2.14	0.961	0.000	37.0	147.3	139.3	0	1
mcp2k	94224	receiver_type	17015-17031	1	11	11	17031	-11.51	-10.27	6.8	1.399	4.25	0.843	shower	11	13	17015	-0.75	-3.05	8.5	1.357	2.14	0.961	0.000	45.1	146.0	39.9	0	1
mcp2k	94224	receiver_type	17031-24023	1	11	11	17031	-11.51	-10.27	6.8	1.399	4.25	0.843	shower	11	11	24023	2.69	16.74	30.7	1.165	1.61	0.928	0.019	45.8	143.7	132.7	0	0
mcp2k	94224	receiver_type	17031-55024	1	11	11	17031	-11.51	-10.27	6.8	1.399	4.25	0.843	shower	11	11	55024	-2.83	-1.98	2.2	2.531	3.90	0.946	0.000	17.9	160.5	143.6	0	0
mcp2k	94224	receiver_type	17031-55024	1	11	11	17031	-11.51	-10.27	6.8	1.399	4.25	0.843	shower	11	11	55024	-1.98	-2.83	2.2	2.531	3.90	0.946	0.000	19.7	160.5	36.0	0	0
mcp2k	94224	receiver_type	17030-17031	1	11	11	17031	-11.51	-10.27	6.8	1.399	4.25	0.843	shower	11	11	17030	-10.27	-14.56	6.3	0.610	3.33	0.793	0.000	5.7	175.5	44.4	0	1
mcp2k	94224	receiver_type	17031-17032	1	11	11	17031	-11.51	-10.27	6.8	1.399	4.25	0.843	bare	-1	2212	17032	-10.27	-8.41	22.8	3.386	3.33	0.892	0.128	5.7	175.5	12.3	0	1
mcp2k	94224	receiver_type	17031-17032	1	11	11	17031	-11.51	-10.27	6.8	1.399	4.25	0.843	bare	-1	2212	17032	-8.41	-10.27	22.8	3.386	3.33	0.892	0.128	15.2	31.6	146.6	0	1
mcp2k	94224	receiver_type	17031-60034	1	11	11	17031	-11.51	-10.27	6.8	1.399	4.25	0.843	shower	11	11	60034	-6.85	-6.17	2.4	1.469	5.22	0.974	0.000	26.9	139.0	34.0	0	0
mcp2k	94224	receiver_type	17031-60034	1	11	11	17031	-11.51	-10.27	6.8	1.399	4.25	0.843	shower	11	11	60034	-6.17	-6.85	2.4	1.469	5.22	0.974	0.000	25.9	134.9	152.6	0	0
mcp2k	94224	receiver_type	17008-17031	1	11	11	17031	-10.27	-11.51	6.8	1.399	4.25	0.843	bare	-1	2212	17008	-10.27	-5.19	14.0	3.768	2.00	0.978	0.000	0.0	181.0	86.7	0	1
mcp2k	94224	receiver_type	17008-17031	1	11	11	17031	-10.27	-11.51	6.8	1.399	4.25	0.843	bare	-1	2212	17008	-5.19	-10.27	14.0	3.768	2.00	0.978	0.000	13.7	88.5	89.7	0	1
mcp2k	94224	receiver_type	17013-17031	1	11	11	17031	-10.27	-11.51	6.8	1.399	4.25	0.843	shower	11	11	17013	-10.27	-3.05	35.0	1.020	2.13	0.930	0.000	0.0	181.0	42.9	0	1
mcp2k	94224	receiver_type	17013-17031	1	11	11	17031	-10.27	-11.51	6.8	1.399	4.25	0.843	shower	11	11	17013	-3.05	-10.27	35.0	1.020	2.13	0.930	0.000	32.6	44.3	134.6	0	1
mcp2k	94224	receiver_type	17015-17031	1	11	11	17031	-10.27	-11.51	6.8	1.399	4.25	0.843	shower	11	13	17015	-3.05	-0.75	8.5	1.357	2.14	0.961	0.000	32.6	44.3	45.7	0	1
mcp2k	94224	receiver_type	17015-17031	1	11	11	17031	-10.27	-11.51	6.8	1.399	4.25	0.843	shower	11	13	17015	-0.75	-3.05	8.5	1.357	2.14	0.961	0.000	40.7	44.5	134.7	0	1
mcp2k	94224	receiver_type	17031-24023	1	11	11	17031	-10.27	-11.51	6.8	1.399	4.25	0.843	shower	11	11	24023	2.69	16.74	30.7	1.165	1.61	0.928	0.019	41.5	46.0	50.2	0	0
mcp2k	94224	receiver_type	17031-55024	1	11	11	17031	-10.27	-11.51	6.8	1.399	4.25	0.843	shower	11	11	55024	-2.83	-1.98	2.2	2.531	3.90	0.946	0.000	12.6	21.6	38.1	0	0
mcp2k	94224	receiver_type	17031-55024	1	11	11	17031	-10.27	-11.51	6.8	1.399	4.25	0.843	shower	11	11	55024	-1.98	-2.83	2.2	2.531	3.90	0.946	0.000	14.4	22.2	138.9	0	0
mcp2k	94224	receiver_type	17030-17031	1	11	11	17031	-10.27	-11.51	6.8	1.399	4.25	0.843	shower	11	11	17030	-10.27	-14.56	6.3	0.610	3.33	0.793	0.000	0.0	181.0	139.3	0	1
mcp2k	94224	receiver_type	17031-17032	1	11	11	17031	-10.27	-11.51	6.8	1.399	4.25	0.843	bare	-1	2212	17032	-10.27	-8.41	22.8	3.386	3.33	0.892	0.128	0.0	181.0	169.5	0	1
mcp2k	94224	receiver_type	17031-17032	1	11	11	17031	-10.27	-11.51	6.8	1.399	4.25	0.843	bare	-1	2212	17032	-8.41	-10.27	22.8	3.386	3.33	0.892	0.128	20.3	156.4	34.7	0	1
mcp2k	94224	receiver_type	17031-60034	1	11	11	17031	-10.27	-11.51	6.8	1.399	4.25	0.843	shower	11	11	60034	-6.85	-6.17	2.4	1.469	5.22	0.974	0.000	23.1	57.1	144.3	0	0
mcp2k	94224	receiver_type	17031-60034	1	11	11	17031	-10.27	-11.51	6.8	1.399	4.25	0.843	shower	11	11	60034	-6.17	-6.85	2.4	1.469	5.22	0.974	0.000	22.5	61.8	31.5	0	0
mcp2k	94224	receiver_type	17008-60034	4	11	11	60034	-6.85	-6.17	2.4	1.469	5.22	0.974	bare	-1	2212	17008	-10.27	-5.19	14.0	3.768	2.00	0.978	0.000	23.1	103.7	112.1	0	0
mcp2k	94224	receiver_type	17008-60034	4	11	11	60034	-6.85	-6.17	2.4	1.469	5.22	0.974	bare	-1	2212	17008	-5.19	-10.27	14.0	3.768	2.00	0.978	0.000	14.9	137.7	64.6	0	0
mcp2k	94224	receiver_type	17013-60034	4	11	11	60034	-6.85	-6.17	2.4	1.469	5.22	0.974	shower	11	11	17013	-10.27	-3.05	35.0	1.020	2.13	0.930	0.000	23.1	103.7	64.2	0	0
mcp2k	94224	receiver_type	17013-60034	4	11	11	60034	-6.85	-6.17	2.4	1.469	5.22	0.974	shower	11	11	17013	-3.05	-10.27	35.0	1.020	2.13	0.930	0.000	11.3	48.9	111.6	0	0
mcp2k	94224	receiver_type	17015-60034	4	11	11	60034	-6.85	-6.17	2.4	1.469	5.22	0.974	shower	11	13	17015	-3.05	-0.75	8.5	1.357	2.14	0.961	0.000	11.3	48.9	70.4	0	0
mcp2k	94224	receiver_type	17015-60034	4	11	11	60034	-6.85	-6.17	2.4	1.469	5.22	0.974	shower	11	13	17015	-0.75	-3.05	8.5	1.357	2.14	0.961	0.000	18.9	57.1	111.0	0	0
mcp2k	94224	receiver_type	24023-60034	4	11	11	60034	-6.85	-6.17	2.4	1.469	5.22	0.974	shower	11	11	24023	2.69	16.74	30.7	1.165	1.61	0.928	0.019	19.8	66.3	79.7	0	0
mcp2k	94224	receiver_type	55024-60034	4	11	11	60034	-6.85	-6.17	2.4	1.469	5.22	0.974	shower	11	11	55024	-2.83	-1.98	2.2	2.531	3.90	0.946	0.000	19.0	85.9	70.1	0	0
mcp2k	94224	receiver_type	55024-60034	4	11	11	60034	-6.85	-6.17	2.4	1.469	5.22	0.974	shower	11	11	55024	-1.98	-2.83	2.2	2.531	3.90	0.946	0.000	17.9	83.1	114.2	0	0
mcp2k	94224	receiver_type	17030-60034	4	11	11	60034	-6.85	-6.17	2.4	1.469	5.22	0.974	shower	11	11	17030	-10.27	-14.56	6.3	0.610	3.33	0.793	0.000	23.1	103.7	103.6	0	0
mcp2k	94224	receiver_type	17031-60034	4	11	11	60034	-6.85	-6.17	2.4	1.469	5.22	0.974	shower	11	11	17031	-11.51	-10.27	6.8	1.399	4.25	0.843	0.000	26.9	112.2	34.0	0	0
mcp2k	94224	receiver_type	17031-60034	4	11	11	60034	-6.85	-6.17	2.4	1.469	5.22	0.974	shower	11	11	17031	-10.27	-11.51	6.8	1.399	4.25	0.843	0.000	23.1	103.7	144.3	0	0
mcp2k	94224	receiver_type	17032-60034	4	11	11	60034	-6.85	-6.17	2.4	1.469	5.22	0.974	bare	-1	2212	17032	-10.27	-8.41	22.8	3.386	3.33	0.892	0.128	23.1	103.7	154.7	0	0
mcp2k	94224	receiver_type	17032-60034	4	11	11	60034	-6.85	-6.17	2.4	1.469	5.22	0.974	bare	-1	2212	17032	-8.41	-10.27	22.8	3.386	3.33	0.892	0.128	35.5	135.6	1.8	0	0
mcp2k	94224	receiver_type	17008-60034	4	11	11	60034	-6.17	-6.85	2.4	1.469	5.22	0.974	bare	-1	2212	17008	-10.27	-5.19	14.0	3.768	2.00	0.978	0.000	22.5	71.5	78.3	0	0
mcp2k	94224	receiver_type	17008-60034	4	11	11	60034	-6.17	-6.85	2.4	1.469	5.22	0.974	bare	-1	2212	17008	-5.19	-10.27	14.0	3.768	2.00	0.978	0.000	13.1	37.9	105.0	0	0
mcp2k	94224	receiver_type	17013-60034	4	11	11	60034	-6.17	-6.85	2.4	1.469	5.22	0.974	shower	11	11	17013	-10.27	-3.05	35.0	1.020	2.13	0.930	0.000	22.5	71.5	125.9	0	0
mcp2k	94224	receiver_type	17013-60034	4	11	11	60034	-6.17	-6.85	2.4	1.469	5.22	0.974	shower	11	11	17013	-3.05	-10.27	35.0	1.020	2.13	0.930	0.000	13.0	145.7	58.5	0	0
mcp2k	94224	receiver_type	17015-60034	4	11	11	60034	-6.17	-6.85	2.4	1.469	5.22	0.974	shower	11	13	17015	-3.05	-0.75	8.5	1.357	2.14	0.961	0.000	13.0	145.7	119.4	0	0
mcp2k	94224	receiver_type	17015-60034	4	11	11	60034	-6.17	-6.85	2.4	1.469	5.22	0.974	shower	11	13	17015	-0.75	-3.05	8.5	1.357	2.14	0.961	0.000	20.4	136.9	59.1	0	0
mcp2k	94224	receiver_type	24023-60034	4	11	11	60034	-6.17	-6.85	2.4	1.469	5.22	0.974	shower	11	11	24023	2.69	16.74	30.7	1.165	1.61	0.928	0.019	21.0	127.5	109.4	0	0
mcp2k	94224	receiver_type	55024-60034	4	11	11	60034	-6.17	-6.85	2.4	1.469	5.22	0.974	shower	11	11	55024	-2.83	-1.98	2.2	2.531	3.90	0.946	0.000	19.1	91.2	118.1	0	0
mcp2k	94224	receiver_type	55024-60034	4	11	11	60034	-6.17	-6.85	2.4	1.469	5.22	0.974	shower	11	11	55024	-1.98	-2.83	2.2	2.531	3.90	0.946	0.000	18.1	94.7	56.1	0	0
mcp2k	94224	receiver_type	17030-60034	4	11	11	60034	-6.17	-6.85	2.4	1.469	5.22	0.974	shower	11	11	17030	-10.27	-14.56	6.3	0.610	3.33	0.793	0.000	22.5	71.5	71.6	0	0
mcp2k	94224	receiver_type	17031-60034	4	11	11	60034	-6.17	-6.85	2.4	1.469	5.22	0.974	shower	11	11	17031	-11.51	-10.27	6.8	1.399	4.25	0.843	0.000	25.9	62.1	152.6	0	0
mcp2k	94224	receiver_type	17031-60034	4	11	11	60034	-6.17	-6.85	2.4	1.469	5.22	0.974	shower	11	11	17031	-10.27	-11.51	6.8	1.399	4.25	0.843	0.000	22.5	71.5	31.5	0	0
mcp2k	94224	receiver_type	17032-60034	4	11	11	60034	-6.17	-6.85	2.4	1.469	5.22	0.974	bare	-1	2212	17032	-10.27	-8.41	22.8	3.386	3.33	0.892	0.128	22.5	71.5	22.4	0	0
mcp2k	94224	receiver_type	17032-60034	4	11	11	60034	-6.17	-6.85	2.4	1.469	5.22	0.974	bare	-1	2212	17032	-8.41	-10.27	22.8	3.386	3.33	0.892	0.128	33.7	37.0	168.6	0	0
mcp2k	98470	partner_type	11007-22012	0	13	13	11007	-4.42	12.88	61.6	1.097	1.92	0.930	shower	11	11	22012	-1.80	-4.72	4.4	0.763	2.24	0.939	0.000	13.8	173.1	36.0	0	0
mcp2k	98470	partner_type	11007-22012	0	13	13	11007	-4.42	12.88	61.6	1.097	1.92	0.930	shower	11	11	22012	-4.72	-1.80	4.4	0.763	2.24	0.939	0.000	11.0	158.9	147.2	0	0
mcp2k	98470	partner_type	11007-22013	0	13	13	11007	-4.42	12.88	61.6	1.097	1.92	0.930	shower	11	11	22013	-1.80	-1.89	4.4	0.736	2.94	0.942	0.000	13.8	173.1	38.7	0	0
mcp2k	98470	partner_type	11007-22013	0	13	13	11007	-4.42	12.88	61.6	1.097	1.92	0.930	shower	11	11	22013	-1.89	-1.80	4.4	0.736	2.94	0.942	0.000	10.2	175.6	156.4	0	0
mcp2k	98470	receiver_type	11007-22012	1	11	11	22012	-1.80	-4.72	4.4	0.763	2.24	0.939	shower	13	13	11007	-4.42	12.88	61.6	1.097	1.92	0.930	0.000	13.8	137.4	36.0	0	0
mcp2k	98470	receiver_type	11007-22012	1	11	11	22012	-4.72	-1.80	4.4	0.763	2.24	0.939	shower	13	13	11007	-4.42	12.88	61.6	1.097	1.92	0.930	0.000	11.0	53.9	147.2	0	0
mcp2k	98470	receiver_type	11007-22013	1	11	11	22013	-1.80	-1.89	4.4	0.736	2.94	0.942	shower	13	13	11007	-4.42	12.88	61.6	1.097	1.92	0.930	0.000	13.8	147.9	38.7	0	0
mcp2k	98470	receiver_type	11007-22013	1	11	11	22013	-1.89	-1.80	4.4	0.736	2.94	0.942	shower	13	13	11007	-4.42	12.88	61.6	1.097	1.92	0.930	0.000	10.2	27.0	156.4	0	0
ncpi0	314838	partner_type	118085-17014	4	13	13	17014	-3.95	-7.39	3.9	3.204	4.60	0.983	shower	11	11	118085	-6.14	-4.77	3.3	0.639	2.34	0.969	0.000	31.7	112.6	49.1	0	0
ncpi0	314838	partner_type	118085-17014	4	13	13	17014	-3.95	-7.39	3.9	3.204	4.60	0.983	shower	11	11	118085	-4.77	-6.14	3.3	0.639	2.34	0.969	0.000	28.9	110.1	139.9	0	0
ncpi0	314838	partner_type	118085-17014	4	13	13	17014	-7.39	-3.95	3.9	3.204	4.60	0.983	shower	11	11	118085	-6.14	-4.77	3.3	0.639	2.34	0.969	0.000	30.6	78.3	126.7	0	0
ncpi0	314838	partner_type	118085-17014	4	13	13	17014	-7.39	-3.95	3.9	3.204	4.60	0.983	shower	11	11	118085	-4.77	-6.14	3.3	0.639	2.34	0.969	0.000	27.9	81.5	44.2	0	0
ncpi0	314838	receiver_type	118085-17014	15	11	11	118085	-6.14	-4.77	3.3	0.639	2.34	0.969	shower	13	13	17014	-3.95	-7.39	3.9	3.204	4.60	0.983	0.000	31.7	161.7	49.1	0	0
ncpi0	314838	receiver_type	118085-17014	15	11	11	118085	-6.14	-4.77	3.3	0.639	2.34	0.969	shower	13	13	17014	-7.39	-3.95	3.9	3.204	4.60	0.983	0.000	30.6	155.0	126.7	0	0
ncpi0	314838	receiver_type	118085-17014	15	11	11	118085	-4.77	-6.14	3.3	0.639	2.34	0.969	shower	13	13	17014	-3.95	-7.39	3.9	3.204	4.60	0.983	0.000	28.9	29.9	139.9	0	0
ncpi0	314838	receiver_type	118085-17014	15	11	11	118085	-4.77	-6.14	3.3	0.639	2.34	0.969	shower	13	13	17014	-7.39	-3.95	3.9	3.204	4.60	0.983	0.000	27.9	37.3	44.2	0	0
nuecc48	42280	receiver_type	36065-37066	0	11	13	36065	11.83	9.82	2.5	1.512	1.66	0.995	shower	11	11	37066	8.64	6.39	3.3	1.412	1.45	0.941	0.000	87.6	83.8	95.5	0	0
nuecc48	42280	receiver_type	36065-37066	0	11	13	36065	11.83	9.82	2.5	1.512	1.66	0.995	shower	11	11	37066	6.39	8.64	3.3	1.412	1.45	0.941	0.000	87.1	84.2	69.2	0	0
nuecc48	42280	receiver_type	36065-37066	0	11	13	36065	9.82	11.83	2.5	1.512	1.66	0.995	shower	11	11	37066	8.64	6.39	3.3	1.412	1.45	0.941	0.000	87.9	98.2	87.7	0	0
nuecc48	42280	receiver_type	36065-37066	0	11	13	36065	9.82	11.83	2.5	1.512	1.66	0.995	shower	11	11	37066	6.39	8.64	3.3	1.412	1.45	0.941	0.000	87.4	97.8	107.5	0	0
nuecc48	42280	receiver_type	36065-37066	1	11	11	37066	8.64	6.39	3.3	1.412	1.45	0.941	shower	11	13	36065	11.83	9.82	2.5	1.512	1.66	0.995	0.000	87.6	100.4	95.5	0	0
nuecc48	42280	receiver_type	36065-37066	1	11	11	37066	8.64	6.39	3.3	1.412	1.45	0.941	shower	11	13	36065	9.82	11.83	2.5	1.512	1.66	0.995	0.000	87.9	100.4	87.7	0	0
nuecc48	42280	receiver_type	36065-37066	1	11	11	37066	6.39	8.64	3.3	1.412	1.45	0.941	shower	11	13	36065	11.83	9.82	2.5	1.512	1.66	0.995	0.000	87.1	85.0	69.2	0	0
nuecc48	42280	receiver_type	36065-37066	1	11	11	37066	6.39	8.64	3.3	1.412	1.45	0.941	shower	11	13	36065	9.82	11.83	2.5	1.512	1.66	0.995	0.000	87.4	84.5	107.5	0	0
