sample	run	subrun	event	rc	wall_s	core_s	timecmd_wall_s	maxrss_kb	dl_warn	event_label	n_bundle	n_inbeam_bundle	n_inbeam_flash	nu_evaluated	n_cosmic_skipped	nu_sel_t0_us	nu_sel_len_cm	nu_sel_n_assoc	nu_x_cm	nu_y_cm	nu_z_cm	numu_score	nue_score	cosmic_flag	cosmict_flag	cosmict_10_score	cosmict_score	kine_reco_Enu_MeV	kine_energy_excluded_MeV	kine_energy_excluded_main_MeV	kine_energy_excluded_other_MeV	kine_n_excluded	kine_energy_flagged_MeV
mcp1k	18255	1	48301	0	7.428	0.794	8	316096	0	cosmic-tagged	10	1	1	0	0																		
mcp1k	18255	1	48367	0	16.159	8.430	17	1268912	0	nu-candidate	15	1	1	1	0	1.098	165.2	27	-161.64511	-91.04813	172.39943	2.244109	-15.0	1.0	0.0	0.7	0.0	1033.3729	1.6559687	0.0	1.6559687	1	0.9103349
mcp1k	18255	1	48565	0	7.648	1.098	8	389576	0	no-bundle	12	0	1	0	0																		
mcp1k	18255	1	48895	0	14.898	6.511	16	1199976	0	nu-candidate	12	1	1	1	0	1.442	168.9	7	-164.94785	-165.48453	185.39592	2.8101292	-15.0	1.0	0.0	0.7	0.0	534.05963	2.8431985	0.0	2.8431985	3	3.6234891
mcp1k	18255	1	49445	0	10.304	1.638	11	472860	0	cosmic-tagged	14	1	1	0	0																		
mcp1k	18255	1	49467	0	10.142	1.163	11	400080	0	cosmic-tagged	14	1	1	0	0																		
mcp1k	18255	1	49511	0	7.574	0.964	8	373440	0	no-beam-flash	14	0	0	0	0																		
mcp1k	18255	1	49709	0	10.120	1.155	11	386300	0	no-beam-flash	12	0	0	0	0																		
mcp1k	18255	1	49885	0	7.612	1.060	8	387600	0	no-beam-flash	14	0	0	0	0																		
mcp1k	18255	1	49951	0	15.978	6.165	17	1136260	0	nu-candidate	12	1	1	1	0	1.983	61.3	12	190.93375	173.97835	21.397694	1.7707367	-15.0	1.0	0.0	0.7	0.0	687.41956	2.0730803	0.0	2.0730803	2	15.238843
mcp1k	18255	1	50017	0	9.052	1.033	10	365364	0	no-beam-flash	13	0	0	0	0																		
mcp1k	18255	1	50303	0	13.391	6.037	14	1180076	0	nu-candidate	11	1	1	1	0	1.704	44.2	11	143.39905	35.91676	184.31253	0.24515156	-15.0	1.0	1.0	0.7	0.0	317.4737	5.968326	0.0	5.968326	3	3.3941374
mcp1k	18255	1	50523	0	10.359	2.390	11	485024	0	cosmic-tagged	10	1	1	0	0																		
mcp1k	18255	1	50743	0	10.292	5.051	11	1142924	0	nu-candidate	14	1	1	1	0	1.658	2.7	7	25.992485	79.01986	306.41455	-3.1206186	-15.0	1.0	0.0	0.7	0.0	15.470816	5.9085393	0.0	5.9085393	4	2.9604897
mcp1k	18255	1	50765	0	10.107	1.570	11	411436	0	cosmic-tagged	11	1	1	0	0																		
mcp1k	18255	1	50787	0	8.984	0.936	10	368688	0	cosmic-tagged	7	1	1	0	0																		
mcp1k	18255	1	50809	0	4.353	0.972	6	387316	0	no-beam-flash	13	0	0	0	0																		
mcp1k	18255	1	50831	0	9.101	5.532	11	1207708	0	nu-candidate	12	1	1	1	0	1.904	18.7	10	-137.4899	-124.45726	415.83563	-1.7257667	-15.0	1.0	0.0	0.7	0.0	239.26755	1.8665566	0.0	1.8665566	1	9.767388
mcp1k	18255	1	50919	0	4.422	0.945	6	369784	0	nu-candidate	10	1	1	0	0																		
mcp1k	18255	1	51051	0	11.727	7.876	14	1292092	0	nu-candidate	13	1	1	1	0	1.101	253.1	4	-17.507397	-33.934334	302.15585	4.383867	-15.0	1.0	0.0	0.7	0.0	811.54395	1.5458366	0.0	1.5458366	1	1.3078365
mcp1k	18255	1	51469	0	7.654	1.173	8	406884	0	cosmic-tagged	15	1	1	0	0																		
mcp1k	18255	1	51513	0	10.196	5.554	11	1194856	0	nu-candidate	12	1	1	1	0	1.499	74.5	7	44.788616	46.40826	138.6273	2.35979	-15.0	1.0	1.0	0.7	0.0	473.46866	20.18863	0.0	20.18863	4	4.054314
mcp1k	18255	1	51865	0	12.380	5.202	14	1158992	0	nu-candidate	9	1	1	1	0	1.330	2.8	8	-56.141663	114.45163	272.04486	-1.9582871	-15.0	1.0	0.0	0.7	0.0	107.83938	23.141264	0.0	23.141264	7	0.0
mcp1k	18255	1	52085	0	13.616	6.300	15	1131120	0	nu-candidate	8	1	1	1	0	1.643	139.8	7	-1.0676664	112.55155	81.51011	4.3545127	-15.0	1.0	0.0	0.7	0.0	675.18365	0.0	0.0	0.0	0	4.28959
mcp1k	18255	1	52195	0	8.672	2.364	10	426472	0	cosmic-tagged	12	1	1	0	0																		
mcp1k	18255	1	52613	0	7.465	1.017	9	369428	0	cosmic-tagged	9	1	1	0	0																		
mcp1k	18255	1	52657	0	11.278	5.922	13	1182768	0	nu-candidate	19	1	1	1	0	1.594	101.0	5	-33.34585	-53.777576	257.69824	1.1781224	-15.0	1.0	1.0	0.7	0.0	384.5514	21.189598	0.0	21.189598	2	20.185205
mcp1k	18255	1	52723	0	11.150	5.532	13	1141316	0	nu-candidate	10	1	2	1	0	1.125	61.6	3	92.555046	29.189365	449.27377	3.2018979	-15.0	1.0	0.0	0.7	0.0	397.35168	0.0	0.0	0.0	0	3.6842606
mcp1k	18255	1	53361	0	10.482	6.205	12	1221124	0	nu-candidate	19	1	1	1	0	1.970	120.9	5	-18.313257	-192.85774	168.75177	2.607871	-15.0	1.0	0.0	0.7	0.0	509.93707	2.5335326	0.0	2.5335326	2	79.17205
mcp1k	18255	1	53427	0	14.262	7.690	16	1158784	0	nu-candidate	10	1	1	1	0	1.732	195.5	3	13.006788	72.063545	433.59387	3.1575165	-15.0	1.0	0.0	0.7	0.0	798.50085	0.0	0.0	0.0	0	4.2008014
mcp1k	18255	1	53493	0	5.999	0.909	7	355164	0	no-bundle	8	0	1	0	0																		
mcp1k	18255	1	53581	0	5.923	0.606	7	301080	0	no-bundle	8	0	1	0	0																		
mcp1k	18255	1	53713	0	9.883	5.565	12	1224700	0	nu-candidate	13	1	1	1	0	0.882	2.3	10	-137.63593	-79.7026	342.23972	-2.1603503	-15.0	1.0	0.0	0.7	0.0	32.567837	4.190792	0.0	4.190792	3	9.273973
mcp1k	18255	1	53779	0	6.071	1.030	8	379840	0	no-beam-flash	12	0	0	0	0																		
mcp1k	18255	1	53955	0	6.176	1.193	8	402060	0	cosmic-tagged	13	1	1	0	0																		
mcp1k	18255	1	54175	0	15.143	9.699	16	1242776	0	nu-candidate	12	1	1	1	0	1.265	187.1	17	-73.343834	139.37921	54.609955	5.191546	-15.0	1.0	0.0	0.7	0.0	827.1335	1.4051827	0.0	1.4051827	1	14.573921
mcp1k	18255	1	54209	0	7.920	0.989	9	384524	0	no-beam-flash	11	0	0	0	0																		
mcp1k	18255	1	54285	0	7.745	0.873	9	348140	0	no-beam-flash	10	0	0	0	0																		
mcp1k	18255	1	54341	0	12.693	7.162	13	1257608	0	nu-candidate	16	1	1	1	0	2.046	40.6	27	117.2123	164.42343	141.65091	0.8029297	-15.0	1.0	0.0	0.7	0.0	789.62683	112.28374	0.0	112.28374	11	12.91722
mcp1k	18255	1	54351	0	11.481	6.284	13	1193192	0	nu-candidate	13	1	1	1	0	0.587	68.2	5	-140.33237	81.29173	189.60388	0.7515528	-15.0	1.0	0.0	0.7	0.0	714.2109	1.9117714	0.0	1.9117714	2	2.31776
mcp1k	18255	1	54505	0	8.019	1.083	9	389564	0	no-beam-flash	10	0	0	0	0																		
mcp1k	18255	1	54527	0	7.956	1.070	9	380252	0	no-beam-flash	7	0	0	0	0																		
mcp1k	18255	1	55231	0	7.759	1.034	8	378868	0	cosmic-tagged	12	1	1	0	0																		
mcp1k	18255	1	55539	0	15.056	8.727	16	1267924	0	nu-candidate	14	1	1	1	0	1.994	196.0	5	25.5864	144.37872	344.85287	-0.4488934	-15.0	1.0	1.0	0.7	0.0	612.4976	478.6532	28.9136	449.7396	4	1.6940519
mcp1k	18255	1	55583	0	7.671	0.770	8	330004	0	nu-candidate	9	1	1	0	0																		
mcp1k	18255	1	55595	0	13.783	8.121	14	1167840	0	nu-candidate	9	1	1	1	0	1.801	190.4	7	-178.79594	-57.568188	192.9758	3.7605207	-15.0	1.0	0.0	0.7	0.0	846.77716	2.6916633	0.0	2.6916633	3	4.2406554
mcp1k	18255	1	55627	0	12.949	6.872	15	1233272	0	nu-candidate	16	1	1	1	0	1.740	191.7	5	-80.67628	60.098835	182.05415	5.4024925	-15.0	1.0	0.0	0.7	0.0	696.78064	0.98569304	0.0	0.98569304	1	6.3950577
mcp1k	18255	1	55693	0	7.934	0.933	9	357100	0	no-bundle	9	0	2	0	0																		
mcp1k	18255	1	55715	0	12.948	6.484	14	1204072	0	nu-candidate	12	1	1	1	0	1.547	31.8	13	-48.094574	-38.53395	481.96252	1.1603194	-15.0	1.0	0.0	0.7	0.0	604.89734	10.965563	0.0	10.965563	6	57.590324
mcp1k	18255	1	55925	0	6.915	1.109	9	394700	0	nu-candidate	12	1	1	0	0																		
mcp1k	18255	1	55957	0	11.158	5.455	13	1168280	0	nu-candidate	12	1	1	1	0	1.037	2.2	2	132.67415	7.6587257	446.24017	-2.5303316	-15.0	1.0	0.0	0.7	0.0	15.781496	0.0	0.0	0.0	0	1.8817632
mcp1k	18255	1	56211	0	11.309	5.911	13	1213080	0	nu-candidate	18	1	1	1	0	1.722	23.1	3	89.62687	-33.818832	82.17383	-1.9602162	-15.0	1.0	0.0	0.7	0.0	305.10648	0.0	0.0	0.0	0	4.143976
mcp1k	18255	1	56243	0	14.034	6.856	16	1189664	0	nu-candidate	9	1	1	1	0	0.905	87.9	29	135.88164	-27.700193	109.548775	4.3130527	-15.0	1.0	0.0	0.7	0.0	777.8641	4.4861403	0.0	4.4861403	1	19.477058
mcp1k	18255	1	56299	0	5.772	0.896	6	346220	0	no-beam-flash	10	0	0	0	0																		
mcp1k	18255	1	56353	0	5.953	0.845	7	332428	0	cosmic-tagged	10	1	1	0	0																		
mcp1k	18255	1	56387	0	5.825	1.674	6	431420	0	cosmic-tagged	12	1	1	0	0																		
mcp1k	18255	1	56463	0	19.157	15.542	20	1300076	0	no-bundle	9	0	1	1	0	1.185	429.3	17	130.80612	165.6503	186.0808	4.9545403	-15.0	1.0	0.0	0.7	0.0	1429.368	128.56229	125.72001	2.8422828	3	20.768497
mcp1k	18255	1	56519	0	4.972	1.000	6	358704	0	no-bundle	9	0	1	0	0																		
mcp1k	18255	1	57245	0	6.314	1.004	8	373260	0	nu-candidate	12	1	1	0	0																		
mcp1k	18255	1	57311	0	6.315	0.935	8	357400	0	no-bundle	9	0	1	0	0																		
mcp1k	18255	1	57333	0	4.967	0.761	7	330548	0	no-bundle	9	0	1	0	0																		
mcp1k	18255	1	57355	0	6.506	0.924	8	348404	0	cosmic-tagged	11	1	1	0	0																		
mcp1k	18255	1	57441	0	12.946	5.969	15	1237756	0	nu-candidate	14	1	1	1	0	0.975	102.0	9	-69.30596	-119.92245	408.5633	-1.2298411	-15.0	1.0	1.0	0.7	0.0	377.29065	1.683573	0.0	1.683573	1	16.239445
mcp1k	18255	1	57485	0	12.706	6.595	13	1177304	0	nu-candidate	12	1	1	1	0	1.075	80.8	4	-9.098458	-106.22943	47.7426	1.986209	-15.0	1.0	0.0	0.7	0.0	660.36395	4.172299	0.0	4.172299	4	0.0
mcp1k	18255	1	57487	0	9.006	1.171	10	398772	0	nu-candidate	15	1	1	0	0																		
mcp1k	18255	1	57575	0	13.852	7.798	15	1219680	0	nu-candidate	11	1	1	1	0	1.081	285.1	6	-44.88039	-3.805876	234.06908	3.34985	-15.0	1.0	0.0	0.7	0.0	804.7452	0.0	0.0	0.0	0	9.559673
mcp1k	18255	1	57661	0	17.872	9.108	19	1357724	0	nu-candidate	12	1	1	1	0	1.818	122.3	12	94.154106	184.5018	135.68121	3.0727074	-15.0	1.0	0.0	0.7	0.0	843.065	58.6177	0.0	58.6177	7	5.2106237
mcp1k	18255	1	57883	0	15.392	7.672	17	1186128	0	nu-candidate	14	1	1	1	0	1.372	97.4	2	105.153275	39.052567	268.6536	2.2829661	-15.0	1.0	0.0	0.7	0.0	834.2755	3.5111055	0.0	3.5111055	2	0.0
mcp1k	18255	1	57903	0	10.381	5.995	12	1155148	0	nu-candidate	10	1	1	1	0	1.197	97.3	8	-16.55968	-57.711235	265.24612	1.0886312	-15.0	1.0	0.0	0.7	0.0	567.0622	11.42012	0.0	11.42012	7	0.0
mcp1k	18255	1	57949	0	7.912	1.321	9	427996	0	no-bundle	11	0	1	0	0																		
mcp1k	18255	1	58169	0	7.773	0.955	9	356912	0	nu-candidate	10	1	1	0	0																		
mcp1k	18255	1	58211	0	5.574	0.813	8	331948	0	nu-candidate	5	1	1	0	0																		
mcp1k	18255	1	58255	0	5.489	0.807	8	334212	0	cosmic-tagged	9	1	1	0	0																		
mcp1k	18255	1	58321	0	11.968	7.336	15	1207400	0	nu-candidate	14	1	1	1	0	0.561	177.8	2	-67.000885	105.4744	466.21188	4.220157	-15.0	1.0	0.0	0.7	0.0	997.40173	0.0	0.0	0.0	0	3.770469
mcp1k	18255	1	58343	0	8.147	3.680	11	761876	0	cosmic-tagged	11	1	1	1	0	1.399	1.2	0	0.0	0.0	0.0	-1.9416895	-15.0	1.0	0.0	0.7	0.0	0.0	0.0	0.0	0.0	0	0.0
mcp1k	18255	1	58345	0	11.032	5.424	13	1169464	0	nu-candidate	9	1	1	1	0	1.568	47.7	3	84.480896	170.3755	93.029785	2.0912006	-15.0	1.0	0.0	0.7	0.0	249.55006	0.0	0.0	0.0	0	3.005518
mcp1k	18255	1	58433	0	5.998	0.970	7	363720	0	nu-candidate	9	1	1	0	0																		
mcp1k	18255	1	58519	0	7.069	0.940	8	354776	0	no-beam-flash	13	0	0	0	0																		
mcp1k	18255	1	58543	0	7.222	1.453	9	402244	0	cosmic-tagged	11	1	1	0	0																		
mcp1k	18255	1	58607	0	12.946	5.811	15	1219756	0	nu-candidate	15	1	1	1	0	1.575	15.7	13	39.1215	31.104012	188.40085	-1.1135472	-15.0	1.0	1.0	0.7	0.0	365.72214	10.513326	0.0	10.513326	7	6.2283382
mcp1k	18255	1	58653	0	11.606	5.694	12	1208312	0	nu-candidate	11	1	1	1	0	1.698	93.0	8	-137.9766	39.88389	91.40739	2.0466635	-15.0	1.0	0.0	0.7	0.0	355.24924	0.0	0.0	0.0	0	6.8748345
mcp1k	18255	1	58667	0	8.111	1.153	10	415912	0	nu-candidate	10	1	1	0	0																		
mcp1k	18255	1	58711	0	7.044	1.081	8	391156	0	cosmic-tagged	10	1	2	0	0																		
mcp1k	18255	1	58717	0	14.063	6.158	15	1299156	0	nu-candidate	17	1	1	1	0	0.656	21.4	4	195.06955	81.04886	40.52936	-1.6785984	-15.0	1.0	0.0	0.7	0.0	182.6539	4.1925864	0.0	4.1925864	2	2.5672586
mcp1k	18255	1	58755	0	14.083	7.154	15	1298608	0	cosmic-tagged	16	1	1	1	0	1.988	23.4	14	-18.836065	153.41481	185.61565	-1.2328203	-11.06879	1.0	0.0	0.7	0.0	214.82909	5.9433255	0.0	5.9433255	4	4.6790886
mcp1k	18255	1	58777	0	7.693	0.799	8	338096	0	no-beam-flash	10	0	0	0	0																		
mcp1k	18255	1	58821	0	8.190	1.843	10	498352	0	cosmic-tagged	17	1	1	0	0																		
mcp1k	18255	1	58997	0	7.880	0.727	9	316680	0	no-beam-flash	12	0	0	0	0																		
mcp1k	18255	1	59003	0	12.912	7.107	14	1216928	0	nu-candidate	15	1	1	1	0	1.578	298.4	3	42.225464	-15.400908	210.06314	3.802232	-15.0	1.0	0.0	0.7	0.0	842.937	0.0	0.0	0.0	0	2.7467992
mcp1k	18255	1	59019	0	7.858	1.019	9	383488	0	no-beam-flash	14	0	0	0	0																		
mcp1k	18255	1	59025	0	18.354	11.417	20	1257412	0	nu-candidate	13	1	1	1	0	1.605	299.7	5	-164.04276	-25.813839	132.90306	3.4190295	-15.0	1.0	0.0	0.7	0.0	1210.4178	3.3084157	0.0	3.3084157	2	4.8208547
mcp1k	18255	1	59047	0	10.451	3.327	12	702288	0	cosmic-tagged	6	1	1	1	0	0.858	1.1	0	0.0	0.0	0.0	-1.9416895	-15.0	1.0	0.0	0.7	0.0	0.0	0.0	0.0	0.0	0	0.0
mcp1k	18255	1	59063	0	7.817	0.918	9	353244	0	cosmic-tagged	9	1	1	0	0																		
mcp1k	18255	1	59069	0	8.903	0.817	9	345020	0	no-bundle	5	0	1	0	0																		
mcp1k	18255	1	59085	0	10.919	6.132	12	1234660	0	nu-candidate	13	1	1	1	0	1.778	25.8	3	-10.665896	185.80504	49.164192	-1.9935282	-15.0	1.0	0.0	0.7	0.0	89.49783	73.884056	0.0	73.884056	2	25.805481
mcp1k	18255	1	59093	0	12.335	6.751	14	1183416	0	nu-candidate	11	1	1	1	0	1.138	120.1	14	-86.79243	-18.53473	182.66254	2.8509552	-15.0	1.0	0.0	0.7	0.0	628.0425	1.0052834	0.0	1.0052834	1	16.629251
mcp1k	18255	1	59179	0	13.679	6.873	15	1203836	0	nu-candidate	10	1	1	1	0	1.213	168.6	4	-81.43146	10.934162	174.31479	3.8641462	-15.0	1.0	0.0	0.7	0.0	685.6438	2.439094	0.0	2.439094	1	2.7623436
mcp1k	18255	1	59247	0	12.494	6.393	14	1140312	0	nu-candidate	13	1	1	1	0	1.644	159.4	2	5.050318	158.03545	146.64397	3.7541091	-15.0	1.0	0.0	0.7	0.0	602.35126	0.0	0.0	0.0	0	1.2830231
mcp1k	18255	1	59261	0	11.295	6.094	13	1137172	0	nu-candidate	10	1	1	1	0	0.892	94.5	8	47.031822	184.1907	220.8843	2.336215	-15.0	1.0	0.0	0.7	0.0	427.2534	1.7576975	0.0	1.7576975	3	7.2751913
mcp1k	18255	1	59335	0	11.360	5.945	13	1171236	0	nu-candidate	8	1	1	1	0	1.513	71.2	12	-156.72343	87.17544	127.32231	0.8081393	-15.0	1.0	1.0	0.7	0.0	468.34973	17.897863	0.0	17.897863	6	5.672118
mcp1k	18255	1	59371	0	11.188	6.118	13	1106660	0	nu-candidate	8	1	1	1	0	1.548	107.8	7	47.361465	130.47047	21.752901	2.9094377	-15.0	1.0	0.0	0.7	0.0	569.62415	1.5554351	0.0	1.5554351	2	5.9752316
mcp1k	18255	1	59377	0	3.857	0.892	5	350340	0	cosmic-tagged	5	1	1	0	0																		
mcp1k	18255	1	59415	0	7.385	1.025	9	374596	0	no-beam-flash	12	0	0	0	0																		
mcp1k	18255	1	59459	0	7.664	1.919	9	465008	0	cosmic-tagged	15	1	1	0	0																		
mcp1k	18255	1	59553	0	8.844	5.526	10	1120664	0	nu-candidate	9	1	1	1	0	0.609	78.3	9	49.12755	-137.65097	385.69928	3.3906496	-15.0	1.0	1.0	0.7	0.0	317.83557	2.5756545	0.0	2.5756545	2	8.525685
mcp1k	18255	1	59663	0	7.468	1.004	9	371336	0	nu-candidate	9	2	2	0	0																		
mcp1k	18255	1	59685	0	8.796	6.133	9	1121492	0	nu-candidate	6	1	1	1	0	1.664	168.2	2	143.07243	-143.09193	195.17308	3.4412005	-15.0	1.0	0.0	0.7	0.0	845.55975	0.0	0.0	0.0	0	5.305386
mcp1k	18255	1	59723	0	7.251	1.077	8	359444	0	cosmic-tagged	9	1	1	0	0																		
mcp1k	18255	1	59753	0	12.593	5.543	14	1205264	0	nu-candidate	15	1	1	1	0	1.061	3.1	13	68.1974	-170.61588	145.89694	-3.209424	-15.0	1.0	0.0	0.7	0.0	29.20289	0.0	0.0	0.0	0	15.856878
mcp1k	18255	1	59773	0	8.569	1.171	9	403112	0	cosmic-tagged	18	1	1	0	0																		
mcp1k	18255	1	59789	0	8.686	1.340	9	404624	0	no-bundle	10	0	1	0	0																		
mcp1k	18255	1	59795	0	6.798	2.434	8	621144	0	no-beam-flash	10	0	0	0	0																		
mcp1k	18255	1	59863	0	8.623	1.261	10	402012	0	cosmic-tagged	14	1	1	0	0																		
mcp1k	18255	1	59899	0	15.513	5.822	16	1173656	0	nu-candidate	11	1	1	1	0	1.602	40.2	2	-194.49069	-9.321443	15.380094	-1.5150106	-15.0	1.0	0.0	0.7	0.0	409.35477	0.0	0.0	0.0	0	2.0629663
mcp1k	18255	1	59929	0	14.365	6.251	15	1207112	0	nu-candidate	14	1	1	1	0	1.932	137.6	13	78.43407	177.22478	330.65778	1.6467282	-15.0	1.0	0.0	0.7	0.0	571.51324	7.001803	0.0	7.001803	4	122.47431
mcp1k	18255	1	60017	0	14.308	5.615	15	1217328	0	nu-candidate	10	1	1	1	0	1.404	46.7	2	166.61679	113.92132	360.34875	1.7245792	-15.0	1.0	0.0	0.7	0.0	247.10033	0.0	0.0	0.0	0	4.729666
mcp1k	18255	1	60119	0	8.614	1.195	9	410000	0	no-beam-flash	15	0	0	0	0																		
mcp1k	18255	1	60345	0	8.520	1.040	9	381680	0	cosmic-tagged	12	1	1	0	0																		
mcp1k	18255	1	60369	0	8.478	0.916	9	364036	0	cosmic-tagged	13	1	1	0	0																		
mcp1k	18255	1	60559	0	8.550	1.392	9	407472	0	cosmic-tagged	12	1	1	0	0																		
mcp1k	18255	1	60669	0	16.901	6.850	18	1260136	0	nu-candidate	14	1	1	1	0	1.625	81.0	4	-55.27335	68.41411	66.44549	2.351012	-15.0	1.0	0.0	0.7	0.0	629.05524	1.9463174	0.0	1.9463174	1	4.71822
mcp1k	18255	1	60763	0	8.549	0.958	9	367572	0	no-bundle	12	0	1	0	0																		
mcp1k	18255	1	60933	0	15.544	8.244	17	1277696	0	nu-candidate	13	1	1	1	0	1.693	145.3	5	-69.02702	25.461388	276.8007	3.381284	-15.0	1.0	0.0	0.7	0.0	711.6688	0.0	0.0	0.0	0	7.985025
mcp1k	18255	1	60985	0	7.360	1.065	9	366488	0	cosmic-tagged	11	1	1	0	0																		
mcp1k	18255	1	61071	0	9.468	5.154	11	1176184	0	nu-candidate	10	1	1	1	0	1.211	3.1	3	-127.8183	-195.28966	403.7892	-1.6381195	-15.0	1.0	0.0	0.7	0.0	71.52593	0.0	0.0	0.0	0	4.1578584
mcp1k	18255	1	61093	0	8.089	1.248	10	398996	0	cosmic-tagged	13	1	1	0	0																		
mcp1k	18255	1	61307	0	5.181	0.970	7	344412	0	cosmic-tagged	10	1	1	0	0																		
mcp1k	18255	1	61313	0	5.606	1.317	7	423332	0	cosmic-tagged	13	1	1	0	0																		
mcp1k	18255	1	61351	0	14.078	7.166	15	1212480	0	nu-candidate	11	1	1	1	0	1.919	352.5	6	-63.490574	-122.967995	190.64604	3.5871851	-15.0	1.0	0.0	0.7	0.0	946.2055	3.3555615	0.0	3.3555615	2	9.894392
mcp1k	18255	1	61417	0	14.149	7.191	15	1175460	0	nu-candidate	9	1	1	1	0	1.506	157.3	6	81.78089	-84.30057	387.5726	3.5860274	-15.0	1.0	0.0	0.7	0.0	684.5187	1.1440264	0.0	1.1440264	1	6.300768
mcp1k	18255	1	61461	0	15.378	8.561	16	1179752	0	nu-candidate	7	1	1	1	0	0.645	137.5	13	104.91406	-92.29839	160.99506	1.7325029	-15.0	1.0	1.0	0.7	0.0	810.8295	2.6121738	0.0	2.6121738	3	434.8668
mcp1k	18255	1	61483	0	7.868	1.025	8	359400	0	no-beam-flash	11	0	0	0	0																		
mcp1k	18255	1	61579	0	15.426	7.826	16	1247200	0	nu-candidate	13	1	1	1	0	1.016	156.2	18	19.48418	-118.67372	55.57518	4.8923	-15.0	1.0	0.0	0.7	0.0	841.39185	2.6657062	0.0	2.6657062	1	1.3770392
mcp1k	18255	1	61637	0	7.805	1.005	8	345724	0	cosmic-tagged	10	1	1	0	0																		
mcp1k	18255	1	61681	0	12.733	5.872	14	1148028	0	nu-candidate	11	2	2	1	0	1.286	111.1	2	-167.82732	-107.97415	207.73512	2.3539708	-15.0	1.0	0.0	0.7	0.0	510.98877	0.0	0.0	0.0	0	4.278135
mcp1k	18255	1	61711	0	6.479	0.837	8	328580	0	nu-candidate	10	1	1	0	0																		
mcp1k	18255	1	61843	0	11.502	6.795	12	1218576	0	nu-candidate	14	1	1	1	0	1.246	41.7	19	151.16074	173.70618	64.17989	-0.16007937	-6.7285247	1.0	0.0	0.7	0.0	618.69965	4.1975656	0.0	4.1975656	3	19.16358
mcp1k	18255	1	61997	0	8.449	1.928	9	419788	0	cosmic-tagged	9	1	1	0	0																		
mcp1k	18255	1	62011	0	8.485	1.169	9	380184	0	cosmic-tagged	9	1	1	0	0																		
mcp1k	18255	1	62019	0	8.644	1.978	9	563700	0	cosmic-tagged	16	1	1	0	0																		
mcp1k	18255	1	62149	0	12.588	7.235	13	1224940	0	nu-candidate	13	1	1	1	0	1.175	128.0	4	114.02154	-61.84878	288.3418	4.511207	-15.0	1.0	0.0	0.7	0.0	699.04926	0.0	0.0	0.0	0	6.593416
mcp1k	18255	1	62209	0	7.386	1.618	8	493860	0	no-beam-flash	13	0	0	0	0																		
mcp1k	18255	1	62231	0	4.926	1.566	6	371948	0	cosmic-tagged	11	1	1	0	0																		
mcp1k	18255	1	62281	0	11.163	7.170	13	1323216	0	nu-candidate	18	1	1	1	0	1.026	120.8	2	184.38853	-90.29102	320.96634	4.1450715	-15.0	1.0	1.0	0.7	0.0	592.72766	3.7420495	0.0	3.7420495	1	1.8833153
mcp1k	18255	1	62303	0	7.811	1.070	9	369576	0	cosmic-tagged	12	1	1	0	0																		
mcp1k	18255	1	62327	0	7.819	1.478	9	398732	0	cosmic-tagged	10	1	1	0	0																		
mcp1k	18255	1	62429	0	5.376	1.214	7	403880	0	cosmic-tagged	9	1	1	0	0																		
mcp1k	18255	1	62459	0	16.974	9.881	18	1234700	0	nu-candidate	13	1	2	1	0	0.730	197.1	4	65.39609	196.37299	404.95117	3.1915624	-15.0	1.0	0.0	0.7	0.0	902.44324	0.0	0.0	0.0	0	21.108517
mcp1k	18255	1	62473	0	9.173	0.886	10	339664	0	cosmic-tagged	9	1	1	0	0																		
mcp1k	18255	1	62495	0	11.912	6.177	13	1249932	0	nu-candidate	14	1	2	1	0	0.583	76.4	10	74.36369	152.92285	29.270626	3.1127498	-15.0	1.0	0.0	0.7	0.0	517.352	0.0	0.0	0.0	0	10.601173
mcp1k	18255	1	62561	0	12.032	5.487	13	1194220	0	nu-candidate	13	1	1	1	0	1.072	2.4	1	3.271059	-79.22609	60.821278	-1.1780332	-15.0	1.0	1.0	0.7	0.0	134.86172	0.8321566	0.0	0.8321566	1	0.0
mcp1k	18255	1	62583	0	11.807	6.547	13	1210240	0	cosmic-tagged	11	1	1	1	0	0.854	1.6	0	-81.09249	7.3182554	146.13808	0.942261	-15.0	1.0	0.0	0.7	0.0	419.251	265.4133	0.0	265.4133	19	118.67691
mcp1k	18255	1	62613	0	17.107	8.334	18	1271432	0	nu-candidate	13	1	1	1	0	1.041	279.7	4	182.27835	103.175156	0.0053276075	-4.122855	-15.0	1.0	1.0	0.1973003	0.0	805.35895	2.5201247	0.0	2.5201247	2	1.6634334
mcp1k	18255	1	62721	0	11.775	5.060	12	1179664	0	nu-candidate	12	1	1	1	0	0.604	5.2	11	50.21597	15.5118885	137.47949	-0.8366698	-15.0	1.0	0.0	0.7	0.0	87.71954	0.4800408	0.0	0.4800408	1	15.424477
mcp1k	18255	1	62825	0	7.918	0.979	9	376628	0	no-beam-flash	10	0	0	0	0																		
mcp1k	18255	1	62943	0	6.786	1.610	8	475628	0	cosmic-tagged	19	1	1	0	0																		
mcp1k	18255	1	62979	0	7.992	1.197	9	406016	0	cosmic-tagged	10	1	1	0	0																		
mcp1k	18255	1	63097	0	7.971	1.047	9	381540	0	nu-candidate	12	1	1	0	0																		
mcp1k	18255	1	63163	0	12.621	7.655	16	1160076	0	nu-candidate	8	1	1	1	0	1.881	171.8	9	94.48893	113.090744	331.58444	4.4549656	-15.0	1.0	0.0	0.7	0.0	556.5529	0.0	0.0	0.0	0	20.150686
mcp1k	18255	1	63273	0	7.840	1.427	11	436660	0	nu-candidate	15	1	1	0	0																		
mcp1k	18255	1	63359	0	12.847	6.881	16	1392696	0	nu-candidate	16	1	1	1	0	0.815	26.0	3	-159.34126	185.27374	52.13416	-0.22024333	-15.0	1.0	0.0	0.7	0.0	348.51526	0.0	0.0	0.0	0	3.2630053
mcp1k	18255	1	63427	0	11.459	5.845	13	1199508	0	nu-candidate	12	1	1	1	0	1.022	84.4	5	-86.87385	-24.27329	111.681145	2.3929482	-15.0	1.0	0.0	0.7	0.0	528.54865	69.3483	0.0	69.3483	3	4.197818
mcp1k	18255	1	63493	0	7.589	1.423	8	433248	0	nu-candidate	15	1	1	0	0																		
mcp1k	18255	1	63515	0	7.443	1.106	9	382740	0	cosmic-tagged	10	1	1	0	0																		
mcp1k	18255	1	63537	0	11.797	5.085	13	1158532	0	nu-candidate	12	1	1	1	0	0.657	2.0	10	-185.52495	60.50107	247.91713	-1.6261246	-15.0	1.0	0.0	0.7	0.0	134.00269	0.0	0.0	0.0	0	25.760933
mcp1k	18255	1	63551	0	11.488	5.549	12	1137092	0	nu-candidate	6	1	1	1	0	2.027	94.7	1	59.074608	35.401794	199.92255	0.9910962	-15.0	1.0	0.0	0.7	0.0	353.51474	0.0	0.0	0.0	0	0.5633615
mcp1k	18255	1	63559	0	11.531	6.205	12	1206964	0	nu-candidate	12	1	1	1	0	1.326	157.8	16	184.22128	129.72163	85.9415	3.343838	-15.0	1.0	0.0	0.7	0.0	608.4578	4.109808	0.0	4.109808	2	108.79298
mcp1k	18255	1	63581	0	8.969	1.049	11	377580	0	no-bundle	10	0	1	0	0																		
mcp1k	18255	1	63603	0	11.394	6.489	13	1185812	0	nu-candidate	11	1	1	1	0	1.306	120.9	2	42.957355	179.88951	149.04184	4.0541816	-15.0	1.0	1.0	0.7	0.0	816.46594	1.6129192	0.0	1.6129192	1	0.0
mcp1k	18255	1	63669	0	11.411	6.560	13	1149156	0	nu-candidate	5	1	1	1	0	1.994	180.5	11	-85.2929	121.70781	334.41013	3.1183748	-15.0	1.0	0.0	0.7	0.0	542.68506	30.98614	0.0	30.98614	8	4.1223526
mcp1k	18255	1	63711	0	7.542	1.371	8	434664	0	cosmic-tagged	17	1	1	0	0																		
mcp1k	18255	1	63947	0	7.482	0.988	8	370016	0	nu-candidate	9	1	1	0	0																		
mcp1k	18255	1	64057	0	6.597	1.152	8	397088	0	no-beam-flash	18	0	0	0	0																		
mcp1k	18255	1	64079	0	5.286	0.766	7	340068	0	no-bundle	9	0	1	0	0																		
mcp1k	18255	1	64107	0	8.934	1.118	10	389492	0	nu-candidate	16	1	1	0	0																		
mcp1k	18255	1	64409	0	18.780	13.198	20	1212076	0	nu-candidate	7	1	1	1	0	0.534	59.1	33	77.5678	143.07085	305.60553	0.058695287	6.9680786	1.0	0.0	0.7	0.0	1014.3629	5.7303762	0.0	5.7303762	5	2.630714
mcp1k	18255	1	64453	0	6.912	0.972	9	357612	0	cosmic-tagged	10	1	1	0	0																		
mcp1k	18255	1	64475	0	13.676	8.982	15	1202844	0	nu-candidate	16	1	1	1	0	0.550	258.4	6	-123.32372	-152.88173	27.699068	2.2812035	-15.0	1.0	0.0	0.7	0.0	986.78546	1.174876	0.0	1.174876	1	4.4399805
mcp1k	18255	1	64503	0	10.823	5.521	12	1176592	0	nu-candidate	12	1	1	1	0	1.420	49.8	3	123.6795	-122.34528	122.8487	0.8414644	-15.0	1.0	1.0	0.7	0.0	255.31488	0.0	0.0	0.0	0	2.9687796
mcp1k	18255	1	64591	0	12.643	7.844	13	1233276	0	nu-candidate	12	1	1	1	0	0.890	185.4	22	-63.78235	-39.413944	2.1440563	-2.5411222	-15.0	1.0	1.0	-0.42763412	0.0	636.9744	306.82318	119.753716	187.06947	23	2.1674743
mcp1k	18255	1	64613	0	9.831	5.288	11	1163484	0	nu-candidate	11	1	1	1	0	1.677	1.6	2	-94.235466	-32.648335	23.921358	-2.3564634	-15.0	1.0	1.0	0.7	0.0	106.90206	0.0	0.0	0.0	0	1.1446244
mcp1k	18255	1	64701	0	5.989	0.958	7	350276	0	cosmic-tagged	8	1	1	0	0																		
mcp1k	18255	1	64717	0	8.928	5.963	11	1215468	0	nu-candidate	14	1	1	1	0	0.631	46.9	16	-176.88934	96.18925	349.0745	-0.56865215	-15.0	1.0	0.0	0.7	0.0	523.49036	2.4985619	0.0	2.4985619	2	122.283325
mcp1k	18255	1	64921	0	12.048	6.913	14	1181516	0	nu-candidate	10	1	1	1	0	1.854	88.4	14	105.42905	123.97773	101.7688	0.34181958	-15.0	1.0	0.0	0.7	0.0	1047.9021	0.41032124	0.0	0.41032124	1	15.294042
mcp1k	18255	1	64959	0	12.372	6.771	14	1271144	0	nu-candidate	12	1	1	1	0	1.186	87.7	2	16.752388	197.08649	0.07259273	-2.7892094	-15.0	1.0	1.0	0.6239154	0.0	397.44116	1.5488765	0.0	1.5488765	1	61.769592
mcp1k	18259	1	65018	0	6.067	0.941	8	349984	0	nu-candidate	12	1	1	0	0																		
mcp1k	18255	1	65025	0	10.233	6.187	12	1266472	0	nu-candidate	15	1	1	1	0	1.469	38.3	1	38.946033	-198.77855	398.80405	-1.1515778	-15.0	1.0	1.0	0.7	0.0	237.10712	0.0	0.0	0.0	0	10.0051155
mcp1k	18255	1	65053	0	10.295	6.638	12	1232464	0	nu-candidate	11	2	2	1	0	0.643	113.9	7	-143.80084	45.595966	300.08096	2.7556157	-15.0	1.0	0.0	0.7	0.0	514.10394	1.9770259	0.0	1.9770259	1	3.0192492
mcp1k	18255	1	65267	0	10.028	5.755	12	1217444	0	nu-candidate	13	1	1	1	0	1.958	10.6	7	-76.210846	-193.30998	435.55252	-0.62271667	-15.0	1.0	0.0	0.7	0.0	34.173725	2.1715233	0.0	2.1715233	2	0.7880952
mcp1k	18255	1	65289	0	13.865	9.825	15	1215028	0	cosmic-tagged	10	1	1	1	0	1.746	103.7	16	-81.33189	66.44895	309.82047	1.6218342	-15.0	1.0	0.0	0.7	0.0	1024.3544	3.6626537	0.0	3.6626537	2	394.612
mcp1k	18255	1	65295	0	11.324	5.961	12	1231584	0	nu-candidate	12	1	1	1	0	0.992	62.6	1	195.90218	-32.875057	448.63718	1.5399387	-15.0	1.0	0.0	0.7	0.0	281.86584	0.0	0.0	0.0	0	0.4423213
mcp1k	18255	1	65355	0	5.072	1.142	6	390628	0	nu-candidate	15	1	1	0	0																		
mcp1k	18259	1	65612	0	6.011	0.999	8	360844	0	no-beam-flash	9	0	0	0	0																		
mcp1k	18255	1	65647	0	8.464	1.300	9	390704	0	cosmic-tagged	10	1	1	0	0																		
mcp1k	18255	1	65691	0	6.202	1.275	7	414160	0	cosmic-tagged	10	1	1	0	0																		
mcp1k	18259	1	65788	0	5.954	0.837	6	338944	0	no-beam-flash	11	0	0	0	0																		
mcp1k	18259	1	65942	0	7.337	0.832	9	325748	0	cosmic-tagged	9	1	1	0	0																		
mcp1k	18255	1	65999	0	14.619	5.829	16	1232768	0	cosmic-tagged	15	1	1	1	0	0.584	28.8	6	-200.10938	-96.687035	266.4434	-1.89281	-15.0	1.0	1.0	0.7	0.0	269.35208	2.371329	0.0	2.371329	1	1.9139218
mcp1k	18255	1	66043	0	7.030	0.985	10	374808	0	no-beam-flash	14	0	0	0	0																		
mcp1k	18255	1	66087	0	7.011	0.900	10	348700	0	no-beam-flash	7	0	0	0	0																		
mcp1k	18259	1	66118	0	11.828	5.741	14	1182776	0	nu-candidate	11	1	1	1	0	1.950	83.0	2	138.62659	34.020687	204.80681	1.0505333	-15.0	1.0	0.0	0.7	0.0	442.09116	0.0	0.0	0.0	0	1.8361039
mcp1k	18259	1	66272	0	11.773	5.466	14	1164968	0	nu-candidate	13	1	1	1	0	0.815	16.0	5	186.66656	106.153465	348.87665	-0.38463554	-15.0	1.0	0.0	0.7	0.0	685.51373	0.7189374	0.0	0.7189374	1	5.1577435
mcp1k	18255	1	66329	0	7.168	0.898	8	365672	0	cosmic-tagged	9	1	1	0	0																		
mcp1k	18259	1	66338	0	8.419	1.181	10	405992	0	no-beam-flash	12	0	0	0	0																		
mcp1k	18255	1	66461	0	8.313	0.943	10	354676	0	cosmic-tagged	10	1	1	0	0																		
mcp1k	18255	1	66571	0	8.215	0.765	10	329364	0	no-bundle	15	0	1	0	0																		
mcp1k	18255	1	66615	0	8.494	1.416	10	453248	0	cosmic-tagged	14	1	2	0	0																		
mcp1k	18259	1	66624	0	8.204	1.202	10	392776	0	cosmic-tagged	9	1	1	0	0																		
mcp1k	18259	1	66646	0	11.042	5.167	13	1144664	0	nu-candidate	12	1	1	1	0	1.923	22.1	2	-50.857662	-71.36463	485.7759	2.1967087	-15.0	1.0	0.0	0.7	0.0	347.08755	2.082162	0.0	2.082162	2	0.0
mcp1k	18259	1	66712	0	14.718	7.046	16	1226904	0	nu-candidate	14	1	1	1	0	1.999	66.8	4	67.27258	133.66614	459.2333	2.3728902	-15.0	1.0	0.0	0.7	0.0	783.69116	0.0	0.0	0.0	0	6.3929434
mcp1k	18259	1	66822	0	7.134	1.352	9	383472	0	cosmic-tagged	12	1	1	0	0																		
mcp1k	18259	1	66954	0	8.609	1.751	10	444684	0	cosmic-tagged	14	1	1	0	0																		
mcp1k	18259	1	67108	0	7.302	1.088	9	376152	0	no-bundle	6	0	1	0	0																		
mcp1k	18259	1	67152	0	7.424	1.315	9	437544	0	nu-candidate	14	1	1	0	0																		
mcp1k	18259	1	67394	0	12.293	7.309	14	1199768	0	nu-candidate	13	1	1	1	0	0.635	46.5	21	55.851814	174.77135	387.66238	0.74240637	-5.1575165	1.0	0.0	0.7	0.0	855.6025	85.01208	82.84011	2.171961	3	19.882084
mcp1k	18259	1	67746	0	11.149	6.772	13	1194872	0	nu-candidate	9	1	1	1	0	1.618	172.4	1	71.10309	37.32898	330.72928	2.9362824	-15.0	1.0	0.0	0.7	0.0	533.672	0.6820814	0.0	0.6820814	1	0.0
mcp1k	18259	1	67922	0	8.272	0.905	9	355056	0	no-beam-flash	9	0	0	0	0																		
mcp1k	18259	1	67988	0	8.350	0.974	9	366928	0	no-beam-flash	11	0	0	0	0																		
mcp1k	18259	1	68054	0	8.532	1.086	10	389116	0	cosmic-tagged	10	1	1	0	0																		
mcp1k	18259	1	68362	0	8.465	1.258	9	422680	0	no-bundle	12	0	1	0	0																		
mcp1k	18259	1	68428	0	8.521	0.889	10	349960	0	cosmic-tagged	10	1	1	0	0																		
mcp1k	18259	1	68516	0	7.489	0.860	9	347648	0	no-bundle	10	0	1	0	0																		
mcp1k	18259	1	68648	0	14.991	6.685	17	1235200	0	nu-candidate	11	1	1	1	0	1.371	116.8	1	-61.165493	-152.88275	388.60257	-1.2541355	-15.0	1.0	0.0	0.7	0.0	217.2916	234.92697	232.87155	2.0554287	2	0.0
mcp1k	18259	1	68714	0	14.980	5.997	17	1221464	0	nu-candidate	13	1	1	1	0	1.085	94.0	1	-174.91483	-49.33682	288.39172	2.7082207	-15.0	1.0	0.0	0.7	0.0	449.66043	0.0	0.0	0.0	0	2.5404117
mcp1k	18259	1	68956	0	13.738	6.604	15	1191896	0	cosmic-tagged	10	1	1	1	0	2.010	115.0	4	76.14348	-180.85059	89.484566	3.4487054	-15.0	1.0	1.0	0.7	0.0	610.5971	4.0293274	0.0	4.0293274	3	0.0
mcp1k	18259	1	68978	0	13.764	6.673	14	1248640	0	nu-candidate	11	1	1	1	0	1.910	156.3	2	9.215821	91.77868	87.19461	1.5521263	-15.0	1.0	0.0	0.7	0.0	599.40955	4.543587	0.0	4.543587	2	0.0
mcp1k	18259	1	69000	0	7.252	0.738	8	324700	0	cosmic-tagged	8	1	1	0	0																		
mcp1k	18259	1	69066	0	7.574	1.363	9	405696	0	cosmic-tagged	8	1	1	0	0																		
mcp1k	18259	1	69286	0	6.353	1.307	8	425528	0	no-bundle	10	0	1	0	0																		
mcp1k	18259	1	69308	0	4.890	0.649	6	304760	0	nu-candidate	8	1	1	0	0																		
mcp1k	18259	1	70562	0	7.185	0.701	9	311512	0	nu-candidate	7	2	2	0	0																		
mcp1k	18259	1	70980	0	7.427	1.313	9	381448	0	cosmic-tagged	12	1	1	0	0																		
mcp1k	18259	1	71046	0	12.876	6.360	15	1179780	0	nu-candidate	14	1	1	1	0	0.784	192.2	8	-82.40284	120.5467	346.61838	3.882836	-15.0	1.0	0.0	0.7	0.0	641.9117	6.261465	0.0	6.261465	3	11.342453
mcp1k	18259	1	71178	0	12.729	6.168	13	1208576	0	nu-candidate	12	1	1	1	0	1.562	23.9	13	106.37351	-136.30017	464.7637	-0.4869005	-15.0	1.0	0.0	0.7	0.0	454.28247	28.074587	0.0	28.074587	1	118.81465
mcp1k	18259	1	71222	0	13.876	8.160	15	1254932	0	nu-candidate	12	1	1	1	0	1.702	122.8	11	-118.02941	100.083916	98.32877	2.774248	-15.0	1.0	0.0	0.7	0.0	917.9216	0.0	0.0	0.0	0	16.400045
mcp1k	18259	1	71266	0	12.766	5.971	13	1265880	0	nu-candidate	13	1	1	1	0	0.687	95.2	1	94.50227	152.28624	439.96414	2.3331778	-15.0	1.0	0.0	0.7	0.0	348.16675	0.0	0.0	0.0	0	2.069877
mcp1k	18259	1	71288	0	7.112	1.007	8	388876	0	no-bundle	14	0	1	0	0																		
mcp1k	18259	1	71376	0	7.723	0.751	9	328104	0	no-beam-flash	12	0	0	0	0																		
mcp1k	18259	1	71486	0	7.820	1.375	9	386940	0	cosmic-tagged	13	1	1	0	0																		
mcp1k	18259	1	71530	0	10.285	6.071	12	1274588	0	cosmic-tagged	10	1	1	1	0	0.818	20.9	2	-66.079	24.889545	386.0645	-1.9792919	-15.0	1.0	0.0	0.7	0.0	51.558464	0.0	0.0	0.0	0	0.0
mcp1k	18259	1	71640	0	13.220	8.510	15	1260600	0	nu-candidate	11	1	1	1	0	1.066	230.1	6	-115.28234	-12.756884	331.0869	2.7537959	-15.0	1.0	1.0	0.7	0.0	771.2214	0.0	0.0	0.0	0	99.89631
mcp1k	18259	1	71882	0	6.764	1.585	8	446012	0	cosmic-tagged	10	1	1	0	0																		
mcp1k	18259	1	71948	0	7.500	1.223	8	415972	0	no-beam-flash	11	0	0	0	0																		
mcp1k	18259	1	72256	0	11.383	6.110	12	1211008	0	nu-candidate	12	1	1	1	0	1.031	75.9	2	-13.295841	54.222664	443.33987	3.0978901	-15.0	1.0	0.0	0.7	0.0	416.47412	0.0	0.0	0.0	0	1.5347168
mcp1k	18259	1	72564	0	6.305	0.829	7	348416	0	no-bundle	10	0	1	0	0																		
mcp1k	18259	1	72586	0	12.841	8.307	14	1261140	0	nu-candidate	15	1	1	1	0	1.175	301.4	20	-61.652782	-197.2876	53.75645	2.453846	-15.0	1.0	0.0	0.7	0.0	844.64026	27.158995	0.0	27.158995	19	0.0
mcp1k	18259	1	72828	0	7.317	1.094	8	391008	0	cosmic-tagged	12	1	1	0	0																		
mcp1k	18259	1	73004	0	14.849	7.982	16	1252676	0	nu-candidate	12	1	1	1	0	0.625	106.4	9	-11.778756	151.399	158.4426	3.4918694	-11.895993	1.0	0.0	0.7	0.0	705.6076	43.318787	0.0	43.318787	4	5.1428456
mcp1k	18259	1	73070	0	7.201	0.853	8	344292	0	nu-candidate	9	1	1	0	0																		
mcp1k	18259	1	73422	0	5.999	1.265	6	413496	0	no-beam-flash	10	0	0	0	0																		
mcp1k	18259	1	166650	0	5.973	1.357	6	401240	0	cosmic-tagged	13	1	1	0	0																		
mcp1k	18259	1	166738	0	13.814	9.758	14	1207600	0	nu-candidate	11	1	1	1	0	0.646	218.0	36	25.631195	44.94543	177.45305	4.176479	-15.0	1.0	0.0	0.7	0.0	1484.0302	15.57749	0.0	15.57749	12	346.61664
mcp1k	18259	1	166804	0	9.737	5.233	10	1160432	0	nu-candidate	10	1	1	1	0	1.658	28.3	1	56.418114	90.51642	498.90366	-0.95451033	-15.0	1.0	1.0	0.7	0.0	204.7004	0.705983	0.0	0.705983	1	0.0
mcp1k	18259	1	166870	0	13.897	9.506	15	1234288	0	nu-candidate	17	1	1	1	0	0.621	31.9	17	-141.82384	144.7355	137.93062	0.22657183	-15.0	1.0	0.0	0.7	0.0	682.66626	40.19677	40.19677	0.0	1	10.946717
mcp1k	18259	1	167112	0	10.936	6.475	12	1223408	0	nu-candidate	15	1	1	1	0	1.250	57.0	10	-110.090965	172.79137	224.77708	3.421238	-15.0	1.0	0.0	0.7	0.0	703.37524	0.0	0.0	0.0	0	2.3218882
mcp1k	18259	1	167200	0	7.217	0.934	9	342252	0	cosmic-tagged	10	1	1	0	0																		
mcp1k	18259	1	167222	0	7.302	0.944	9	349516	0	no-bundle	7	0	1	0	0																		
mcp1k	18259	1	167354	0	7.160	1.336	8	415152	0	cosmic-tagged	14	1	1	0	0																		
mcp1k	18259	1	167376	0	6.000	0.998	8	343216	0	cosmic-tagged	9	1	1	0	0																		
mcp1k	18259	1	167398	0	6.291	1.658	8	485724	0	cosmic-tagged	10	1	1	0	0																		
mcp1k	18259	1	167640	0	6.461	2.314	8	512868	0	cosmic-tagged	12	1	1	0	0																		
mcp1k	18259	1	167684	0	11.332	5.314	13	1167236	0	nu-candidate	14	1	1	1	0	1.139	14.6	0	4.264097	-181.3077	253.77171	-0.87666756	-15.0	1.0	0.0	0.7	0.0	157.01407	0.0	0.0	0.0	0	0.0
mcp1k	18259	1	167904	0	7.789	1.489	9	460064	0	no-beam-flash	16	0	0	0	0																		
mcp1k	18259	1	168388	0	6.389	0.837	8	343840	0	cosmic-tagged	7	1	1	0	0																		
mcp1k	18259	1	168410	0	7.338	0.978	8	356920	0	cosmic-tagged	11	1	1	0	0																		
mcp1k	18259	1	168432	0	11.175	7.097	13	1211576	0	nu-candidate	13	1	1	1	0	1.143	84.7	8	-96.90803	-189.84608	450.05438	2.3821435	-15.0	1.0	0.0	0.7	0.0	928.82196	0.0	0.0	0.0	0	10.407681
mcp1k	18259	1	168526	0	32.608	26.423	33	1281668	0	nu-candidate	13	1	1	1	0	1.265	373.1	43	-156.07274	-99.24163	38.899677	4.221229	-9.553282	1.0	0.0	0.7	0.0	2047.7715	275.22076	264.84268	10.378092	8	32.31203
mcp1k	18259	1	168614	0	11.237	6.741	12	1141276	0	nu-candidate	9	1	1	1	0	1.099	174.2	1	108.273094	70.72851	232.55212	2.0384955	-15.0	1.0	0.0	0.7	0.0	547.1854	0.0	0.0	0.0	0	1.1017022
mcp1k	18259	1	168658	0	11.490	6.268	12	1229948	0	nu-candidate	17	1	1	1	0	1.634	90.3	5	168.21196	-177.3406	256.9726	1.9718239	-15.0	1.0	1.0	0.7	0.0	349.38547	0.0	0.0	0.0	0	5.9561257
mcp1k	18259	1	169054	0	8.269	0.987	9	341600	0	cosmic-tagged	6	1	1	0	0																		
mcp1k	18259	1	169202	0	8.359	1.139	9	391492	0	no-bundle	9	0	1	0	0																		
mcp1k	18259	1	169208	0	8.432	1.925	9	478672	0	cosmic-tagged	11	1	1	0	0																		
mcp1k	18259	1	169340	0	6.006	0.990	8	366932	0	no-bundle	10	0	1	0	0																		
mcp1k	18259	1	169356	0	13.042	9.153	15	1231076	0	nu-candidate	11	1	1	1	0	1.689	123.3	18	140.65398	152.26077	177.94884	1.0643127	-15.0	1.0	0.0	0.7	0.0	1087.2922	13.481593	13.481593	0.0	2	139.2443
mcp1k	18259	1	169488	0	8.742	5.081	10	1137132	0	nu-candidate	6	1	1	1	0	1.123	3.7	11	95.29633	160.29924	416.40442	-1.6809965	-15.0	1.0	0.0	0.7	0.0	97.74209	9.36979	0.0	9.36979	5	8.702465
mcp1k	18259	1	169532	0	7.637	1.828	9	382264	0	cosmic-tagged	8	1	1	0	0																		
mcp1k	18259	1	169598	0	10.544	6.258	12	1203836	0	nu-candidate	10	2	2	1	0	1.514	88.0	3	158.09906	198.7209	185.40855	-1.4883863	-15.0	1.0	1.0	0.7	0.0	448.9182	3.565117	0.0	3.565117	1	1.8213588
mcp1k	18259	1	169620	0	12.871	8.678	15	1164440	0	nu-candidate	10	1	1	1	0	1.854	201.4	8	50.574577	157.21408	32.160843	3.8006027	-15.0	1.0	0.0	0.7	0.0	1090.4387	0.6353648	0.0	0.6353648	1	5.6275935
mcp1k	18259	1	169626	0	12.833	8.131	15	1160564	0	nu-candidate	9	1	1	1	0	1.243	41.6	23	4.343145	209.15877	414.44122	-2.6443033	-11.320269	0.0	1.0	0.7	0.0	617.02045	141.38332	0.0	141.38332	3	313.58246
mcp1k	18259	1	169708	0	6.418	1.052	8	350180	0	cosmic-tagged	9	1	1	0	0																		
mcp1k	18259	1	169736	0	4.272	1.173	6	385872	0	cosmic-tagged	11	1	1	0	0																		
mcp1k	18259	1	169758	0	6.224	2.947	8	673100	0	cosmic-tagged	3	1	1	1	0	1.379	2.3	0	0.0	0.0	0.0	-1.9416895	-15.0	1.0	0.0	0.7	0.0	0.0	0.0	0.0	0.0	0	0.0
mcp1k	18259	1	169774	0	7.993	5.267	10	1144856	0	nu-candidate	9	1	1	1	0	0.969	14.1	10	-78.25553	-198.65558	191.61137	-2.1557395	-15.0	1.0	1.0	0.7	0.0	60.21104	0.0	0.0	0.0	0	1.6199499
mcp1k	18259	1	169824	0	14.286	10.598	16	1240224	0	nu-candidate	11	1	1	1	0	1.328	325.2	4	57.28527	-142.63545	113.81533	5.6839952	-15.0	1.0	0.0	0.7	0.0	1064.4553	234.97537	234.97537	0.0	2	4.7834334
mcp1k	18259	1	169846	0	7.595	5.580	8	1196332	0	nu-candidate	12	1	1	1	0	1.877	2.4	8	-77.77229	-44.43074	226.77411	-3.1038802	-15.0	1.0	0.0	0.7	0.0	31.347828	0.0	0.0	0.0	0	18.351944
mcp1k	18259	1	169890	0	7.997	6.507	9	1208532	0	nu-candidate	14	1	1	1	0	1.635	149.1	1	-60.247963	-89.495735	352.19962	4.4462876	-15.0	1.0	0.0	0.7	0.0	477.5404	0.0	0.0	0.0	0	1.4648316
mcp1k	18259	1	170792	0	11.403	7.015	12	1176344	0	nu-candidate	9	1	1	1	0	1.662	56.2	4	-142.15779	179.31151	115.427124	1.3796107	-15.0	1.0	0.0	0.7	0.0	850.78577	0.8314833	0.0	0.8314833	1	2.553497
mcp1k	18259	1	170808	0	11.586	7.192	12	1277580	0	nu-candidate	13	1	1	1	0	1.008	57.8	12	177.30147	45.149044	386.7589	2.0241482	-15.0	1.0	1.0	0.7	0.0	627.32153	2.2323387	0.0	2.2323387	1	21.27884
mcp1k	18259	1	170814	0	10.241	6.169	11	1165700	0	nu-candidate	15	1	1	1	0	0.758	52.6	3	15.489714	-59.7147	202.74469	0.37279063	-15.0	1.0	1.0	0.7	0.0	306.13147	0.0	0.0	0.0	0	6.7568603
mcp1k	18259	1	170880	0	10.252	5.984	11	1199120	0	nu-candidate	12	1	1	1	0	1.506	18.2	10	-128.102	-65.15639	474.50632	-2.796202	-15.0	1.0	0.0	0.7	0.0	176.89041	8.556811	0.0	8.556811	6	1.6376377
mcp1k	18259	1	170924	0	10.346	6.151	11	1231584	0	nu-candidate	10	1	1	1	0	0.850	35.8	1	70.232475	-182.67845	73.31824	2.0674555	-15.0	1.0	0.0	0.7	0.0	359.14664	1.6259261	0.0	1.6259261	1	0.0
mcp1k	18259	1	170940	0	5.358	1.572	6	450044	0	cosmic-tagged	19	1	1	0	0																		
mcp1k	18259	1	170984	0	5.192	1.012	7	384512	0	nu-candidate	13	1	2	0	0																		
mcp1k	18259	1	171050	0	4.021	1.336	6	424572	0	nu-candidate	17	2	2	0	0																		
mcp1k	18259	1	171116	0	5.158	1.195	6	394904	0	cosmic-tagged	12	1	1	0	0																		
mcp1k	18259	1	171144	0	5.747	1.048	6	381272	0	no-beam-flash	11	0	0	0	0																		
mcp1k	18259	1	171358	0	11.010	5.661	12	1146224	0	nu-candidate	9	1	1	1	0	0.743	31.2	8	166.57819	-11.296723	269.25275	0.04195136	-15.0	1.0	0.0	0.7	0.0	426.04855	5.3638473	0.0	5.3638473	3	7.533116
mcp1k	18259	1	171446	0	5.716	1.248	6	378448	0	cosmic-tagged	6	1	1	0	0																		
mcp1k	18259	1	171600	0	12.347	7.634	13	1242312	0	nu-candidate	12	1	1	1	0	0.563	341.8	12	171.67323	-105.33453	16.592781	4.6363935	-15.0	1.0	0.0	0.7	0.0	934.0008	6.7338815	0.0	6.7338815	3	8.62727
mcp1k	18259	1	171892	0	10.175	5.607	12	1241756	0	nu-candidate	15	1	1	1	0	0.614	1.9	2	-7.552545	62.677097	396.22	-1.2725792	-15.0	1.0	0.0	0.7	0.0	106.87286	0.42587456	0.0	0.42587456	1	0.0
mcp1k	18259	1	172090	0	11.834	8.585	13	1219124	0	nu-candidate	8	1	1	1	0	1.048	286.1	3	36.004982	198.49672	276.41394	-1.9427897	-15.0	1.0	1.0	0.7	0.0	821.28253	1.7006046	0.0	1.7006046	1	2.5856626
mcp1k	18259	1	172200	0	4.138	1.178	6	419884	0	nu-candidate	17	1	1	0	0																		
mcp1k	18259	1	172266	0	11.674	7.423	13	1157372	0	nu-candidate	12	1	1	1	0	0.808	117.1	20	-27.640696	131.45285	68.34059	2.265029	-15.0	1.0	0.0	0.7	0.0	714.6896	24.2165	0.0	24.2165	8	3.8240442
mcp1k	18259	1	172414	0	5.188	0.774	7	337728	0	cosmic-tagged	12	1	1	0	0																		
mcp1k	18259	1	172552	0	6.291	0.997	8	370120	0	cosmic-tagged	11	1	1	0	0																		
mcp1k	18259	1	172596	0	6.307	0.906	8	377444	0	cosmic-tagged	11	1	1	0	0																		
mcp1k	18259	1	172656	0	12.921	8.428	15	1200236	0	nu-candidate	10	1	1	1	0	0.697	257.9	13	78.01052	194.4958	79.84945	1.0746939	-15.0	1.0	0.0	0.7	0.0	877.59406	45.816143	43.405495	2.4106498	5	129.15047
mcp1k	18259	1	172722	0	6.102	0.948	7	354308	0	cosmic-tagged	9	1	1	0	0																		
mcp1k	18259	1	172788	0	16.482	10.679	17	1264680	0	nu-candidate	18	2	2	1	0	1.375	285.3	2	175.5376	13.67637	418.59164	1.728139	-15.0	1.0	0.0	0.7	0.0	807.6218	206.02031	204.87346	1.14685	4	0.9179213
mcp1k	18259	1	172794	0	12.425	7.342	13	1202240	0	nu-candidate	16	1	1	1	0	1.502	220.6	2	21.461067	148.34296	178.37878	2.8855596	-15.0	1.0	0.0	0.7	0.0	1031.4088	0.0	0.0	0.0	0	1.4616345
mcp1k	18259	1	172832	0	12.368	6.835	13	1179904	0	nu-candidate	15	1	1	1	0	1.174	137.1	15	-60.773228	-66.9054	130.51064	4.3141937	-15.0	1.0	0.0	0.7	0.0	653.20984	2.4168842	0.0	2.4168842	2	27.625183
mcp1k	18259	1	172860	0	5.232	1.040	7	364812	0	no-beam-flash	11	0	0	0	0																		
mcp1k	18259	1	172926	0	5.130	1.082	7	377744	0	no-beam-flash	10	0	0	0	0																		
mcp1k	18259	1	172942	0	9.925	6.452	11	1185612	0	nu-candidate	9	1	2	1	0	1.003	57.6	15	-143.33728	137.8708	272.82062	-0.119859956	-7.213723	1.0	0.0	0.7	0.0	551.42377	0.0	0.0	0.0	0	0.0
mcp1k	18259	1	173058	0	8.524	5.657	9	1205008	0	nu-candidate	13	1	1	1	0	0.609	7.0	23	-38.591465	-4.468061	66.39446	-1.9667331	-15.0	1.0	0.0	0.7	0.0	112.804535	20.14725	0.0	20.14725	8	22.486137
mcp1k	18259	1	173146	0	10.994	6.372	12	1159388	0	nu-candidate	10	1	1	1	0	0.775	154.2	12	-128.00186	-75.13103	242.72993	3.7718482	-15.0	1.0	0.0	0.7	0.0	676.5047	3.3852916	0.0	3.3852916	3	14.410125
mcp1k	18259	1	173234	0	12.207	7.117	13	1185352	0	nu-candidate	8	1	1	1	0	1.769	233.1	7	-76.1081	59.112446	337.40842	2.577905	-15.0	1.0	0.0	0.7	0.0	728.67126	3.1087024	0.0	3.1087024	3	4.1346874
mcp1k	18259	1	173256	0	5.964	1.370	7	444680	0	nu-candidate	11	1	1	0	0																		
mcp1k	18259	1	173294	0	5.747	0.766	6	323520	0	no-beam-flash	7	0	0	0	0																		
mcp1k	18259	1	173476	0	5.777	0.909	6	357632	0	no-beam-flash	10	0	0	0	0																		
mcp1k	18259	1	173498	0	12.139	7.427	13	1233880	0	nu-candidate	12	1	1	1	0	0.671	171.7	3	-175.12375	142.15186	339.88098	3.2219944	-15.0	1.0	0.0	0.7	0.0	760.1202	69.0216	51.468098	17.553501	5	0.0
mcp1k	18259	1	173586	0	6.038	0.812	8	331428	0	nu-candidate	8	1	1	0	0																		
mcp1k	18259	1	173718	0	5.995	0.856	7	344628	0	nu-candidate	11	1	1	0	0																		
mcp1k	18259	1	173822	0	6.246	0.816	8	325608	0	no-bundle	7	0	1	0	0																		
mcp1k	18259	1	173888	0	5.060	0.734	7	316416	0	nu-candidate	9	1	1	0	0																		
mcp1k	18259	1	173982	0	4.757	0.867	5	338540	0	cosmic-tagged	7	1	1	0	0																		
mcp1k	18259	1	174114	0	11.012	5.627	13	1185704	0	nu-candidate	15	1	1	1	0	1.447	54.2	10	175.43222	-144.48695	326.01508	0.6239834	-15.0	1.0	0.0	0.7	0.0	411.72736	3.153733	0.0	3.153733	1	7.5798936
mcp1k	18259	1	174136	0	7.333	0.697	9	318688	0	no-bundle	7	0	1	0	0																		
mcp1k	18259	1	174224	0	18.802	11.740	20	1252104	0	nu-candidate	14	1	1	1	0	1.047	325.1	9	-100.927444	-2.270828	188.15627	5.170604	-15.0	1.0	0.0	0.7	0.0	1046.0083	58.523613	0.0	58.523613	6	5.987477
mcp1k	18259	1	174240	0	8.690	1.206	10	416048	0	no-beam-flash	12	0	0	0	0																		
mcp1k	18259	1	174306	0	8.680	1.181	10	409788	0	no-beam-flash	13	0	0	0	0																		
mcp1k	18259	1	174422	0	10.871	6.213	12	1185544	0	cosmic-tagged	9	1	1	1	0	0.683	10.3	0	0.6853818	166.78217	189.6109	0.9551032	-15.0	1.0	0.0	0.7	0.0	431.79193	9.014278	0.0	9.014278	2	1.9592849
mcp1k	18259	1	174488	0	7.236	1.008	9	367172	0	cosmic-tagged	12	1	1	0	0																		
mcp1k	18259	1	174576	0	12.320	6.894	14	1150576	0	nu-candidate	12	1	1	1	0	1.755	110.1	4	-181.56268	-185.67027	12.638942	2.7370505	-15.0	1.0	0.0	0.7	0.0	637.62024	0.0	0.0	0.0	0	7.209893
mcp1k	18259	1	174642	0	7.154	1.463	9	372824	0	cosmic-tagged	8	1	1	0	0																		
mcp1k	18259	1	174752	0	11.117	5.404	13	1179788	0	nu-candidate	10	1	1	1	0	1.415	10.1	6	-59.393917	-193.63832	406.91605	-2.49877	-15.0	1.0	0.0	0.7	0.0	56.481438	4.450983	0.0	4.450983	2	0.0
mcp1k	18259	1	174878	0	7.039	1.279	8	411040	0	no-bundle	9	0	1	0	0																		
mcp1k	18259	1	174928	0	12.497	7.151	14	1206256	0	nu-candidate	12	2	2	1	0	1.100	92.2	8	159.3785	112.18132	177.81514	3.8500154	-15.0	1.0	0.0	0.7	0.0	672.4402	0.0	0.0	0.0	0	31.388733
mcp1k	18259	1	175016	0	10.959	5.420	12	1175992	0	nu-candidate	14	1	1	1	0	1.274	7.0	6	-51.261826	-0.8561982	203.40315	-0.7249104	-15.0	1.0	0.0	0.7	0.0	84.30799	36.26542	0.0	36.26542	5	1.3369973
mcp1k	18259	1	175104	0	6.017	0.761	7	325976	0	nu-candidate	6	1	1	0	0																		
mcp1k	18259	1	175428	0	7.473	1.044	9	382640	0	cosmic-tagged	12	1	1	0	0																		
mcp1k	18259	1	175500	0	7.359	0.922	9	354840	0	no-beam-flash	13	0	0	0	0																		
mcp1k	18259	1	175808	0	11.190	6.277	13	1214088	0	nu-candidate	14	1	1	1	0	1.574	136.3	9	-163.7382	-80.5444	289.45502	-0.7753109	-15.0	1.0	0.0	0.7	0.0	122.89909	334.8753	327.9412	6.9341097	3	6.578373
mcp1k	18259	1	175896	0	12.413	6.176	14	1226552	0	nu-candidate	13	1	1	1	0	0.521	23.6	12	-55.9986	-182.47452	467.7447	-0.6323526	-15.0	1.0	1.0	0.7	0.0	386.3709	145.36038	0.0	145.36038	5	49.92369
mcp1k	18259	1	175956	0	6.260	0.856	8	333528	0	no-bundle	10	0	1	0	0																		
mcp1k	18259	1	176022	0	5.938	1.263	7	365640	0	cosmic-tagged	7	1	1	0	0																		
mcp1k	18259	1	176066	0	5.891	1.099	7	385860	0	no-beam-flash	13	0	0	0	0																		
mcp1k	18259	1	176088	0	8.281	1.291	10	422028	0	no-beam-flash	8	0	0	0	0																		
mcp1k	18259	1	176132	0	8.617	1.999	10	546800	0	no-beam-flash	20	0	0	0	0																		
mcp1k	18259	1	176160	0	6.529	1.445	8	458048	0	cosmic-tagged	15	1	1	0	0																		
mcp1k	18255	1	276198	0	6.326	0.943	8	354044	0	cosmic-tagged	15	1	1	0	0																		
mcp1k	18255	1	276330	0	4.724	1.022	6	381328	0	no-beam-flash	14	0	0	0	0																		
mcp1k	18255	1	276418	0	4.752	1.045	6	398280	0	no-beam-flash	14	0	0	0	0																		
mcp1k	18255	1	276550	0	7.194	1.108	9	395176	0	no-bundle	12	0	1	0	0																		
mcp1k	18255	1	276638	0	3.283	0.727	5	345880	0	cosmic-tagged	10	1	1	0	0																		
mcp1k	18255	1	276836	0	10.784	7.029	12	1173252	0	nu-candidate	12	1	1	1	0	1.139	236.0	10	-91.21525	-29.928642	312.2178	0.48025683	-15.0	1.0	0.0	0.7	0.0	869.009	1.6219525	0.0	1.6219525	1	10.991718
mcp1k	18255	1	277276	0	13.572	8.195	17	1170312	0	nu-candidate	8	1	1	1	0	1.953	139.7	2	-102.26875	-139.48065	330.15887	3.5796683	-15.0	1.0	0.0	0.7	0.0	745.2036	0.6523712	0.0	0.6523712	1	10.960652
mcp1k	18255	1	277298	0	12.351	7.036	15	1211256	0	nu-candidate	12	1	1	1	0	1.854	57.3	7	-168.87929	-91.17323	77.46347	1.4147395	-15.0	1.0	0.0	0.7	0.0	446.2444	2.3024654	0.0	2.3024654	2	144.15651
mcp1k	18255	1	277320	0	6.879	1.019	10	379500	0	no-beam-flash	9	0	0	0	0																		
mcp1k	18255	1	277782	0	6.792	0.790	10	326440	0	no-bundle	10	0	1	0	0																		
mcp1k	18255	1	277958	0	6.719	0.869	9	344452	0	cosmic-tagged	12	1	1	0	0																		
mcp1k	18255	1	278046	0	11.194	6.571	12	1215068	0	nu-candidate	11	1	1	1	0	0.741	22.7	5	-102.92659	-172.67967	239.92795	-0.18321759	-15.0	1.0	0.0	0.7	0.0	869.6904	0.0	0.0	0.0	0	115.15037
mcp1k	18255	1	278266	0	7.200	1.230	9	429132	0	cosmic-tagged	16	1	1	0	0																		
mcp1k	18255	1	278398	0	6.124	1.372	8	393584	0	cosmic-tagged	13	1	1	0	0																		
mcp1k	18255	1	278420	0	12.648	7.166	14	1193608	0	nu-candidate	13	1	1	1	0	1.171	86.1	33	20.027132	-19.599585	75.885345	2.419974	-15.0	1.0	0.0	0.7	0.0	777.70013	0.0	0.0	0.0	0	123.17411
mcp1k	18255	1	278640	0	12.621	6.611	14	1221560	0	nu-candidate	10	1	1	1	0	0.639	129.7	2	8.568181	-73.84711	2.6891415	-0.7091062	-15.0	1.0	0.0	-0.2548855	0.0	433.05072	41.25314	33.428272	7.8248677	3	0.0
mcp1k	18255	1	278662	0	6.082	1.510	8	414348	0	cosmic-tagged	13	1	1	0	0																		
mcp1k	18255	1	278684	0	12.924	8.932	15	1201764	0	nu-candidate	13	1	1	1	0	1.307	166.3	11	23.266542	2.1360788	0.12156324	-2.017644	-15.0	1.0	1.0	0.60797787	0.0	612.74805	4.3078747	0.0	4.3078747	3	3.079773
mcp1k	18255	1	278785	0	11.623	6.771	13	1194848	0	nu-candidate	11	1	1	1	0	1.634	194.9	10	-87.19664	-81.64364	331.26395	3.5823467	-15.0	1.0	0.0	0.7	0.0	815.1876	0.0	0.0	0.0	0	14.630184
mcp1k	18255	1	278794	0	11.498	6.736	13	1177756	0	nu-candidate	8	1	1	1	0	0.695	125.8	26	147.60986	-52.36222	72.11127	1.9167413	-15.0	1.0	0.0	0.7	0.0	652.91766	1.6625624	0.0	1.6625624	1	10.227188
mcp1k	18255	1	278860	0	4.080	0.744	6	316840	0	no-beam-flash	10	0	0	0	0																		
mcp1k	18255	1	278917	0	6.178	0.802	7	329736	0	no-bundle	11	0	1	0	0																		
mcp1k	18255	1	278939	0	7.856	2.568	8	632148	0	no-beam-flash	10	0	0	0	0																		
mcp1k	18255	1	279080	0	6.206	0.980	7	370340	0	nu-candidate	13	1	2	0	0																		
mcp1k	18255	1	279115	0	5.061	0.940	6	367612	0	no-bundle	11	0	1	0	0																		
mcp1k	18255	1	279124	0	4.727	0.927	5	350904	0	no-beam-flash	8	0	0	0	0																		
mcp1k	18255	1	279190	0	9.851	5.412	10	1129208	0	nu-candidate	14	1	1	1	0	1.202	4.9	4	96.86725	-128.06087	408.6402	-1.1641806	-15.0	1.0	0.0	0.7	0.0	66.57696	5.305825	0.0	5.305825	3	2.0822365
mcp1k	18255	1	279256	0	13.693	10.115	14	1235880	0	nu-candidate	15	1	1	1	0	0.935	291.7	6	86.51704	-54.859715	251.07697	1.3696622	-15.0	1.0	0.0	0.7	0.0	833.1553	3.517338	0.0	3.517338	1	58.840565
mcp1k	18255	1	279432	0	5.050	1.157	7	372920	0	no-bundle	11	0	1	0	0																		
mcp1k	18255	1	279445	0	8.756	6.257	10	1252052	0	nu-candidate	14	1	1	1	0	0.608	132.5	7	-107.993004	-94.36004	288.46326	-0.054450907	-15.0	1.0	0.0	0.7	0.0	429.2363	62.17153	0.0	62.17153	5	1.9062061
mcp1k	18255	1	279564	0	3.792	0.878	5	346792	0	no-beam-flash	11	0	0	0	0																		
mcp1k	18255	1	279643	0	11.414	5.522	13	1192544	0	nu-candidate	13	1	1	1	0	0.951	7.6	5	-136.24269	-30.16876	264.03958	-2.1367133	-15.0	1.0	0.0	0.7	0.0	199.1219	7.130932	0.0	7.130932	3	1.936996
mcp1k	18255	1	279797	0	7.302	1.245	9	410972	0	no-beam-flash	17	0	0	0	0																		
mcp1k	18255	1	279951	0	6.954	1.051	8	382128	0	nu-candidate	12	1	1	0	0																		
mcp1k	18255	1	280017	0	8.702	5.000	9	1123164	0	nu-candidate	10	1	1	1	0	1.975	15.4	13	64.215004	-32.758453	263.95557	-2.331715	-15.0	1.0	0.0	0.7	0.0	183.02681	1.3277308	0.0	1.3277308	2	18.083618
mcp1k	18255	1	280092	0	6.890	0.928	8	364612	0	cosmic-tagged	11	1	1	0	0																		
mcp1k	18255	1	280281	0	7.082	1.231	8	421552	0	cosmic-tagged	12	2	2	0	0																		
mcp1k	18255	1	280466	0	12.334	6.882	13	1166972	0	cosmic-tagged	9	1	1	1	0	0.676	1.3	0	136.45062	-87.27065	7.958765	-0.58460003	-15.0	1.0	0.0	0.37893045	0.0	536.64246	180.62529	0.0	180.62529	7	17.575888
mcp1k	18255	1	280598	0	12.622	7.668	13	1226444	0	nu-candidate	12	1	1	1	0	0.882	46.3	12	-130.9206	164.00189	473.90826	2.1372082	-15.0	1.0	0.0	0.7	0.0	766.98975	49.20761	43.745102	5.4625077	5	4.9073095
mcp1k	18255	1	280752	0	11.421	5.780	13	1199192	0	nu-candidate	11	1	1	1	0	1.019	16.2	11	-109.54366	-91.10526	95.583206	0.036455374	-15.0	1.0	0.0	0.7	0.0	305.50995	2.6404512	0.0	2.6404512	2	13.889433
mcp1k	18255	1	280774	0	11.453	6.753	13	1264396	0	nu-candidate	13	1	1	1	0	0.834	89.6	8	-109.891304	5.5701766	1.468964	-2.477629	-15.0	1.0	1.0	0.17193097	0.0	807.47217	2.0757756	0.0	2.0757756	1	96.426834
mcp1k	18255	1	280853	0	10.094	5.811	12	1141840	0	nu-candidate	9	1	1	1	0	1.091	59.1	5	-41.80473	-69.184746	470.99643	0.32930338	-15.0	1.0	0.0	0.7	0.0	566.06335	5.0321717	0.0	5.0321717	4	1.0974674
mcp1k	18255	1	280884	0	6.577	1.898	8	497544	0	no-beam-flash	8	0	0	0	0																		
mcp1k	18255	1	280972	0	45.250	40.384	47	1377472	0	nu-candidate	9	1	1	1	0	1.349	489.9	53	47.147358	-171.66191	83.715744	4.6601443	-6.0833945	1.0	0.0	0.7	0.0	3356.351	50.881447	0.0	50.881447	5	242.27963
mcp1k	18255	1	280994	0	8.850	5.807	10	1160808	0	nu-candidate	11	1	1	1	0	1.779	116.9	4	-28.649036	-149.99185	32.81452	1.780882	-15.0	1.0	0.0	0.7	0.0	411.76062	1.7063876	0.0	1.7063876	1	10.713075
mcp1k	18255	1	281095	0	6.152	2.042	7	462432	0	cosmic-tagged	14	1	1	0	0																		
mcp1k	18255	1	281148	0	5.874	1.132	6	398920	0	cosmic-tagged	10	1	1	0	0																		
mcp1k	18255	1	281155	0	5.807	0.799	6	343772	0	no-beam-flash	11	0	0	0	0																		
mcp1k	18255	1	281214	0	12.648	8.214	13	1159960	0	nu-candidate	12	1	1	1	0	0.687	77.1	15	31.423996	34.191803	297.14856	1.5745268	-15.0	1.0	0.0	0.7	0.0	966.2533	4.210347	0.0	4.210347	4	0.0
mcp1k	18255	1	281241	0	5.830	1.535	6	398472	0	cosmic-tagged	10	1	1	0	0																		
mcp1k	18255	1	281337	0	8.673	4.965	9	1132844	0	nu-candidate	12	1	1	1	0	0.844	1.7	2	-157.01115	-141.23184	40.877514	-1.3892256	-15.0	1.0	0.0	0.7	0.0	107.17717	0.0	0.0	0.0	0	0.96483
mcp1k	18255	1	281485	0	11.691	7.830	13	1240008	0	nu-candidate	12	1	1	1	0	1.668	22.7	32	-172.21738	164.59486	266.86078	-0.55708796	-15.0	1.0	0.0	0.7	0.0	545.2134	3.1006255	0.0	3.1006255	3	1.2462708
mcp1k	18255	1	281505	0	10.332	5.909	12	1196116	0	nu-candidate	11	1	1	1	0	1.164	95.9	7	-137.68008	42.464092	475.2353	3.3891976	-15.0	1.0	0.0	0.7	0.0	555.6675	1.8184686	0.0	1.8184686	2	7.646159
mcp1k	18255	1	281507	0	7.985	6.374	10	1211276	0	nu-candidate	15	1	1	1	0	1.865	122.3	5	-81.8488	129.98178	417.99475	2.2220452	-15.0	1.0	0.0	0.7	0.0	527.77094	0.48617852	0.0	0.48617852	1	6.6976748
mcp1k	18255	1	281527	0	10.231	6.570	12	1232760	0	nu-candidate	10	1	1	1	0	0.555	166.7	2	96.98305	193.15001	338.82397	2.187334	-15.0	1.0	0.0	0.7	0.0	651.3349	4.341	0.0	4.341	1	0.25202566
mcp1k	18255	1	281551	0	5.380	1.244	7	421340	0	cosmic-tagged	15	1	1	0	0																		
mcp1k	18255	1	281557	0	5.352	1.122	7	406956	0	nu-candidate	16	1	1	0	0																		
mcp1k	18255	1	281595	0	12.721	9.523	13	1302692	0	nu-candidate	14	1	1	1	0	0.783	326.4	2	-32.735867	-67.98184	197.50955	4.718091	-15.0	1.0	0.0	0.7	0.0	1103.2831	6.1074324	0.0	6.1074324	1	4.641743
mcp1k	18255	1	281632	0	5.045	1.091	6	392376	0	cosmic-tagged	12	1	1	0	0																		
mcp1k	18255	1	281639	0	8.735	6.142	10	1222688	0	nu-candidate	15	1	1	1	0	0.777	32.7	16	-195.00124	-66.92037	284.16583	-0.9543375	-15.0	1.0	0.0	0.7	0.0	371.21564	1.2245402	0.0	1.2245402	1	6.629615
mcp1k	18255	1	281676	0	6.285	1.168	8	382492	0	no-bundle	9	0	1	0	0																		
mcp1k	18255	1	281720	0	6.241	1.276	8	384668	0	cosmic-tagged	12	1	1	0	0																		
mcp1k	18255	1	281727	0	9.891	4.916	12	1112060	0	nu-candidate	8	1	1	1	0	1.775	2.3	13	152.98512	-69.28453	28.942158	-2.9211376	-15.0	1.0	0.0	0.7	0.0	41.64939	3.2033734	0.0	3.2033734	3	7.9386144
mcp1k	18255	1	281808	0	6.254	1.119	8	371184	0	nu-candidate	11	1	1	0	0																		
mcp1k	18255	1	281837	0	13.921	9.159	15	1205864	0	nu-candidate	9	1	1	1	0	0.969	121.9	18	146.87341	-132.42505	183.87589	-0.14575878	-15.0	1.0	0.0	0.7	0.0	1406.0936	1.5405267	0.0	1.5405267	1	20.305494
mcp1k	18255	1	281857	0	5.789	1.109	6	368064	0	cosmic-tagged	14	1	1	0	0																		
mcp1k	18255	1	281901	0	7.078	2.013	8	410752	0	cosmic-tagged	9	1	1	0	0																		
mcp1k	18255	1	281918	0	5.837	1.067	6	378752	0	nu-candidate	13	1	1	0	0																		
mcp1k	18255	1	281925	0	5.957	0.975	7	358408	0	nu-candidate	10	1	1	0	0																		
mcp1k	18255	1	281953	0	8.793	5.356	10	1118300	0	nu-candidate	7	1	1	1	0	1.880	80.6	2	194.62947	199.6691	180.2696	-1.3760822	-15.0	0.0	1.0	0.7	0.0	331.29236	1.1274755	0.0	1.1274755	1	0.4566655
mcp1k	18255	1	281997	0	5.978	1.449	8	397504	0	cosmic-tagged	13	1	1	0	0																		
mcp1k	18255	1	282011	0	8.768	1.771	10	447676	0	cosmic-tagged	16	1	1	0	0																		
mcp1k	18255	1	282033	0	7.337	1.338	8	406112	0	cosmic-tagged	9	1	1	0	0																		
mcp1k	18255	1	282057	0	11.170	5.586	12	1223300	0	nu-candidate	14	1	1	1	0	1.506	18.1	1	-186.14449	-81.07177	491.7176	0.6066696	-15.0	1.0	0.0	0.7	0.0	251.88843	1.2808619	0.0	1.2808619	1	0.0
mcp1k	18255	1	282072	0	14.871	9.769	15	1175208	0	nu-candidate	8	1	1	1	0	1.182	303.6	9	90.702446	30.7329	250.75153	4.9239016	-15.0	1.0	0.0	0.7	0.0	1132.5233	5.250269	0.0	5.250269	4	7.799395
mcp1k	18255	1	282094	0	5.952	0.820	6	343816	0	no-bundle	9	0	1	0	0																		
mcp1k	18255	1	282160	0	6.172	1.348	8	432968	0	nu-candidate	11	1	1	0	0																		
mcp1k	18255	1	282204	0	12.699	7.824	14	1237588	0	nu-candidate	11	1	1	1	0	0.793	117.4	3	-198.49939	-6.9213786	211.76486	1.9726437	-15.0	1.0	0.0	0.7	0.0	975.0941	0.0	0.0	0.0	0	4.2763505
mcp1k	18255	1	282217	0	16.516	12.597	18	1221100	0	nu-candidate	8	1	1	1	0	2.024	417.2	4	30.708385	55.081394	24.710041	4.886215	-15.0	1.0	0.0	0.7	0.0	1293.111	9.167814	0.0	9.167814	4	0.0
mcp1k	18255	1	282231	0	11.367	5.511	13	1182208	0	nu-candidate	14	1	1	1	0	1.071	55.3	2	-0.54261446	51.090984	465.75577	1.3312658	-15.0	1.0	1.0	0.7	0.0	469.0949	0.0	0.0	0.0	0	101.5512
mcp1k	18255	1	282292	0	6.302	0.827	8	330288	0	no-beam-flash	10	0	0	0	0																		
mcp1k	18255	1	282299	0	7.461	1.614	8	471484	0	cosmic-tagged	15	1	1	0	0																		
mcp1k	18255	1	282385	0	11.621	7.920	13	1198900	0	nu-candidate	12	1	1	1	0	1.843	156.8	4	145.53033	-118.48885	335.9693	3.7193048	-15.0	1.0	0.0	0.7	0.0	595.02234	0.0	0.0	0.0	0	3.8162124
mcp1k	18255	1	282459	0	9.886	5.963	11	1219232	0	nu-candidate	13	1	1	1	0	1.111	99.1	6	152.78384	185.18512	89.311104	4.221148	-15.0	1.0	0.0	0.7	0.0	538.15607	0.0	0.0	0.0	0	6.9541793
mcp1k	18255	1	282541	0	6.205	1.333	8	396784	0	no-beam-flash	12	0	0	0	0																		
mcp1k	18255	1	282666	0	12.405	8.415	13	1239052	0	nu-candidate	14	1	1	1	0	1.249	148.3	3	-105.85546	-64.25567	132.8487	4.44056	-15.0	1.0	0.0	0.7	0.0	968.0796	0.0	0.0	0.0	0	1.8584028
mcp1k	18255	1	282715	0	6.003	1.948	7	422196	0	cosmic-tagged	10	1	1	0	0																		
mcp1k	18255	1	282737	0	12.619	7.630	14	1214112	0	nu-candidate	15	1	1	1	0	0.889	189.9	4	-34.844326	47.666157	141.81128	3.593001	-15.0	1.0	0.0	0.7	0.0	788.0563	3.102488	0.0	3.102488	2	4.048048
mcp1k	18255	1	282871	0	5.038	1.256	7	435248	0	nu-candidate	12	1	2	0	0																		
mcp1k	18255	1	282899	0	12.573	7.820	14	1172556	0	nu-candidate	7	1	1	1	0	1.518	153.9	33	-50.85758	-43.68494	373.52203	3.0427303	-15.0	1.0	1.0	0.7	0.0	484.69434	108.33563	101.897705	6.4379263	5	54.913696
mcp1k	18255	1	282930	0	4.820	1.062	5	374136	0	no-bundle	11	0	1	0	0																		
mcp1k	18255	1	282952	0	4.979	1.515	5	470208	0	nu-candidate	15	2	2	0	0																		
mcp1k	18255	1	282979	0	10.977	6.724	12	1216668	0	nu-candidate	12	1	1	1	0	1.165	32.8	29	-25.980827	162.14899	404.1667	0.18081474	-15.0	1.0	0.0	0.7	0.0	616.81866	179.16498	0.0	179.16498	17	189.09059
mcp1k	18255	1	283009	0	15.011	10.850	17	1254400	0	nu-candidate	15	1	1	1	0	1.500	253.4	10	-179.56186	29.849457	281.14243	4.2989106	-15.0	1.0	0.0	0.7	0.0	1129.9484	3.3252492	0.0	3.3252492	2	9.199777
mcp1k	18255	1	283040	0	12.342	7.358	14	1203208	0	nu-candidate	12	1	1	1	0	1.665	120.5	20	-5.8894444	103.85855	166.69258	3.5833168	-15.0	1.0	0.0	0.7	0.0	649.7936	1.6280527	0.0	1.6280527	1	129.48528
mcp1k	18255	1	283047	0	5.043	1.237	7	433840	0	cosmic-tagged	17	1	1	0	0																		
mcp1k	18255	1	283091	0	13.139	6.404	14	1205200	0	nu-candidate	14	1	1	1	0	0.998	126.1	2	93.83431	-93.71239	44.54557	3.5155199	-15.0	1.0	0.0	0.7	0.0	551.4122	0.38357434	0.0	0.38357434	1	0.0
mcp1k	18255	1	283119	0	3.436	0.873	4	364448	0	cosmic-tagged	11	1	1	0	0																		
mcp1k	18255	1	283229	0	12.036	6.854	14	1146412	0	nu-candidate	6	1	1	1	0	1.854	172.5	5	87.12713	-20.145056	118.34348	3.056378	-15.0	1.0	0.0	0.7	0.0	644.22314	1.739825	0.0	1.739825	2	4.40325
mcp1k	18255	1	283265	0	7.329	1.339	9	434128	0	cosmic-tagged	12	1	1	0	0																		
mcp1k	18255	1	283331	0	8.225	1.084	9	385868	0	no-beam-flash	10	0	0	0	0																		
mcp1k	18255	1	283463	0	10.558	5.565	11	1190768	0	nu-candidate	14	1	1	1	0	0.812	14.4	20	-63.067776	42.324764	3.5480134	-1.1535449	-15.0	1.0	1.0	-0.11181897	0.0	303.54932	2.655312	0.0	2.655312	2	80.477036
mcp1k	18255	1	283485	0	5.753	1.489	8	454276	0	cosmic-tagged	10	1	1	0	0																		
mcp1k	18255	1	283515	0	13.896	8.332	15	1327232	0	cosmic-tagged	12	1	1	1	0	0.415	46.6	24	-97.19277	176.54456	87.09335	1.1677592	-15.0	1.0	0.0	0.7	0.0	861.5581	4.838925	0.0	4.838925	4	5.050982
mcp1k	18255	1	283529	0	7.081	0.898	8	345120	0	cosmic-tagged	9	1	1	0	0																		
mcp1k	18255	1	283537	0	7.145	1.104	9	390104	0	cosmic-tagged	10	1	1	0	0																		
mcp1k	18255	1	283581	0	7.140	0.749	9	321052	0	nu-candidate	10	1	1	0	0																		
mcp1k	18255	1	283595	0	12.477	5.500	14	1127092	0	nu-candidate	9	1	1	1	0	1.849	30.3	19	-91.54983	62.255917	9.726102	-1.0312508	-15.0	1.0	0.0	0.7	0.0	371.8023	14.7865925	0.0	14.7865925	5	22.958082
mcp1k	18255	1	283683	0	7.228	1.060	9	383608	0	cosmic-tagged	11	1	1	0	0																		
mcp1k	18255	1	283691	0	11.317	6.097	13	1253000	0	nu-candidate	16	1	1	1	0	1.465	21.9	2	100.58112	-150.85025	256.6946	-1.7936069	-15.0	1.0	0.0	0.7	0.0	316.69745	1.9649106	0.0	1.9649106	1	4.4208546
mcp1k	18255	1	283713	0	25.245	18.998	27	1319972	0	nu-candidate	13	1	1	1	0	1.607	487.5	35	-83.65797	67.317345	35.869637	4.833767	-15.0	1.0	0.0	0.7	0.0	1878.1313	177.4212	163.98521	13.435986	8	21.82347
mcp1k	18255	1	283771	0	11.403	7.316	13	1274980	0	nu-candidate	13	1	1	1	0	1.390	135.9	8	99.353836	169.72174	377.5052	3.5048244	-15.0	1.0	0.0	0.7	0.0	591.8294	4.2482634	0.0	4.2482634	3	16.397232
mcp1k	18255	1	283793	0	6.015	0.941	7	357948	0	nu-candidate	12	1	1	0	0																		
mcp1k	18255	1	283801	0	6.119	1.115	8	398664	0	cosmic-tagged	11	1	1	0	0																		
mcp1k	18255	1	283817	0	7.401	1.198	9	387304	0	cosmic-tagged	11	1	1	0	0																		
mcp1k	18255	1	283839	0	7.472	0.904	9	362164	0	cosmic-tagged	10	1	1	0	0																		
mcp1k	18255	1	283905	0	10.047	5.723	12	1234856	0	nu-candidate	15	1	1	1	0	0.567	110.7	0	-201.41025	108.860435	160.25476	-2.1306384	-15.0	1.0	1.0	0.7	0.0	388.9325	0.0	0.0	0.0	0	0.0
mcp1k	18255	1	283969	0	11.358	6.924	13	1325876	0	cosmic-tagged	17	1	1	1	0	1.178	15.3	4	-62.970898	72.46466	250.09956	-1.4999027	-15.0	1.0	1.0	0.7	0.0	170.80606	4.848881	0.0	4.848881	3	0.0
mcp1k	18255	1	283991	0	11.241	6.599	13	1191992	0	nu-candidate	10	1	1	1	0	1.397	139.8	2	107.12286	-101.03385	32.09589	2.6092043	-15.0	1.0	0.0	0.7	0.0	589.76685	2.6160715	0.0	2.6160715	2	0.0
mcp1k	18255	1	284013	0	14.120	7.599	16	1188664	0	nu-candidate	5	1	1	1	0	1.388	146.9	12	-46.27453	-177.11472	257.32657	3.868615	-15.0	1.0	1.0	0.7	0.0	528.7125	1.1012698	0.0	1.1012698	1	14.147883
mcp1k	18255	1	284081	0	7.388	0.696	9	323696	0	no-beam-flash	7	0	0	0	0																		
mcp1k	18255	1	284103	0	10.420	7.564	12	1228296	0	nu-candidate	7	1	1	1	0	0.747	165.6	2	161.63425	32.938667	267.90475	3.6143823	-15.0	1.0	0.0	0.7	0.0	692.6188	1.2626827	0.0	1.2626827	1	1.9887117
mcp1k	18255	1	284125	0	6.432	0.675	8	312476	0	nu-candidate	9	1	1	0	0																		
mcp1k	18255	1	284145	0	15.686	11.598	17	1195816	0	nu-candidate	10	1	1	1	0	1.626	229.4	12	193.80734	24.282125	280.0414	2.6761968	-15.0	1.0	0.0	0.7	0.0	1342.9629	106.6619	105.88474	0.77716136	2	17.048214
mcp1k	18255	1	284153	0	11.137	6.590	12	1197504	0	nu-candidate	14	1	1	1	0	1.798	146.8	5	100.69084	-28.409334	135.1047	0.94619954	-15.0	1.0	0.0	0.7	0.0	655.97284	2.0572739	0.0	2.0572739	1	5.7207456
mcp1k	18255	1	284200	0	12.337	6.376	14	1158052	0	nu-candidate	7	1	1	1	0	1.165	27.7	16	197.36304	-126.63943	471.8301	1.045055	-15.0	1.0	0.0	0.7	0.0	592.86664	3.8718643	0.0	3.8718643	3	2.5401747
mcp1k	18255	1	284211	0	12.351	6.548	14	1159080	0	nu-candidate	7	1	1	1	0	0.841	151.7	6	-175.69728	43.12674	451.78986	2.5126584	-15.0	1.0	0.0	0.7	0.0	654.52655	3.620175	0.0	3.620175	1	7.640801
mcp1k	18255	1	284235	0	12.323	6.544	13	1220516	0	nu-candidate	10	1	1	1	0	1.591	19.0	15	-23.381615	-90.786385	139.31311	-0.3140469	-15.0	1.0	1.0	0.7	0.0	376.4273	0.0	0.0	0.0	0	7.0403457
mcp1k	18255	1	284255	0	3.809	0.645	5	304860	0	nu-candidate	7	1	1	0	0																		
mcp1k	18255	1	284323	0	3.827	0.736	5	316504	0	nu-candidate	7	1	1	0	0																		
mcp1k	18255	1	284349	0	3.693	1.253	4	370424	0	cosmic-tagged	7	1	1	0	0																		
mcp1k	18255	1	284365	0	7.398	1.441	9	414732	0	cosmic-tagged	8	1	1	0	0																		
mcp1k	18255	1	284367	0	7.340	1.105	9	410876	0	cosmic-tagged	15	1	1	0	0																		
mcp1k	18255	1	284563	0	6.852	0.626	7	306572	0	no-beam-flash	8	0	0	0	0																		
mcp1k	18255	1	284587	0	6.907	0.718	7	316852	0	cosmic-tagged	10	1	1	0	0																		
mcp1k	18255	1	284596	0	7.206	1.471	8	462908	0	nu-candidate	19	1	1	0	0																		
mcp1k	18255	1	284637	0	12.295	5.379	13	1176532	0	nu-candidate	13	1	1	1	0	1.636	36.6	4	-197.48047	-92.71029	433.82928	1.3806486	-15.0	1.0	0.0	0.7	0.0	313.37775	1.6525705	0.0	1.6525705	2	0.96510136
mcp1k	18255	1	284657	0	12.680	7.448	14	1264900	0	nu-candidate	18	1	1	1	0	1.995	102.9	5	-41.76053	85.22144	426.96323	3.5567846	-15.0	1.0	0.0	0.7	0.0	749.7552	0.0	0.0	0.0	0	7.949879
mcp1k	18255	1	284769	0	19.053	12.301	21	1274620	0	nu-candidate	12	1	1	1	0	0.609	352.4	11	123.36563	-6.096534	152.62347	6.3015246	-15.0	1.0	0.0	0.7	0.0	1251.5328	5.027112	0.0	5.027112	3	155.22043
mcp1k	18255	1	284791	0	11.262	5.387	13	1147876	0	nu-candidate	11	1	1	1	0	1.155	34.9	17	-122.405975	178.18115	206.98601	-0.044778753	-15.0	1.0	0.0	0.7	0.0	359.87152	0.0	0.0	0.0	0	12.256368
mcp1k	18255	1	284794	0	11.622	9.766	13	1193236	0	nu-candidate	8	1	1	1	0	1.102	264.3	7	-47.42136	-21.073503	280.24557	3.3015637	-15.0	1.0	0.0	0.7	0.0	883.8054	6.972063	0.0	6.972063	4	126.04202
mcp1k	18255	1	284835	0	5.327	1.304	7	411532	0	cosmic-tagged	11	1	1	0	0																		
mcp1k	18255	1	284937	0	7.369	0.988	8	376124	0	cosmic-tagged	11	1	1	0	0																		
mcp1k	18255	1	284989	0	7.544	1.785	8	468632	0	cosmic-tagged	14	1	1	0	0																		
mcp1k	18255	1	285025	0	7.342	0.729	8	321816	0	no-beam-flash	10	0	0	0	0																		
mcp1k	18255	1	285049	0	7.308	0.762	8	330512	0	no-beam-flash	7	0	0	0	0																		
mcp1k	18255	1	285069	0	11.286	5.687	12	1144720	0	nu-candidate	8	1	1	1	0	1.221	32.0	9	67.723595	151.22256	455.7021	0.5838952	-15.0	1.0	0.0	0.7	0.0	381.93225	7.1487756	0.0	7.1487756	6	8.437557
mcp1k	18255	1	285080	0	7.451	1.633	8	420904	0	cosmic-tagged	14	1	1	0	0																		
mcp1k	18255	1	285185	0	7.571	1.636	8	483876	0	cosmic-tagged	12	1	1	0	0																		
mcp1k	18255	1	285201	0	6.961	1.008	7	375684	0	cosmic-tagged	9	1	1	0	0																		
mcp1k	18255	1	285253	0	12.239	5.654	14	1178212	0	cosmic-tagged	10	1	1	1	0	1.087	57.8	12	-77.98928	-151.90031	413.2267	-1.2929941	-15.0	1.0	1.0	0.7	0.0	299.94708	21.52276	0.0	21.52276	11	2.4531062
mcp1k	18255	1	285311	0	12.395	6.823	14	1145232	0	nu-candidate	8	1	1	1	0	1.783	79.3	8	86.24568	-21.738907	267.3562	2.1353757	-15.0	1.0	0.0	0.7	0.0	889.28925	1.242051	0.0	1.242051	1	2.8920429
mcp1k	18255	1	285333	0	6.146	0.882	8	338740	0	nu-candidate	10	1	1	0	0																		
mcp1k	18255	1	285366	0	8.643	5.455	10	1235016	0	nu-candidate	15	2	2	1	0	1.102	68.2	4	201.39507	-47.56377	460.88403	-2.4295745	-15.0	1.0	1.0	0.7	0.0	292.7656	0.0	0.0	0.0	0	4.516856
mcp1k	18255	1	285421	0	7.365	0.907	9	346372	0	cosmic-tagged	8	1	1	0	0																		
mcp1k	18255	1	285443	0	13.304	6.494	14	1129476	0	nu-candidate	8	1	1	1	0	1.105	72.6	20	-71.6607	47.548508	430.09753	2.0588536	-15.0	1.0	0.0	0.7	0.0	605.92004	7.7390976	0.0	7.7390976	6	5.5907164
mcp1k	18255	1	285467	0	12.076	6.143	13	1201664	0	nu-candidate	13	1	1	1	0	1.550	101.5	6	2.9986393	-52.168526	0.056273114	-0.83549565	-15.0	1.0	1.0	0.61349213	0.0	386.75684	0.0	0.0	0.0	0	5.9672003
mcp1k	18255	1	285531	0	13.548	7.489	14	1250776	0	nu-candidate	15	1	1	1	0	1.767	221.8	2	18.647694	0.45609906	388.50143	4.53708	-15.0	1.0	0.0	0.7	0.0	968.09576	0.0	0.0	0.0	0	0.0
mcp1k	18255	1	285564	0	12.040	5.501	13	1148520	0	nu-candidate	13	2	2	1	0	0.671	43.5	1	75.33689	-4.844095	415.55502	1.5353253	-15.0	1.0	0.0	0.7	0.0	344.04172	0.0	0.0	0.0	0	2.6298673
mcp1k	18255	1	285577	0	7.140	1.024	8	371588	0	no-beam-flash	8	0	0	0	0																		
mcp1k	18255	1	285586	0	7.026	0.794	8	329724	0	no-beam-flash	13	0	0	0	0																		
mcp1k	18255	1	285652	0	12.311	5.021	13	796820	0	cosmic-tagged	16	1	1	1	0	0.633	1.6	0	0.0	0.0	0.0	-1.9416895	-15.0	1.0	0.0	0.7	0.0	0.0	0.0	0.0	0.0	0	0.0
mcp1k	18255	1	285663	0	6.178	0.923	8	358588	0	cosmic-tagged	6	1	1	0	0																		
mcp1k	18255	1	285665	0	12.249	6.300	14	1170784	0	nu-candidate	8	1	1	1	0	0.701	94.7	20	-42.588585	-104.099236	19.033613	1.5348998	-15.0	1.0	0.0	0.7	0.0	436.01868	111.71503	99.51301	12.202015	10	8.575259
mcp1k	18255	1	285674	0	7.552	1.394	9	403364	0	cosmic-tagged	12	1	1	0	0																		
mcp1k	18255	1	285753	0	9.835	5.148	11	1154720	0	nu-candidate	10	1	1	1	0	1.513	22.3	10	-27.657536	-160.55571	10.524393	-1.3348521	-15.0	1.0	0.0	0.7	0.0	289.63718	0.76213294	0.0	0.76213294	1	4.0090966
mcp1k	18255	1	285795	0	6.073	1.400	8	443636	0	cosmic-tagged	18	1	1	0	0																		
mcp1k	18255	1	285929	0	9.783	8.367	11	1179328	0	nu-candidate	11	1	1	1	0	0.855	288.7	2	-11.101429	65.60429	208.5892	4.500674	-15.0	1.0	0.0	0.7	0.0	1166.0037	0.0	0.0	0.0	0	2.0793455
mcp1k	18255	1	285971	0	14.964	9.151	17	1143400	0	nu-candidate	7	1	1	1	0	0.659	268.0	6	-123.07057	-17.947083	96.14466	2.41242	-15.0	1.0	0.0	0.7	0.0	787.132	0.0	0.0	0.0	0	22.170908
mcp1k	18255	1	285979	0	5.999	1.101	7	366320	0	cosmic-tagged	10	1	1	0	0																		
mcp1k	18255	1	285993	0	6.003	1.154	7	391796	0	no-beam-flash	14	0	0	0	0																		
mcp1k	18255	1	285999	0	5.992	1.158	7	414616	0	cosmic-tagged	15	1	1	0	0																		
mcp1k	18255	1	286021	0	5.966	0.815	6	341740	0	cosmic-tagged	10	1	1	0	0																		
mcp1k	18255	1	286065	0	6.183	1.474	8	388604	0	cosmic-tagged	9	1	1	0	0																		
mcp1k	18255	1	286089	0	8.625	1.081	10	389596	0	no-beam-flash	12	0	0	0	0																		
mcp1k	18255	1	286114	0	8.711	1.484	10	476096	0	nu-candidate	18	1	1	0	0																		
mcp1k	18255	1	286133	0	8.604	1.114	10	399484	0	no-beam-flash	13	0	0	0	0																		
mcp1k	18255	1	286177	0	10.952	4.940	13	1165144	0	nu-candidate	10	1	1	1	0	1.419	14.5	2	171.23602	199.85497	227.81413	-0.3961261	-15.0	1.0	1.0	0.7	0.0	191.04059	0.0	0.0	0.0	0	28.157234
mcp1k	18255	1	286180	0	10.772	5.440	11	1160096	0	nu-candidate	8	1	1	1	0	1.745	43.1	2	172.78204	-104.4195	276.38	2.6484683	-15.0	1.0	0.0	0.7	0.0	434.31244	0.0	0.0	0.0	0	2.5902243
mcp1k	18255	1	286191	0	10.842	6.123	12	1239244	0	nu-candidate	14	1	1	1	0	1.155	108.4	10	129.79045	176.7029	80.42516	2.7480278	-15.0	1.0	0.0	0.7	0.0	500.74713	0.0	0.0	0.0	0	8.171893
mcp1k	18255	1	286197	0	8.190	0.860	9	344916	0	no-bundle	8	0	1	0	0																		
mcp1k	18255	1	286213	0	8.450	1.270	10	405868	0	nu-candidate	10	1	1	0	0																		
mcp1k	18255	1	286221	0	8.512	1.268	10	413596	0	no-bundle	15	0	1	0	0																		
mcp1k	18255	1	286241	0	15.124	7.032	17	1211052	0	nu-candidate	11	1	1	1	0	1.272	288.0	7	16.596022	132.17438	93.53723	4.1565547	-15.0	1.0	0.0	0.7	0.0	827.52826	0.0	0.0	0.0	0	11.13907
mcp1k	18255	1	286268	0	15.093	7.534	17	1215600	0	nu-candidate	10	1	1	1	0	0.636	197.4	10	-173.31554	-110.157074	8.378336	3.024428	-15.0	1.0	0.0	0.7	0.0	591.8799	2.123603	0.0	2.123603	2	7.7421126
mcp1k	18255	1	286325	0	8.383	1.059	10	370964	0	cosmic-tagged	9	1	1	0	0																		
mcp1k	18255	1	286329	0	8.354	0.901	10	349056	0	cosmic-tagged	13	1	1	0	0																		
mcp1k	18255	1	286353	0	15.260	10.059	17	1343024	0	nu-candidate	9	1	1	1	0	1.991	264.1	3	-62.1195	46.698116	372.39713	2.661711	-15.0	1.0	0.0	0.7	0.0	899.86456	3.8473775	0.0	3.8473775	1	2.541885
mcp1k	18255	1	286391	0	6.415	1.254	8	424212	0	cosmic-tagged	12	1	1	0	0																		
mcp1k	18255	1	286400	0	15.140	8.300	17	1237448	0	nu-candidate	12	1	1	1	0	0.628	338.3	8	-15.825796	-169.97491	29.822023	4.2700915	-15.0	1.0	0.0	0.7	0.0	923.5235	6.8416533	0.0	6.8416533	3	10.29495
mcp1k	18255	1	286527	0	8.826	5.326	11	1181504	0	nu-candidate	14	1	1	1	0	0.583	26.4	13	193.68	140.26411	300.44934	1.3677083	-15.0	1.0	0.0	0.7	0.0	266.6369	0.0	0.0	0.0	0	19.674763
mcp1k	18255	1	286532	0	7.605	1.108	9	393388	0	no-bundle	9	0	1	0	0																		
mcp1k	18255	1	286551	0	7.572	1.298	9	435876	0	cosmic-tagged	16	1	1	0	0																		
mcp1k	18255	1	286587	0	7.500	1.006	9	377020	0	no-beam-flash	10	0	0	0	0																		
mcp1k	18255	1	286617	0	8.887	2.821	10	552040	0	cosmic-tagged	10	1	1	0	0																		
mcp1k	18255	1	286631	0	7.100	1.144	8	359224	0	cosmic-tagged	10	1	1	0	0																		
mcp1k	18255	1	286655	0	14.660	7.424	15	1318348	0	nu-candidate	17	1	1	1	0	1.396	27.7	17	-43.030354	65.36404	8.663832	-1.9297649	-15.0	1.0	0.0	-0.3562917	0.0	523.6826	2.4918373	0.0	2.4918373	1	5.09546
mcp1k	18255	1	286681	0	23.070	14.936	24	1230296	0	nu-candidate	12	2	2	1	0	1.066	35.3	0	-136.561	32.065014	460.66467	0.47692215	-15.0	1.0	0.0	0.7	0.0	1901.0574	211.51672	210.19073	1.3259827	2	69.266556
mcp1k	18255	1	286683	0	7.007	0.750	8	322808	0	no-beam-flash	7	0	0	0	0																		
mcp1k	18255	1	286787	0	6.204	1.328	8	420356	0	no-bundle	15	0	1	0	0																		
mcp1k	18255	1	286818	0	13.277	5.932	14	1190940	0	nu-candidate	11	1	1	1	0	0.628	47.0	3	-153.97305	-69.89777	197.32292	0.78685653	-15.0	1.0	0.0	0.7	0.0	266.16718	17.610125	17.610125	0.0	2	11.209089
mcp1k	18255	1	286884	0	7.118	1.214	8	380736	0	cosmic-tagged	15	1	1	0	0																		
mcp1k	18255	1	286906	0	9.848	6.042	12	1157128	0	nu-candidate	6	1	1	1	0	1.539	134.8	4	-103.41754	191.91129	294.56213	0.9833577	-15.0	1.0	0.0	0.7	0.0	639.1739	1.2227417	0.0	1.2227417	1	4.9021015
mcp1k	18255	1	287007	0	10.165	6.473	12	1162256	0	cosmic-tagged	11	1	1	1	0	1.599	49.5	22	167.4342	129.54056	410.71817	0.6387222	-15.0	1.0	0.0	0.7	0.0	266.96997	175.94186	116.54383	59.398037	6	9.360806
mcp1k	18255	1	287013	0	6.855	1.481	8	385852	0	cosmic-tagged	7	1	1	0	0																		
mcp1k	18255	1	287016	0	7.153	1.037	8	387132	0	no-beam-flash	15	0	0	0	0																		
mcp1k	18255	1	287029	0	7.051	0.975	8	379140	0	cosmic-tagged	13	1	1	0	0																		
mcp1k	18255	1	287099	0	7.002	0.900	7	346848	0	cosmic-tagged	13	1	1	0	0																		
mcp1k	18255	1	287181	0	7.263	1.211	9	399528	0	cosmic-tagged	13	1	1	0	0																		
mcp1k	18255	1	287211	0	14.258	7.694	16	1159120	0	nu-candidate	9	1	1	1	0	1.118	109.2	16	101.16335	-43.645615	274.98752	1.8917433	-15.0	1.0	0.0	0.7	0.0	855.62695	45.413673	39.192017	6.2216554	5	2.9654448
mcp1k	18255	1	287249	0	13.174	6.538	15	1176664	0	nu-candidate	14	1	1	1	0	1.404	140.1	9	87.6175	43.873585	254.32982	3.3329475	-15.0	1.0	1.0	0.7	0.0	625.93396	1.4783938	0.0	1.4783938	1	13.447376
mcp1k	18255	1	287277	0	7.115	0.657	9	302764	0	cosmic-tagged	10	1	1	0	0																		
mcp1k	18255	1	287315	0	6.992	0.929	7	325468	0	cosmic-tagged	9	1	1	0	0																		
mcp1k	18255	1	287431	0	10.735	5.408	12	1186756	0	cosmic-tagged	12	1	1	1	0	2.103	52.0	2	0.0	0.0	0.0	-1.9416895	-15.0	1.0	0.0	0.7	0.0	0.0	0.0	0.0	0.0	0	0.0
mcp1k	18255	1	287434	0	7.860	1.487	8	393164	0	cosmic-tagged	15	1	1	0	0																		
mcp1k	18255	1	287517	0	13.158	6.507	15	1229644	0	nu-candidate	12	1	1	1	0	2.011	142.7	4	71.12245	140.25282	356.02158	3.277643	-15.0	1.0	0.0	0.7	0.0	713.1089	0.0	0.0	0.0	0	3.5071654
mcp1k	18255	1	287522	0	7.802	1.372	9	406152	0	cosmic-tagged	11	1	1	0	0																		
mcp1k	18255	1	287555	0	13.295	8.741	15	1288212	0	nu-candidate	13	1	1	1	0	0.844	127.8	12	-70.79733	-52.870255	25.750277	2.6742885	-15.0	1.0	0.0	0.7	0.0	1124.3077	0.0	0.0	0.0	0	42.940437
mcp1k	18255	1	287599	0	10.824	5.667	13	1250328	0	nu-candidate	14	1	1	1	0	1.335	35.5	0	-179.11244	147.99532	471.10184	0.8041551	-15.0	1.0	0.0	0.7	0.0	445.56482	0.0	0.0	0.0	0	0.0
mcp1k	18255	1	287621	0	16.934	8.044	19	1125148	0	nu-candidate	6	1	1	1	0	1.840	93.6	6	111.291435	124.06265	346.80542	2.9972055	-15.0	1.0	0.0	0.7	0.0	683.6531	1.8868713	0.0	1.8868713	1	4.154289
mcp1k	18255	1	287654	0	11.763	7.000	13	1243628	0	nu-candidate	12	1	1	1	0	1.374	61.7	11	-4.674879	97.47785	497.53906	1.1054695	-15.0	1.0	0.0	0.7	0.0	509.72052	159.81789	159.81789	0.0	2	81.74685
mcp1k	18255	1	287717	0	7.562	0.946	8	363024	0	cosmic-tagged	14	1	1	0	0																		
mcp1k	18255	1	287759	0	7.388	0.760	8	331484	0	no-beam-flash	7	0	0	0	0																		
mcp1k	18255	1	287783	0	6.204	0.746	7	317376	0	nu-candidate	8	1	1	0	0																		
mcp1k	18255	1	287825	0	12.455	6.405	14	1176800	0	nu-candidate	7	1	1	1	0	1.410	119.8	12	-34.731182	2.9562593	416.00723	3.1565847	-15.0	1.0	0.0	0.7	0.0	517.4216	11.527007	0.0	11.527007	5	12.661607
mcp1k	18255	1	287830	0	16.352	10.458	17	1205572	0	nu-candidate	11	1	1	1	0	1.490	98.7	22	-47.16961	101.3296	16.362503	0.96735865	-15.0	1.0	0.0	0.7	0.0	1033.8823	240.56908	237.64934	2.919729	5	17.291302
mcp1k	18255	1	287896	0	7.465	0.976	9	360548	0	nu-candidate	10	1	1	0	0																		
mcp1k	18255	1	288067	0	10.015	5.354	12	1192896	0	nu-candidate	12	1	1	1	0	0.735	42.8	1	-78.17363	180.78796	128.20262	4.132439	-15.0	1.0	0.0	0.7	0.0	320.51178	0.0	0.0	0.0	0	1.79171
mcp1k	18255	1	288287	0	18.873	13.327	21	1233484	0	nu-candidate	8	1	1	1	0	0.641	255.8	16	-159.0587	5.7431655	81.73785	3.9098005	-15.0	1.0	0.0	0.7	0.0	1680.0461	1.7379606	0.0	1.7379606	2	12.876226
mcp1k	18255	1	288327	0	13.896	8.670	16	1279332	0	cosmic-tagged	12	1	1	1	0	0.813	110.3	15	27.126541	-198.06668	58.31144	-1.4337705	-15.0	1.0	1.0	0.7	0.0	444.53137	236.22545	221.85275	14.372709	8	15.892105
mcp1k	18255	1	288358	0	12.354	7.157	13	1246484	0	nu-candidate	12	2	2	1	0	1.469	125.7	1	-37.137627	190.22098	410.59485	3.2820032	-15.0	1.0	0.0	0.7	0.0	603.1365	0.0	0.0	0.0	0	1.9664425
mcp1k	18255	1	288397	0	4.834	1.011	6	364560	0	cosmic-tagged	12	1	1	0	0																		
mcp1k	18255	1	288468	0	4.847	1.557	6	398604	0	cosmic-tagged	9	1	1	0	0																		
mcp1k	18255	1	288613	0	6.128	1.249	8	398968	0	no-beam-flash	10	0	0	0	0																		
mcp1k	18255	1	288639	0	12.365	6.271	14	1149152	0	nu-candidate	6	1	1	1	0	1.174	83.0	10	-162.64955	122.309395	135.27423	2.7833283	-15.0	1.0	0.0	0.7	0.0	649.90106	5.9184337	0.0	5.9184337	5	165.22932
mcp1k	18255	1	288727	0	6.050	0.711	8	313808	0	no-beam-flash	7	0	0	0	0																		
mcp1k	18255	1	288745	0	11.055	6.357	12	1223376	0	nu-candidate	14	1	1	1	0	0.760	34.5	16	-145.84467	141.02385	334.16537	-0.10929655	-15.0	1.0	0.0	0.7	0.0	513.19904	10.061905	0.0	10.061905	5	31.228357
mcp1k	18255	1	288776	0	6.010	1.246	7	414716	0	nu-candidate	10	1	1	0	0																		
mcp1k	18255	1	288859	0	15.389	11.350	17	1244700	0	nu-candidate	10	1	1	1	0	1.823	318.7	10	168.58833	37.044582	200.71704	3.937524	-15.0	1.0	0.0	0.7	0.0	925.0423	0.8646304	0.0	0.8646304	1	9.974459
mcp1k	18255	1	288864	0	7.179	0.796	9	337528	0	cosmic-tagged	7	1	1	0	0																		
mcp1k	18255	1	288921	0	7.471	1.380	9	450052	0	cosmic-tagged	17	1	2	0	0																		
mcp1k	18255	1	288947	0	13.544	7.878	14	1168164	0	nu-candidate	11	1	1	1	0	1.064	89.6	9	-116.265656	-96.54102	318.46503	2.8431528	-15.0	1.0	0.0	0.7	0.0	861.1122	6.3606973	0.0	6.3606973	3	4.5455995
mcp1k	18255	1	288952	0	7.397	1.844	9	439140	0	cosmic-tagged	11	1	1	0	0																		
mcp1k	18255	1	288974	0	5.951	0.675	7	316084	0	nu-candidate	7	2	2	0	0																		
mcp1k	18255	1	289062	0	5.952	0.850	8	353464	0	no-bundle	10	0	1	0	0																		
mcp1k	18255	1	289141	0	7.688	3.253	9	708860	0	cosmic-tagged	11	1	1	1	0	0.739	1.1	0	0.0	0.0	0.0	-1.9416895	-15.0	1.0	0.0	0.7	0.0	0.0	0.0	0.0	0.0	0	0.0
mcp1k	18255	1	289145	0	8.655	0.983	10	341124	0	cosmic-tagged	13	1	1	0	0																		
mcp1k	18255	1	289251	0	15.148	9.464	17	1193924	0	nu-candidate	10	1	1	1	0	2.136	281.3	3	-7.0907636	-196.06679	311.31992	-0.08023417	-15.0	1.0	0.0	0.7	0.0	766.4227	0.69139546	0.0	0.69139546	1	3.1737318
mcp1k	18255	1	289295	0	8.739	1.045	10	374176	0	cosmic-tagged	12	1	1	0	0																		
mcp1k	18255	1	289343	0	7.390	0.823	9	324120	0	cosmic-tagged	9	1	1	0	0																		
mcp1k	18255	1	289475	0	5.102	0.760	7	326508	0	no-beam-flash	10	0	0	0	0																		
mcp1k	18255	1	289493	0	7.576	1.097	9	399152	0	no-beam-flash	11	0	0	0	0																		
mcp1k	18255	1	289559	0	13.482	7.374	14	1166072	0	nu-candidate	11	1	1	1	0	1.825	165.7	3	-2.6838565	12.778432	354.98624	2.9026933	-15.0	1.0	0.0	0.7	0.0	956.1567	0.821241	0.0	0.821241	1	170.94687
mcp1k	18255	1	289647	0	7.292	1.031	8	361984	0	cosmic-tagged	10	1	1	0	0																		
mcp1k	18255	1	289656	0	7.265	1.184	8	349688	0	cosmic-tagged	8	1	1	0	0																		
mcp1k	18255	1	289805	0	7.213	0.771	8	334600	0	nu-candidate	12	1	1	0	0																		
mcp1k	18255	1	289832	0	12.243	6.510	13	1210624	0	nu-candidate	11	1	1	1	0	0.629	208.7	2	-12.036225	94.426575	315.52203	3.2419508	-15.0	1.0	0.0	0.7	0.0	619.75165	0.0	0.0	0.0	0	4.0713987
mcp1k	18255	1	289849	0	7.466	1.115	9	394948	0	nu-candidate	13	1	1	0	0																		
mcp1k	18255	1	290052	0	12.377	7.226	14	1205096	0	nu-candidate	8	1	1	1	0	1.108	88.1	12	107.4305	-38.9665	460.53696	2.7998974	-15.0	1.0	0.0	0.7	0.0	662.7379	15.196473	0.0	15.196473	11	0.8697009
mcp1k	18255	1	290069	0	7.333	1.018	9	375936	0	cosmic-tagged	15	1	1	0	0																		
mcp1k	18255	1	290135	0	7.317	0.969	9	361988	0	no-beam-flash	14	0	0	0	0																		
mcp1k	18255	1	290201	0	7.319	1.044	9	355632	0	cosmic-tagged	8	1	1	0	0																		
mcp1k	18255	1	290223	0	7.411	1.017	9	372108	0	no-beam-flash	11	0	0	0	0																		
mcp1k	18255	1	290294	0	12.289	5.682	14	1236888	0	nu-candidate	13	1	1	1	0	1.752	25.2	1	23.531967	27.40051	476.0734	3.2187734	-15.0	1.0	0.0	0.7	0.0	285.86978	0.0	0.0	0.0	0	9.94919
mcp1k	18255	1	290316	0	7.408	1.494	9	429500	0	cosmic-tagged	12	1	1	0	0																		
mcp1k	18255	1	290329	0	7.436	1.352	9	404604	0	cosmic-tagged	12	1	1	0	0																		
mcp1k	18255	1	290602	0	7.101	1.054	8	382900	0	no-beam-flash	12	0	0	0	0																		
mcp1k	18255	1	290712	0	7.217	1.372	8	449552	0	no-bundle	14	0	1	0	0																		
mcp1k	18255	1	290729	0	13.315	8.342	14	1274812	0	nu-candidate	12	1	1	1	0	1.552	118.3	3	-128.96619	-106.042885	104.49285	2.3982859	-15.0	1.0	0.0	0.7	0.0	510.6941	3.596495	0.0	3.596495	2	0.0
mcp1k	18255	1	290800	0	7.071	1.003	8	368260	0	no-beam-flash	12	0	0	0	0																		
mcp1k	18255	1	290844	0	7.255	1.119	9	364636	0	cosmic-tagged	6	1	1	0	0																		
mcp1k	18255	1	291037	0	10.840	5.463	12	1145864	0	nu-candidate	10	1	1	1	0	1.210	105.3	4	71.37522	96.26118	98.38373	1.7355497	-15.0	1.0	1.0	0.7	0.0	383.6823	1.3424103	0.0	1.3424103	1	3.8880763
mcp1k	18255	1	291064	0	10.808	5.794	13	1209556	0	nu-candidate	11	1	1	1	0	1.090	164.7	3	-0.7496667	64.28892	4.7210207	3.1967201	-15.0	1.0	0.0	0.7	0.0	498.21027	57.226402	0.0	57.226402	3	0.0
mcp1k	18255	1	291262	0	12.437	6.853	14	1214752	0	nu-candidate	13	1	1	1	0	1.686	141.1	6	-86.38921	4.9580903	123.76388	2.7140503	-15.0	1.0	0.0	0.7	0.0	668.2925	1.9494821	0.0	1.9494821	1	58.028847
mcp1k	18255	1	291301	0	7.224	1.089	9	402708	0	cosmic-tagged	13	1	1	0	0																		
mcp1k	18255	1	291345	0	7.058	1.241	8	418012	0	nu-candidate	9	2	2	0	0																		
mcp1k	18255	1	291372	0	9.729	5.328	10	1172092	0	nu-candidate	10	1	1	1	0	1.492	8.2	7	-7.4076552	167.53503	470.85767	-1.649694	-15.0	1.0	0.0	0.7	0.0	107.54616	2.4287367	0.0	2.4287367	1	8.917587
mcp1k	18255	1	291499	0	9.679	5.520	10	1174188	0	nu-candidate	11	1	1	1	0	1.624	40.9	6	13.923468	179.5227	70.887535	-1.1778244	-15.0	1.0	1.0	0.7	0.0	232.12589	4.735767	0.0	4.735767	3	3.494301
mcp1k	18255	1	291526	0	8.327	2.097	9	469004	0	cosmic-tagged	14	1	1	0	0																		
mcp1k	18255	1	291548	0	12.609	6.976	14	1256804	0	nu-candidate	18	1	1	1	0	0.595	82.2	11	-125.8397	27.804823	422.95822	1.6800766	-15.0	1.0	0.0	0.7	0.0	583.05615	1.7076349	0.0	1.7076349	1	25.45215
mcp1k	18255	1	291570	0	11.543	7.238	13	1306928	0	nu-candidate	14	1	1	1	0	1.943	197.2	2	-77.5592	6.60204	141.18634	-0.8940683	-15.0	1.0	1.0	0.7	0.0	622.2965	250.9754	0.0	250.9754	1	0.0
mcp1k	18255	1	291724	0	5.720	0.720	7	329812	0	nu-candidate	11	1	1	0	0																		
mcp1k	18255	1	291768	0	6.075	1.405	8	466760	0	cosmic-tagged	22	1	1	0	0																		
mcp1k	18255	1	291785	0	6.091	1.363	8	424572	0	cosmic-tagged	11	1	1	0	0																		
mcp1k	18255	1	291961	0	12.555	8.107	14	1172376	0	nu-candidate	14	1	1	1	0	1.286	126.3	10	-143.82634	116.3279	127.72085	1.804078	-15.0	1.0	0.0	0.7	0.0	957.9907	3.63351	0.0	3.63351	1	13.709335
mcp1k	18255	1	292005	0	11.335	7.877	13	1172340	0	nu-candidate	9	1	1	1	0	1.103	169.2	16	129.27956	110.2302	345.90634	3.903281	-15.0	1.0	0.0	0.7	0.0	1058.2949	4.6821074	0.0	4.6821074	3	117.97045
mcp1k	18255	1	292027	0	15.457	11.701	17	1255136	0	nu-candidate	13	1	1	1	0	0.737	282.5	17	111.7684	173.94855	110.261536	4.248284	-15.0	1.0	0.0	0.7	0.0	1296.1537	14.828432	0.0	14.828432	6	4.9485493
mcp1k	18255	1	292115	0	5.025	0.694	7	315244	0	no-bundle	9	0	1	0	0																		
mcp1k	18255	1	292384	0	19.168	15.432	21	1252020	0	nu-candidate	12	1	1	1	0	1.157	460.5	8	19.207376	13.576802	51.99829	6.165339	-15.0	1.0	0.0	0.7	0.0	1680.5245	2.4093013	0.0	2.4093013	1	366.9772
mcp1k	18255	1	292406	0	9.652	5.144	10	1174136	0	nu-candidate	12	1	1	1	0	1.417	46.4	6	-164.01823	0.62183326	138.754	0.849066	-15.0	1.0	0.0	0.7	0.0	337.21835	0.0	0.0	0.0	0	93.285194
mcp1k	18255	1	292423	0	6.037	0.930	7	366252	0	no-beam-flash	11	0	0	0	0																		
mcp1k	18255	1	292450	0	7.288	1.441	9	413408	0	cosmic-tagged	14	1	1	0	0																		
mcp1k	18255	1	292533	0	14.937	9.864	17	1252328	0	nu-candidate	15	1	1	1	0	0.888	308.6	3	-118.28212	124.23839	127.09424	5.0677323	-15.0	1.0	0.0	0.7	0.0	1119.3466	46.34577	46.34577	0.0	1	0.4490892
mcp1k	18255	1	292577	0	11.334	5.838	13	1197420	0	nu-candidate	9	1	1	1	0	1.038	64.9	7	-110.72585	75.147484	440.0784	2.2529933	-15.0	1.0	0.0	0.7	0.0	290.6081	1.2426034	0.0	1.2426034	1	5.163286
mcp1k	18255	1	292643	0	16.236	11.016	18	1264396	0	nu-candidate	12	1	1	1	0	1.796	184.3	20	-41.078712	-29.513811	58.77631	3.414189	-15.0	1.0	0.0	0.7	0.0	1024.0032	0.0	0.0	0.0	0	32.181087
mcp1k	18255	1	292687	0	12.554	7.306	14	1178044	0	nu-candidate	9	1	1	1	0	1.910	117.5	6	-161.88339	80.14871	188.87338	4.154149	-15.0	1.0	0.0	0.7	0.0	796.96375	5.295959	0.0	5.295959	2	3.0750933
mcp1k	18255	1	292797	0	8.946	4.073	10	771508	0	cosmic-tagged	17	1	1	1	0	0.702	0.8	0	0.0	0.0	0.0	-1.9416895	-15.0	1.0	0.0	0.7	0.0	0.0	0.0	0.0	0.0	0	0.0
mcp1k	18255	1	293127	0	5.805	0.893	6	355240	0	no-bundle	9	0	1	0	0																		
mcp1k	18255	1	293149	0	10.019	6.102	12	1130460	0	nu-candidate	10	1	2	1	0	1.463	28.1	18	-129.00249	51.956036	403.75708	-0.46380055	-15.0	1.0	0.0	0.7	0.0	315.06177	21.068499	0.0	21.068499	2	23.261063
mcp1k	18255	1	293391	0	5.433	1.497	7	461916	0	cosmic-tagged	20	1	1	0	0																		
mcp1k	18255	1	313781	0	9.846	5.623	11	1155100	0	nu-candidate	11	1	1	1	0	1.598	13.7	5	-121.65203	157.08658	402.76996	-3.170491	-15.0	0.0	1.0	0.7	0.0	221.4419	1.8170925	0.0	1.8170925	1	5.4756722
mcp1k	18255	1	313847	0	20.124	16.788	22	1309816	0	cosmic-tagged	13	1	1	1	0	2.010	283.6	15	-42.62131	2.7219691	249.21292	3.397235	-15.0	1.0	0.0	0.7	0.0	1173.7	16.414488	0.0	16.414488	4	10.770301
mcp1k	18255	1	313979	0	11.056	7.458	12	1191888	0	nu-candidate	14	1	1	1	0	1.540	272.9	0	-18.291754	-37.353996	269.78854	4.6008463	-15.0	1.0	0.0	0.7	0.0	921.57043	0.0	0.0	0.0	0	0.0
mcp1k	18255	1	314199	0	4.802	1.018	5	395808	0	no-bundle	10	0	1	0	0																		
mcp1k	18255	1	314309	0	5.666	1.050	6	375844	0	nu-candidate	12	1	1	0	0																		
mcp1k	18255	1	314507	0	9.620	5.798	10	1194200	0	nu-candidate	12	1	1	1	0	1.929	39.4	5	82.7911	-88.20831	136.16037	-0.471943	-15.0	1.0	1.0	0.7	0.0	431.21173	0.0	0.0	0.0	0	2.0405593
mcp1k	18255	1	314705	0	10.867	5.489	12	1198724	0	nu-candidate	20	1	1	1	0	1.283	5.2	10	-94.24717	105.79554	29.083128	-1.619071	-15.0	1.0	0.0	0.7	0.0	115.94327	0.61543053	0.0	0.61543053	1	15.913143
mcp1k	18255	1	314881	0	6.125	0.947	8	353972	0	nu-candidate	9	1	1	0	0																		
mcp1k	18255	1	314925	0	6.115	1.108	8	383152	0	no-bundle	12	0	2	0	0																		
mcp1k	18255	1	315013	0	14.610	10.525	16	1202660	0	nu-candidate	11	1	1	1	0	1.609	214.4	14	-119.91179	-56.738068	277.4032	1.9573325	-15.0	1.0	0.0	0.7	0.0	639.8248	3.0834665	0.0	3.0834665	2	26.10574
mcp1k	18255	1	315079	0	5.784	0.963	6	352008	0	cosmic-tagged	11	1	1	0	0																		
mcp1k	18255	1	315167	0	14.447	10.567	15	1235712	0	nu-candidate	11	1	1	1	0	1.194	162.4	17	139.48082	164.93907	222.71626	2.1275537	-8.225074	1.0	0.0	0.7	0.0	1729.8242	0.0	0.0	0.0	0	16.295391
mcp1k	18255	1	315343	0	9.632	5.299	11	1146660	0	nu-candidate	7	1	1	1	0	1.162	35.1	16	-88.86872	-20.664688	379.2468	-1.2359776	-15.0	1.0	0.0	0.7	0.0	415.26245	10.345774	0.0	10.345774	6	61.702087
mcp1k	18255	1	315409	0	7.294	1.740	9	450808	0	cosmic-tagged	13	1	1	0	0																		
mcp1k	18255	1	315497	0	11.861	8.124	13	1284612	0	nu-candidate	14	1	1	1	0	0.746	296.2	10	-9.993944	191.88264	201.66716	3.6775172	-15.0	1.0	0.0	0.7	0.0	906.40063	0.0	0.0	0.0	0	6.3684006
mcp1k	18255	1	315629	0	5.983	1.116	7	391988	0	no-bundle	11	0	1	0	0																		
mcp1k	18255	1	315849	0	9.642	5.616	11	1217608	0	nu-candidate	11	1	1	1	0	0.920	69.8	3	-78.389404	197.97923	0.81933314	-0.8202728	-15.0	1.0	1.0	0.59686285	0.0	314.50146	1.8787451	0.0	1.8787451	1	3.1554391
mcp1k	18255	1	315871	0	11.055	6.382	13	1173804	0	nu-candidate	12	1	1	1	0	1.392	104.0	6	82.432045	-109.73703	440.26913	2.3828988	-15.0	1.0	1.0	0.7	0.0	415.10846	3.4443822	0.0	3.4443822	2	39.181835
mcp1k	18255	1	315959	0	5.950	0.894	7	347696	0	no-bundle	8	0	1	0	0																		
mcp1k	18255	1	316003	0	9.683	5.581	11	1182616	0	nu-candidate	14	1	1	1	0	1.008	32.9	7	150.42633	36.364445	388.27982	-2.970945	-15.0	1.0	0.0	0.7	0.0	237.1126	6.052934	0.0	6.052934	4	4.915364
mcp1k	18255	1	316025	0	11.162	7.216	13	1211216	0	nu-candidate	13	1	1	1	0	1.623	80.8	21	45.45468	40.32103	75.833015	2.349391	-15.0	1.0	0.0	0.7	0.0	833.5708	8.773029	0.0	8.773029	2	216.52924
mcp1k	18255	1	316311	0	9.723	5.839	11	1132852	0	nu-candidate	9	1	1	1	0	1.188	90.5	3	151.61546	188.37001	138.49255	4.270716	-15.0	1.0	0.0	0.7	0.0	489.80234	0.0	0.0	0.0	0	8.839138
mcp1k	18255	1	316487	0	4.761	0.638	6	310556	0	no-beam-flash	11	0	0	0	0																		
mcp1k	18255	1	316553	0	13.547	7.830	15	1235444	0	nu-candidate	12	1	1	1	0	1.668	255.2	4	178.39677	-89.50778	116.64699	4.2479877	-15.0	1.0	0.0	0.7	0.0	720.16547	2.7487636	0.0	2.7487636	2	0.0
mcp1k	18255	1	316729	0	10.937	6.964	13	1173084	0	nu-candidate	6	1	1	1	0	1.344	140.7	10	-68.69992	11.560528	192.25084	3.9173396	-15.0	1.0	0.0	0.7	0.0	660.15015	2.1108158	0.0	2.1108158	1	8.729576
mcp1k	18255	1	316971	0	7.223	1.034	9	380728	0	no-beam-flash	12	0	0	0	0																		
mcp1k	18255	1	317191	0	12.285	8.207	14	1210592	0	nu-candidate	16	1	1	1	0	0.576	129.6	12	-126.72888	-138.60605	289.03125	1.0949647	-15.0	1.0	0.0	0.7	0.0	1021.68884	18.390045	13.945687	4.4443583	3	25.12399
mcp1k	18255	1	317323	0	6.883	1.155	8	398004	0	nu-candidate	13	1	1	0	0																		
mcp1k	18255	1	317543	0	6.073	0.941	8	359036	0	cosmic-tagged	10	1	1	0	0																		
mcp1k	18255	1	317741	0	11.104	5.898	13	1242552	0	nu-candidate	11	1	1	1	0	1.001	9.8	19	35.35207	49.416744	17.040943	-1.3625042	-15.0	1.0	1.0	0.7	0.0	249.82109	3.8512006	0.0	3.8512006	1	67.98661
mcp1k	18255	1	317939	0	16.072	10.029	18	1299728	0	nu-candidate	17	1	1	1	0	1.214	16.8	0	-130.35548	83.78695	140.27422	3.409779	-15.0	1.0	0.0	0.7	0.0	1240.6003	3.215596	0.0	3.215596	1	18.54425
mcp1k	18255	1	318049	0	9.554	3.793	10	771852	0	cosmic-tagged	10	1	1	1	0	0.976	1.8	0	0.0	0.0	0.0	-1.9416895	-15.0	1.0	0.0	0.7	0.0	0.0	0.0	0.0	0.0	0	0.0
mcp1k	18255	1	318335	0	7.210	1.079	9	391548	0	cosmic-tagged	9	1	1	0	0																		
mcp1k	18255	1	318379	0	5.802	0.741	7	326736	0	no-bundle	11	0	1	0	0																		
mcp1k	18255	1	318731	0	10.859	5.850	11	1200920	0	nu-candidate	11	1	1	1	0	0.598	86.0	8	-94.447334	-124.22643	482.3566	3.5118382	-15.0	1.0	0.0	0.7	0.0	475.76053	0.0	0.0	0.0	0	15.373
mcp1k	18255	1	319039	0	11.059	6.468	13	1286684	0	nu-candidate	16	1	1	1	0	2.028	85.7	9	60.633816	177.55917	220.97331	0.047061633	-15.0	1.0	0.0	0.7	0.0	611.8033	2.0863514	0.0	2.0863514	1	7.474267
mcp1k	18255	1	319611	0	12.458	6.687	14	1285176	0	nu-candidate	14	1	1	1	0	1.939	109.1	0	-197.15706	-151.32237	403.94867	2.5055737	-15.0	1.0	0.0	0.7	0.0	481.33417	0.0	0.0	0.0	0	0.0
mcp1k	18255	1	319809	0	5.725	1.065	8	366108	0	cosmic-tagged	13	1	1	0	0																		
mcp1k	18255	1	320029	0	10.825	7.056	13	1225680	0	nu-candidate	16	1	1	1	0	1.095	219.5	4	72.52601	60.74874	15.678047	3.5660002	-15.0	1.0	0.0	0.7	0.0	660.62415	1.5083156	0.0	1.5083156	1	14.371983
mcp1k	18255	1	320095	0	5.933	0.621	7	310972	0	nu-candidate	7	1	1	0	0																		
mcp1k	18255	1	320491	0	7.500	1.570	9	453304	0	cosmic-tagged	16	1	1	0	0																		
mcp1k	18255	1	320623	0	6.001	0.742	7	333012	0	nu-candidate	12	1	1	0	0																		
mcp1k	18255	1	320667	0	15.540	9.241	17	1279104	0	nu-candidate	14	1	1	1	0	2.034	157.4	12	-116.91008	-7.7602625	419.63968	0.9660211	-15.0	1.0	0.0	0.7	0.0	652.0009	247.48239	150.74199	96.740395	9	1.5888183
mcp1k	18255	1	320865	0	12.987	6.554	15	1176616	0	nu-candidate	11	1	1	1	0	0.868	189.2	10	43.3065	18.162441	75.15617	3.9488764	-15.0	1.0	0.0	0.7	0.0	770.93945	1.6665046	0.0	1.6665046	1	7.993994
mcp1k	18255	1	321107	0	12.863	6.860	13	1211204	0	nu-candidate	9	1	1	1	0	0.755	225.5	5	-132.11403	155.49799	36.205357	2.2988296	-15.0	1.0	0.0	0.7	0.0	668.74194	7.6587067	0.0	7.6587067	5	0.0
mcp1k	18255	1	321173	0	12.622	5.774	13	1162880	0	nu-candidate	14	1	2	1	0	0.614	149.0	8	172.3758	95.28483	409.668	1.4218944	-15.0	1.0	0.0	0.7	0.0	622.24963	0.0	0.0	0.0	0	8.993675
mcp1k	18255	1	321371	0	15.887	10.689	18	1261088	0	nu-candidate	13	1	1	1	0	0.950	302.1	7	39.08425	-106.875435	143.70865	1.0384791	-15.0	1.0	0.0	0.7	0.0	757.0454	803.5282	0.0	803.5282	8	3.4680943
mcp1k	18255	1	321525	0	6.021	1.326	8	424028	0	cosmic-tagged	14	1	1	0	0																		
mcp1k	18255	1	321767	0	14.533	9.653	16	1228476	0	nu-candidate	11	1	1	1	0	1.995	233.8	19	4.9989233	104.74144	224.54985	3.8110924	-15.0	1.0	0.0	0.7	0.0	1003.3127	365.98267	0.0	365.98267	3	256.20007
mcp1k	18255	1	321789	0	9.299	5.610	11	1243500	0	nu-candidate	12	1	1	1	0	1.791	31.5	2	98.03993	-151.51274	486.52026	-0.027171759	-15.0	1.0	1.0	0.7	0.0	210.41058	0.0	0.0	0.0	0	3.1173878
mcp1k	18255	1	345523	0	8.003	1.497	9	459764	0	no-bundle	13	0	1	0	0																		
mcp1k	18255	1	345633	0	16.068	13.346	17	1230224	0	nu-candidate	10	1	1	1	0	1.403	225.5	6	81.071434	-115.79904	187.57657	3.2233264	-15.0	1.0	0.0	0.7	0.0	1047.8168	1.570077	0.0	1.570077	1	9.114008
mcp1k	18255	1	345655	0	6.528	1.031	8	366444	0	nu-candidate	11	1	1	0	0																		
mcp1k	18255	1	346293	0	4.604	0.913	5	309936	0	cosmic-tagged	5	1	1	0	0																		
mcp1k	18255	1	346315	0	6.315	1.109	7	394700	0	cosmic-tagged	16	2	2	0	0																		
mcp1k	18255	1	346491	0	5.634	0.761	7	323352	0	no-beam-flash	6	0	0	0	0																		
mcp1k	18255	1	346623	0	10.807	5.187	12	1156540	0	nu-candidate	12	1	1	1	0	1.672	16.9	10	-182.4617	156.13333	346.86996	-2.0603058	-15.0	1.0	0.0	0.7	0.0	246.66675	2.4581652	0.0	2.4581652	4	10.720405
mcp1k	18255	1	347085	0	11.098	7.388	13	1225944	0	nu-candidate	14	1	1	1	0	0.912	59.6	27	-73.50432	173.42897	286.35684	1.7786535	-15.0	1.0	0.0	0.7	0.0	840.30774	1.677527	0.0	1.677527	1	23.608894
mcp1k	18255	1	347129	0	8.274	5.701	10	1155088	0	nu-candidate	9	1	1	1	0	1.766	13.3	14	-192.71193	-41.81087	187.48843	-1.8244827	-8.525083	1.0	0.0	0.7	0.0	516.6399	1.808616	0.0	1.808616	1	78.460594
mcp1k	18255	1	347371	0	5.151	1.470	7	382924	0	cosmic-tagged	12	1	1	0	0																		
mcp1k	18255	1	347833	0	5.209	1.096	6	392072	0	no-beam-flash	15	0	0	0	0																		
mcp1k	18255	1	348075	0	6.262	1.258	7	411604	0	cosmic-tagged	12	1	1	0	0																		
mcp1k	18255	1	348471	0	13.445	8.411	14	1224296	0	nu-candidate	11	1	1	1	0	0.833	100.9	18	-159.80315	40.38021	157.10634	3.3013194	-15.0	1.0	1.0	0.7	0.0	1044.9331	10.986466	0.0	10.986466	2	12.55096
mcp1k	18255	1	348515	0	11.681	5.839	12	1156584	0	nu-candidate	11	1	1	1	0	1.443	39.9	8	-57.133846	-84.43976	252.37265	-0.51192755	-15.0	1.0	0.0	0.7	0.0	415.0047	2.9360409	0.0	2.9360409	2	162.06403
mcp1k	18255	1	348691	0	24.879	19.728	26	1215132	0	nu-candidate	9	1	1	1	0	1.631	357.5	32	60.75951	-147.93254	176.90819	3.6986012	-15.0	1.0	0.0	0.7	0.0	1890.8057	263.5995	256.41946	7.180041	6	28.081854
mcp1k	18255	1	348713	0	11.727	6.310	12	1186964	0	nu-candidate	10	1	1	1	0	1.230	116.6	8	201.15747	88.20077	65.99598	-1.7969842	-15.0	1.0	1.0	0.7	0.0	396.47693	320.11285	320.11285	0.0	2	14.255607
mcp1k	18255	1	348845	0	10.481	6.300	11	1148288	0	nu-candidate	10	1	1	1	0	0.692	73.8	1	165.31601	70.51816	436.5195	2.2630804	-15.0	1.0	0.0	0.7	0.0	554.62964	0.0	0.0	0.0	0	0.0
mcp1k	18255	1	348889	0	6.412	1.641	7	477444	0	no-bundle	14	0	1	0	0																		
mcp1k	18255	1	349087	0	9.195	5.439	11	1191652	0	nu-candidate	17	1	1	1	0	0.854	34.8	2	-68.07504	-35.20654	265.76117	-2.7701788	-15.0	1.0	0.0	0.7	0.0	253.48718	0.0	0.0	0.0	0	0.0
mcp1k	18255	1	349241	0	7.838	6.057	10	1198528	0	nu-candidate	11	1	1	1	0	2.003	51.4	19	-118.505005	-146.51393	4.224628	2.40219	-15.0	1.0	0.0	0.7	0.0	475.54254	4.1864057	0.0	4.1864057	2	23.104458
mcp1k	18255	1	349373	0	5.187	0.881	7	349712	0	nu-candidate	12	1	1	0	0																		
mcp1k	18255	1	349461	0	8.503	7.026	9	1203320	0	nu-candidate	13	1	1	1	0	0.762	182.9	10	-141.36845	17.572174	207.56425	2.8812194	-15.0	1.0	0.0	0.7	0.0	840.3191	126.90366	0.0	126.90366	4	4.292921
mcp1k	18255	1	349527	0	6.876	1.291	7	442680	0	no-beam-flash	13	0	0	0	0																		
mcp1k	18255	1	349549	0	12.790	8.882	13	1155004	0	nu-candidate	10	1	1	1	0	0.891	100.2	36	1.2086053	-79.15686	110.583115	1.8740177	-6.144591	1.0	0.0	0.7	0.0	1171.1653	0.0	0.0	0.0	0	5.452424
mcp1k	18255	1	349835	0	10.349	6.212	11	1189812	0	nu-candidate	12	1	2	1	0	1.082	63.9	3	-86.587616	118.50008	222.64142	2.6360662	-15.0	1.0	0.0	0.7	0.0	496.37982	0.0	0.0	0.0	0	8.669311
mcp1k	18255	1	349879	0	11.571	7.489	12	1205220	0	nu-candidate	14	1	1	1	0	0.945	282.8	1	36.392963	-149.3904	255.6401	4.2455406	-15.0	1.0	0.0	0.7	0.0	1002.9141	1.4254456	0.0	1.4254456	1	0.0
mcp1k	18255	1	349945	0	15.486	10.493	17	1221844	0	nu-candidate	14	1	1	1	0	1.456	184.1	23	-153.04305	-99.52974	102.0697	4.335163	-12.305401	1.0	0.0	0.7	0.0	1047.2573	132.9417	0.0	132.9417	4	27.36628
mcp1k	18255	1	350099	0	10.203	5.909	12	1154944	0	nu-candidate	15	1	1	1	0	1.087	141.2	0	86.71421	-193.30865	499.72934	3.8929245	-15.0	1.0	1.0	0.7	0.0	473.48822	0.0	0.0	0.0	0	0.0
mcp1k	18255	1	350121	0	15.509	10.614	17	1197696	0	nu-candidate	7	1	1	1	0	0.746	186.0	21	-43.528732	-22.689413	335.40793	4.801154	-15.0	1.0	0.0	0.7	0.0	1202.7183	26.451555	0.0	26.451555	2	366.99997
mcp1k	18255	1	350297	0	11.636	8.210	14	1213688	0	nu-candidate	15	1	1	1	0	1.436	252.8	4	-120.00975	76.72211	219.0146	3.964206	-15.0	1.0	0.0	0.7	0.0	907.94904	0.0	0.0	0.0	0	5.904795
mcp1k	18255	1	350781	0	5.080	1.095	7	359484	0	cosmic-tagged	9	1	1	0	0																		
mcp1k	18255	1	350935	0	12.787	8.943	15	1193268	0	nu-candidate	10	1	1	1	0	1.907	153.6	7	-91.50267	-45.31465	29.597403	1.9405794	-15.0	1.0	0.0	0.7	0.0	752.0106	465.53207	0.0	465.53207	4	7.9031396
mcp1k	18255	1	351507	0	5.169	1.055	7	376484	0	cosmic-tagged	9	1	1	0	0																		
mcp1k	18255	1	351551	0	6.255	1.203	8	402848	0	cosmic-tagged	10	1	1	0	0																		
mcp1k	18255	1	351617	0	6.135	1.378	7	443364	0	cosmic-tagged	12	1	1	0	0																		
mcp1k	18255	1	351639	0	9.998	5.763	11	1227968	0	cosmic-tagged	9	1	1	1	0	1.331	19.1	5	0.0	0.0	0.0	-1.9416895	-15.0	1.0	0.0	0.7	0.0	0.0	0.0	0.0	0.0	0	0.0
mcp1k	18255	1	351705	0	9.960	5.342	12	1153544	0	nu-candidate	6	1	1	1	0	0.629	114.8	0	-132.50047	-24.722334	168.6922	1.6884625	-15.0	1.0	0.0	0.7	0.0	401.92578	0.0	0.0	0.0	0	0.0
mcp1k	18255	1	351749	0	10.147	5.849	12	1209272	0	nu-candidate	10	1	1	1	0	1.246	8.6	22	-132.18478	-8.05402	461.77676	-2.3128233	-15.0	1.0	0.0	0.7	0.0	149.28699	5.2920046	0.0	5.2920046	3	36.119804
mcp1k	18255	1	351815	0	5.092	1.361	7	448840	0	cosmic-tagged	15	1	1	0	0																		
mcp1k	18255	1	352123	0	11.609	6.342	13	1311436	0	nu-candidate	12	1	1	1	0	1.507	65.1	0	187.25609	-58.79403	412.15274	2.9800544	-15.0	1.0	0.0	0.7	0.0	498.26315	0.0	0.0	0.0	0	0.0
mcp1k	18255	1	352211	0	6.004	0.952	7	358476	0	no-beam-flash	7	0	0	0	0																		
mcp1k	18255	1	352233	0	11.288	6.371	12	1196452	0	nu-candidate	7	1	1	1	0	1.726	89.7	12	67.64514	90.951614	406.84424	1.6954972	-15.0	1.0	0.0	0.7	0.0	525.6122	0.0	0.0	0.0	0	65.6095
mcp1k	18255	1	352365	0	5.995	1.575	7	406260	0	no-bundle	8	0	1	0	0																		
mcp1k	18255	1	352915	0	5.985	1.154	7	388144	0	cosmic-tagged	14	1	1	0	0																		
mcp1k	18255	1	352937	0	7.482	1.224	8	418696	0	nu-candidate	17	1	1	0	0																		
mcp1k	18255	1	353179	0	6.294	1.023	8	363720	0	no-bundle	8	0	1	0	0																		
mcp1k	18255	1	353223	0	11.616	6.231	13	1226472	0	nu-candidate	11	1	1	1	0	1.072	62.4	2	-11.746329	-152.34734	480.62125	0.8455353	-15.0	1.0	0.0	0.7	0.0	489.58594	0.0	0.0	0.0	0	1.627073
mcp1k	18255	1	353487	0	7.683	1.790	9	413848	0	cosmic-tagged	10	1	1	0	0																		
mcp1k	18255	1	353729	0	13.228	7.043	15	1374484	0	cosmic-tagged	15	1	1	1	0	1.339	40.2	8	53.487747	70.60885	169.28497	-0.5400319	-15.0	1.0	0.0	0.7	0.0	246.14995	7.20851	0.0	7.20851	4	6.3495846
mcp1k	18255	1	353751	0	11.506	6.476	13	1149600	0	nu-candidate	11	1	1	1	0	1.004	159.8	2	49.92457	-62.460457	144.21707	4.634781	-15.0	1.0	0.0	0.7	0.0	700.18866	0.0	0.0	0.0	0	1.8051137
mcp1k	18255	1	386332	0	11.481	5.613	13	1194008	0	nu-candidate	10	1	1	1	0	1.845	33.6	8	-156.91794	-60.63095	419.59207	0.64894813	-15.0	1.0	0.0	0.7	0.0	313.31055	1.4458994	0.0	1.4458994	1	13.238247
mcp1k	18255	1	386354	0	7.230	0.836	8	327460	0	cosmic-tagged	4	1	1	0	0																		
mcp1k	18255	1	386442	0	11.142	6.118	12	1168752	0	nu-candidate	10	1	1	1	0	1.324	34.1	19	18.390669	-34.30461	92.66753	-0.40666375	-15.0	1.0	0.0	0.7	0.0	531.31915	2.8007529	0.0	2.8007529	2	28.543756
mcp1k	18255	1	386794	0	6.185	1.030	8	385892	0	cosmic-tagged	11	1	1	0	0																		
mcp1k	18255	1	386816	0	7.031	1.103	7	381952	0	cosmic-tagged	11	1	1	0	0																		
mcp1k	18255	1	386838	0	6.932	0.804	7	328068	0	cosmic-tagged	12	1	1	0	0																		
mcp1k	18255	1	386948	0	17.606	10.552	19	1246676	0	nu-candidate	10	1	1	1	0	0.858	42.8	29	-53.230247	150.8125	332.9326	-1.1214176	1.227634	1.0	0.0	0.7	0.0	1166.7042	0.6019554	0.0	0.6019554	1	399.31653
mcp1k	18255	1	387102	0	10.130	4.086	12	735544	0	cosmic-tagged	12	1	1	1	0	1.672	2.7	0	0.0	0.0	0.0	-1.9416895	-15.0	1.0	0.0	0.7	0.0	0.0	0.0	0.0	0.0	0	0.0
mcp1k	18255	1	387168	0	6.093	0.999	8	357256	0	cosmic-tagged	11	1	1	0	0																		
mcp1k	18255	1	387674	0	6.314	1.415	8	448452	0	no-bundle	14	0	1	0	0																		
mcp1k	18255	1	387696	0	5.130	0.935	7	342836	0	cosmic-tagged	8	1	1	0	0																		
mcp1k	18255	1	387850	0	11.497	6.888	13	1298284	0	nu-candidate	13	1	1	1	0	1.265	121.2	2	196.03627	199.91553	82.44815	-1.2366732	-15.0	1.0	1.0	0.7	0.0	592.7151	1.8635678	0.0	1.8635678	1	185.70343
mcp1k	18255	1	388026	0	11.057	8.114	12	1150632	0	nu-candidate	9	1	1	1	0	0.545	282.2	6	-130.04793	99.702225	118.78335	5.3016806	-15.0	1.0	0.0	0.7	0.0	988.24097	8.8993	0.0	8.8993	4	1.8722677
mcp1k	18255	1	388224	0	19.410	15.226	20	1364988	0	nu-candidate	14	1	2	1	0	1.429	198.5	6	-66.67318	-0.24244724	344.75522	4.169902	-15.0	1.0	0.0	0.7	0.0	1162.4983	2.1402755	0.0	2.1402755	1	135.13202
mcp1k	18255	1	388510	0	7.202	1.196	9	411988	0	cosmic-tagged	17	1	1	0	0																		
mcp1k	18255	1	388642	0	7.191	0.939	9	363692	0	no-beam-flash	10	0	0	0	0																		
mcp1k	18255	1	388752	0	7.036	0.777	9	325248	0	cosmic-tagged	11	1	1	0	0																		
mcp1k	18255	1	388884	0	6.912	1.145	7	389256	0	cosmic-tagged	11	1	1	0	0																		
mcp1k	18255	1	388972	0	6.796	0.850	7	359988	0	nu-candidate	11	1	1	0	0																		
mcp1k	18255	1	389214	0	7.022	1.137	8	411036	0	no-bundle	13	0	1	0	0																		
mcp1k	18255	1	389302	0	6.864	0.739	7	335588	0	nu-candidate	9	1	1	0	0																		
mcp1k	18255	1	389544	0	6.869	0.951	7	374360	0	cosmic-tagged	10	1	1	0	0																		
mcp1k	18255	1	389588	0	11.554	5.347	13	1206772	0	nu-candidate	13	1	1	1	0	0.526	6.1	12	-125.34043	143.16823	94.24095	-0.07189761	-15.0	1.0	0.0	0.7	0.0	132.34505	3.3700337	0.0	3.3700337	4	16.134016
mcp1k	18255	1	389830	0	6.318	0.745	8	321996	0	no-bundle	7	0	1	0	0																		
mcp1k	18255	1	389874	0	11.673	5.849	13	1209356	0	nu-candidate	14	1	1	1	0	1.212	16.8	1	31.750347	-26.297468	50.232464	-2.42644	-15.0	1.0	0.0	0.7	0.0	64.76995	0.0	0.0	0.0	0	0.0
mcp1k	18255	1	389962	0	7.623	1.122	9	395948	0	cosmic-tagged	10	1	1	0	0																		
mcp1k	18255	1	390006	0	6.288	1.328	7	428100	0	cosmic-tagged	7	1	1	0	0																		
mcp1k	18255	1	390028	0	6.195	1.083	7	412108	0	cosmic-tagged	13	1	1	0	0																		
mcp1k	18255	1	390182	0	11.311	8.794	12	1241852	0	nu-candidate	13	1	1	1	0	0.560	144.7	7	-186.14703	-50.34264	488.74564	2.1432984	-15.0	1.0	0.0	0.7	0.0	761.83435	297.18613	297.18613	0.0	1	9.044571
mcp1k	18255	1	390270	0	6.167	0.988	7	386320	0	no-bundle	17	0	1	0	0																		
mcp1k	18255	1	390534	0	7.340	1.019	9	375072	0	no-bundle	8	0	1	0	0																		
mcp1k	18255	1	390600	0	7.279	0.713	9	314892	0	no-bundle	11	0	1	0	0																		
mcp1k	18255	1	390644	0	7.272	0.786	9	331432	0	no-beam-flash	8	0	0	0	0																		
mcp1k	18255	1	390842	0	15.029	9.991	17	1249564	0	nu-candidate	12	1	1	1	0	0.566	417.7	1	-75.07716	-113.492905	10.237234	4.3898563	-15.0	1.0	0.0	0.7	0.0	1015.3446	147.51851	147.51851	0.0	2	1.4619116
mcp1k	18255	1	390864	0	12.331	7.161	14	1186856	0	nu-candidate	11	1	1	1	0	0.778	174.5	8	-147.31033	-130.53346	270.36963	0.4956944	-15.0	1.0	0.0	0.7	0.0	740.99286	1.3149563	0.0	1.3149563	1	241.55667
mcp1k	18255	1	390996	0	11.151	5.101	13	1140856	0	nu-candidate	9	1	1	1	0	0.741	2.9	13	172.59125	57.839725	95.2478	-2.528709	-15.0	1.0	0.0	0.7	0.0	11.701811	10.575469	0.0	10.575469	7	8.006382
mcp1k	18255	1	391172	0	7.220	0.579	9	304328	0	nu-candidate	5	1	1	0	0																		
mcp1k	18255	1	391238	0	12.098	4.887	13	1132956	0	nu-candidate	7	1	1	1	0	1.405	2.1	7	-195.64618	-107.49511	25.123074	-2.2123764	-15.0	1.0	0.0	0.7	0.0	109.47137	2.1063924	0.0	2.1063924	3	3.19294
mcp1k	18255	1	391260	0	11.095	6.350	13	1169092	0	nu-candidate	10	1	1	1	0	0.662	114.4	5	-49.065956	188.93326	126.54233	2.9217963	-15.0	1.0	0.0	0.7	0.0	566.0897	6.860902	0.0	6.860902	3	3.0664697
mcp1k	18255	1	391722	0	7.176	0.995	8	362516	0	nu-candidate	13	1	1	0	0																		
mcp1k	18255	1	391766	0	12.519	8.076	13	1229676	0	nu-candidate	12	1	1	1	0	0.977	275.6	3	122.90998	-25.606392	0.07219147	-4.384276	-15.0	1.0	1.0	-0.19967815	0.0	825.38184	105.022835	0.0	105.022835	2	0.0
mcp1k	18255	1	391826	0	6.988	0.682	7	316372	0	no-beam-flash	5	0	0	0	0																		
mcp1k	18255	1	391854	0	8.736	4.153	10	787344	0	nu-candidate	14	2	2	1	0	1.081	28.4	0	0.0	0.0	0.0	-1.9416895	-15.0	1.0	0.0	0.7	0.0	0.0	0.0	0.0	0.0	0	0.0
mcp1k	18255	1	392112	0	7.233	1.399	8	431256	0	cosmic-tagged	16	1	1	0	0																		
mcp1k	18255	1	392178	0	7.287	1.306	9	408468	0	no-beam-flash	7	0	0	0	0																		
mcp1k	18255	1	392184	0	5.734	1.099	6	376636	0	cosmic-tagged	14	1	1	0	0																		
mcp1k	18255	1	392200	0	5.886	1.478	6	455852	0	cosmic-tagged	16	1	1	0	0																		
mcp1k	18255	1	392272	0	6.222	1.581	7	472844	0	no-bundle	12	0	1	0	0																		
mcp1k	18255	1	392316	0	5.665	0.764	6	329152	0	nu-candidate	10	1	1	0	0																		
mcp1k	18255	1	392338	0	6.435	1.270	8	393492	0	cosmic-tagged	9	1	1	0	0																		
mcp1k	18255	1	392354	0	6.270	0.976	8	367448	0	nu-candidate	12	1	1	0	0																		
mcp1k	18255	1	392376	0	8.432	1.020	10	361196	0	cosmic-tagged	11	1	1	0	0																		
mcp1k	18255	1	392552	0	12.508	6.444	14	1161256	0	nu-candidate	13	1	1	1	0	1.572	237.3	8	20.872044	-39.191647	184.83124	2.541942	-15.0	1.0	0.0	0.7	0.0	682.6039	0.0	0.0	0.0	0	11.694217
mcp1k	18255	1	392558	0	7.399	0.882	9	357332	0	cosmic-tagged	9	1	1	0	0																		
mcp1k	18255	1	392684	0	8.422	0.855	10	345036	0	no-beam-flash	7	0	0	0	0																		
mcp1k	18255	1	392800	0	8.626	1.061	10	379416	0	no-beam-flash	13	0	0	0	0																		
mcp1k	18255	1	393042	0	13.510	8.520	14	1208984	0	nu-candidate	14	1	1	1	0	1.699	396.9	6	-4.132622	-151.27905	19.150581	3.7997386	-15.0	1.0	0.0	0.7	0.0	1114.0095	5.6631904	0.0	5.6631904	3	3.7145615
mcp1k	18255	1	393086	0	7.118	0.957	8	358684	0	no-bundle	13	0	1	0	0																		
mcp1k	18255	1	393124	0	8.388	1.147	10	388664	0	no-beam-flash	15	0	0	0	0																		
mcp1k	18255	1	393212	0	13.461	6.898	15	1230380	0	nu-candidate	12	1	1	1	0	2.026	31.8	28	33.256424	181.07353	203.62035	0.57976335	-15.0	1.0	0.0	0.7	0.0	654.86426	7.8370275	0.0	7.8370275	1	64.5657
mcp1k	18255	1	393256	0	8.441	1.119	10	380988	0	no-bundle	8	0	1	0	0																		
mcp1k	18255	1	393322	0	8.322	0.880	10	345356	0	cosmic-tagged	10	1	1	0	0																		
mcp1k	18255	1	393410	0	7.186	0.982	8	357248	0	cosmic-tagged	7	1	1	0	0																		
mcp1k	18255	1	393542	0	8.414	1.106	10	379892	0	cosmic-tagged	15	1	1	0	0																		
mcp1k	18255	1	393608	0	9.706	5.214	11	1123580	0	nu-candidate	10	1	1	1	0	1.449	48.1	1	101.73417	88.66182	455.69595	1.9598144	-15.0	1.0	0.0	0.7	0.0	250.18765	0.0	0.0	0.0	0	0.82562053
mcp1k	18255	1	394268	0	7.494	1.280	9	399560	0	no-beam-flash	11	0	0	0	0																		
mcp1k	18255	1	394488	0	4.940	0.799	6	335716	0	cosmic-tagged	9	1	1	0	0																		
mcp1k	18255	1	394532	0	9.576	5.810	10	1199784	0	nu-candidate	11	1	1	1	0	1.452	10.9	13	199.98647	-186.85857	22.103952	-1.5144852	-15.0	1.0	1.0	0.7	0.0	190.79727	0.0	0.0	0.0	0	58.397926
mcp1k	18255	1	394642	0	15.807	10.685	18	1230752	0	nu-candidate	10	1	1	1	0	1.476	305.6	3	19.253439	121.56094	1.7551491	-3.0900097	-15.0	1.0	1.0	0.2363773	0.0	873.52563	9.859915	0.0	9.859915	1	11.84186
mcp1k	18255	1	394796	0	10.877	7.388	11	1259416	0	nu-candidate	11	1	1	1	0	1.139	159.5	9	36.807465	138.03052	252.36897	2.2354922	-15.0	1.0	0.0	0.7	0.0	848.6499	1.3936996	0.0	1.3936996	1	6.329826
mcp1k	18255	1	394906	0	5.809	1.072	6	385200	0	cosmic-tagged	14	1	1	0	0																		
mcp1k	18255	1	395060	0	6.012	1.647	6	485208	0	cosmic-tagged	15	1	1	0	0																		
mcp1k	18255	1	395148	0	14.812	10.134	16	1180384	0	cosmic-tagged	7	1	1	1	0	1.533	196.8	13	-154.22182	-62.960796	182.56511	3.0321214	-15.0	1.0	0.0	0.7	0.0	1015.5744	214.42903	201.10553	13.323511	5	10.075291
mcp1k	18255	1	395258	0	5.926	0.829	7	344460	0	no-beam-flash	8	0	0	0	0																		
mcp1k	18255	1	395390	0	8.579	4.893	10	1145712	0	nu-candidate	8	1	1	1	0	1.376	3.1	4	99.2592	98.743866	375.88654	-1.6400717	-15.0	1.0	0.0	0.7	0.0	82.93074	1.2199961	0.0	1.2199961	1	4.7049627
mcp1k	18255	1	395610	0	13.577	8.142	15	1287252	0	nu-candidate	15	1	1	1	0	1.276	199.3	6	8.338095	101.072586	184.10736	2.475853	-15.0	1.0	0.0	0.7	0.0	760.98694	371.4036	0.0	371.4036	6	4.3151402
mcp1k	18255	1	395654	0	11.108	6.821	13	1205408	0	nu-candidate	14	1	1	1	0	1.818	197.4	1	20.869799	152.70615	136.23436	3.484549	-15.0	1.0	0.0	0.7	0.0	638.4211	0.0	0.0	0.0	0	0.0
mcp1k	18255	1	395720	0	5.933	1.315	7	395080	0	cosmic-tagged	13	1	1	0	0																		
mcp1k	18255	1	395764	0	5.907	1.036	7	365900	0	cosmic-tagged	8	1	1	0	0																		
mcp1k	18255	1	395852	0	5.914	1.059	7	374444	0	no-beam-flash	9	0	0	0	0																		
mcp1k	18255	1	395962	0	10.987	6.126	13	1184140	0	nu-candidate	10	1	1	1	0	0.571	40.8	16	-35.176155	29.02673	225.30827	1.6669936	-15.0	1.0	0.0	0.7	0.0	650.6863	2.3286216	0.0	2.3286216	2	15.14482
mcp1k	18255	1	396776	0	4.881	0.754	6	316912	0	cosmic-tagged	8	1	1	0	0																		
mcp1k	18255	1	397194	0	6.069	1.395	8	388564	0	cosmic-tagged	8	1	1	0	0																		
mcp1k	18255	1	397238	0	6.180	1.302	8	413348	0	nu-candidate	13	1	1	0	0																		
mcp1k	18255	1	397392	0	3.791	1.602	5	387788	0	cosmic-tagged	11	1	1	0	0																		
mcp1k	18255	1	397480	0	7.545	5.225	9	1183132	0	nu-candidate	15	1	1	1	0	1.981	2.7	5	-168.17911	25.158531	256.35822	-1.9396536	-15.0	1.0	1.0	0.7	0.0	122.655464	0.0	0.0	0.0	0	14.670663
mcp1k	18255	1	397568	0	5.723	1.380	6	465216	0	cosmic-tagged	12	1	1	0	0																		
mcp1k	18255	1	397722	0	11.068	6.483	12	1288840	0	nu-candidate	14	1	1	1	0	1.644	69.0	2	143.78487	-97.318245	86.28306	3.1015844	-15.0	1.0	0.0	0.7	0.0	372.19467	0.4005753	0.0	0.4005753	1	1.9077384
mcp1k	18255	1	397920	0	13.359	8.048	14	1219208	0	nu-candidate	7	1	1	1	0	1.975	274.4	4	40.438534	9.615257	270.89426	3.6553938	-15.0	1.0	0.0	0.7	0.0	836.7927	0.7659893	0.0	0.7659893	1	19.761606
mcp1k	18255	1	398084	0	10.797	5.508	11	1161888	0	nu-candidate	12	1	1	1	0	0.998	5.0	9	48.657345	193.50853	427.29782	-2.609383	-15.0	1.0	0.0	0.7	0.0	63.27189	8.278468	0.0	8.278468	2	51.33343
mcp1k	18255	1	398238	0	9.775	3.886	10	778044	0	cosmic-tagged	13	1	1	1	0	1.120	7.9	0	0.0	0.0	0.0	-1.9416895	-15.0	1.0	0.0	0.7	0.0	0.0	0.0	0.0	0.0	0	0.0
mcp1k	18255	1	398260	0	11.125	7.201	13	1219772	0	nu-candidate	9	1	1	1	0	1.295	170.0	6	-105.775925	-10.757307	423.51187	3.7861216	-15.0	1.0	0.0	0.7	0.0	790.7879	0.0	0.0	0.0	0	5.434585
mcp1k	18255	1	398414	0	9.957	6.037	12	1280040	0	nu-candidate	14	1	1	1	0	1.531	17.3	1	33.289574	-183.30031	342.09784	-0.6257929	-15.0	1.0	0.0	0.7	0.0	60.763214	2.0671947	0.0	2.0671947	1	0.0
mcp1k	18255	1	398436	0	9.785	5.117	11	1172456	0	nu-candidate	11	2	2	1	0	1.134	1.6	4	175.2265	138.62093	146.75388	-2.896902	-15.0	1.0	0.0	0.7	0.0	109.17889	0.0	0.0	0.0	0	2.9474392
mcp1k	18255	1	398480	0	4.895	1.036	6	381796	0	no-beam-flash	14	0	0	0	0																		
mcp1k	18255	1	398514	0	8.702	5.369	10	1180288	0	nu-candidate	15	2	2	1	0	0.895	2.0	5	165.90173	-83.85442	472.45358	-2.642193	-15.0	1.0	0.0	0.7	0.0	12.143145	5.5128374	0.0	5.5128374	2	1.4495422
mcp1k	18255	1	398656	0	4.935	0.888	6	359880	0	no-beam-flash	12	0	0	0	0																		
mcp1k	18255	1	398690	0	14.810	9.828	17	1250912	0	cosmic-tagged	9	1	1	1	0	2.057	254.8	18	58.714607	-197.82838	121.77734	-3.8416653	-15.0	1.0	1.0	0.7	0.0	816.878	13.437293	0.0	13.437293	1	69.39787
mcp1k	18255	1	398722	0	7.140	1.149	8	404568	0	cosmic-tagged	9	1	1	0	0																		
mcp1k	18255	1	398810	0	7.006	0.844	8	334884	0	nu-candidate	10	1	1	0	0																		
mcp1k	18255	1	398932	0	7.127	0.995	8	360208	0	no-bundle	10	0	1	0	0																		
mcp1k	18255	1	399042	0	7.143	1.189	8	392456	0	cosmic-tagged	11	1	1	0	0																		
mcp1k	18255	1	399052	0	13.450	9.749	15	1191808	0	nu-candidate	11	1	1	1	0	1.469	48.5	12	-124.59858	-87.13051	460.639	0.06641914	-3.4724193	1.0	0.0	0.7	0.0	585.00665	343.0654	0.0	343.0654	1	6.894578
mcp1k	18255	1	399118	0	10.840	7.153	11	1202940	0	nu-candidate	8	1	1	1	0	1.028	149.4	16	-0.7008568	64.188324	286.95624	1.8821474	-15.0	1.0	0.0	0.7	0.0	762.5426	476.67627	0.0	476.67627	1	133.5808
mcp1k	18255	1	399240	0	5.972	0.856	7	339760	0	no-bundle	11	0	1	0	0																		
mcp1k	18255	1	399284	0	7.149	1.615	8	428388	0	cosmic-tagged	8	1	1	0	0																		
mcp1k	18255	1	399328	0	8.572	5.592	10	1194876	0	nu-candidate	14	1	1	1	0	1.858	14.2	1	10.565982	-122.04286	63.643326	-1.8230263	-15.0	1.0	0.0	0.7	0.0	251.09528	0.0	0.0	0.0	0	0.83810467
mcp1k	18255	1	399382	0	6.074	1.260	8	411240	0	nu-candidate	9	2	2	0	0																		
mcp1k	18255	1	399426	0	8.779	1.195	10	412888	0	nu-candidate	15	1	1	0	0																		
mcp1k	18255	1	399702	0	18.130	9.810	20	1504732	0	nu-candidate	16	1	1	1	0	1.421	210.7	0	10.680801	152.95789	269.0597	2.6344056	-15.0	1.0	1.0	0.7	0.0	734.94415	0.0	0.0	0.0	0	0.0
mcp1k	18255	1	399856	0	12.433	5.417	13	1158648	0	nu-candidate	10	1	1	1	0	1.559	62.9	1	-134.557	118.297646	164.62178	1.3947734	-15.0	1.0	0.0	0.7	0.0	283.47812	0.0	0.0	0.0	0	1.0425857
mcp1k	18255	1	399910	0	8.645	1.003	9	370752	0	no-beam-flash	13	0	0	0	0																		
mcp1k	18255	1	399998	0	13.599	5.956	14	1194060	0	nu-candidate	16	1	1	1	0	1.206	40.9	3	-117.57802	129.65096	435.52005	0.98430204	-15.0	1.0	0.0	0.7	0.0	517.9152	1.936936	0.0	1.936936	1	2.6732376
mcp1k	18255	1	400054	0	13.576	5.783	14	1192168	0	nu-candidate	13	1	1	1	0	1.389	6.8	6	-163.66107	-98.04891	245.93169	-1.1078095	-15.0	1.0	0.0	0.7	0.0	100.26694	0.43732473	0.0	0.43732473	1	11.521392
mcp1k	18255	1	400174	0	8.564	0.958	9	348204	0	nu-candidate	10	2	2	0	0																		
mcp1k	18255	1	400262	0	7.103	0.830	8	335156	0	nu-candidate	10	1	1	0	0																		
mcp1k	18255	1	400274	0	9.889	4.405	10	768760	0	cosmic-tagged	9	1	1	1	0	1.908	2.3	0	0.0	0.0	0.0	-1.9416895	-15.0	1.0	0.0	0.7	0.0	0.0	0.0	0.0	0.0	0	0.0
mcp1k	18255	1	400460	0	11.309	7.465	13	1212936	0	nu-candidate	12	1	1	1	0	1.893	164.2	4	123.327805	-63.111904	163.69435	2.30172	-15.0	1.0	0.0	0.7	0.0	545.85187	1.3746202	0.0	1.3746202	1	3.5167468
mcp1k	18255	1	400504	0	10.232	7.168	12	1265984	0	nu-candidate	8	1	1	1	0	0.994	54.6	6	49.73442	61.247524	457.28787	2.059221	-15.0	1.0	0.0	0.7	0.0	470.7276	0.7900171	0.0	0.7900171	1	0.0
mcp1k	18255	1	400592	0	10.840	8.128	13	1297244	0	nu-candidate	12	1	1	1	0	1.365	236.6	1	117.079796	-47.490936	256.687	5.019187	-15.0	1.0	0.0	0.7	0.0	804.6976	0.0	0.0	0.0	0	1.0266715
mcp1k	18255	1	400636	0	11.209	9.379	12	1257908	0	nu-candidate	15	2	2	1	0	2.046	112.9	1	58.028046	32.68556	133.49626	4.5996337	-15.0	1.0	0.0	0.7	0.0	734.8233	50.73079	43.680634	7.0501556	3	3.724001
mcp1k	18255	1	400724	0	8.763	3.191	10	486676	0	cosmic-tagged	9	1	1	0	0																		
mcp1k	18255	1	400768	0	7.461	1.335	9	428236	0	cosmic-tagged	8	1	1	0	0																		
mcp1k	18255	1	400856	0	11.376	5.919	13	1124680	0	nu-candidate	12	1	1	1	0	1.276	93.5	2	-101.32082	-93.028946	409.43176	4.2444735	-15.0	1.0	1.0	0.7	0.0	348.46393	1.6625559	0.0	1.6625559	1	1.4683697
mcp1k	18255	1	400900	0	7.410	0.967	9	368392	0	no-bundle	7	0	1	0	0																		
mcp1k	18255	1	400922	0	7.061	0.839	8	344584	0	cosmic-tagged	11	1	1	0	0																		
mcp1k	18255	1	401054	0	11.052	5.226	12	1140972	0	nu-candidate	10	1	1	1	0	0.949	8.2	6	-95.18893	88.32662	143.9071	-1.416009	-15.0	1.0	0.0	0.7	0.0	319.8272	1.596836	0.0	1.596836	1	7.933619
mcp1k	18255	1	401208	0	7.282	1.395	8	448112	0	no-bundle	10	0	1	0	0																		
mcp1k	18255	1	401252	0	13.574	6.996	15	1205352	0	cosmic-tagged	10	1	1	1	0	1.997	75.6	16	75.46924	140.05212	477.47626	3.1430554	-15.0	1.0	0.0	0.7	0.0	605.8838	0.0	0.0	0.0	0	18.000662
mcp1k	18255	1	401450	0	26.122	21.723	28	1358476	0	cosmic-tagged	15	1	1	1	0	1.901	80.4	38	-140.0321	97.35589	6.2245274	-0.30221918	-3.4105117	1.0	0.0	0.55627775	0.0	1361.0393	35.34048	0.0	35.34048	5	8.192214
mcp1k	18255	1	401516	0	11.107	7.486	13	1206276	0	nu-candidate	12	1	1	1	0	0.712	180.5	3	57.117653	149.87402	418.33246	2.340907	-15.0	1.0	0.0	0.7	0.0	736.91003	0.0	0.0	0.0	0	4.337244
mcp1k	18255	1	401626	0	8.761	6.025	10	1122276	0	nu-candidate	9	1	1	1	0	1.179	103.4	9	-142.19177	-165.03787	375.12326	2.349411	-15.0	1.0	0.0	0.7	0.0	510.55377	2.750861	0.0	2.750861	2	0.0
mcp1k	18255	1	401758	0	8.397	0.874	10	348044	0	cosmic-tagged	10	1	1	0	0																		
mcp1k	18255	1	401780	0	10.371	6.062	11	1191696	0	nu-candidate	10	1	1	1	0	1.498	150.9	2	-187.96655	-89.85389	131.4774	0.57263976	-15.0	1.0	1.0	0.7	0.0	530.9467	0.18873225	0.0	0.18873225	1	0.38165405
mcp1k	18255	1	401824	0	8.332	1.462	9	487244	0	cosmic-tagged	12	1	1	0	0																		
mcp1k	18255	1	401846	0	8.232	1.126	9	358836	0	cosmic-tagged	8	1	1	0	0																		
mcp1k	18255	1	401912	0	8.279	1.169	9	404988	0	nu-candidate	14	1	1	0	0																		
mcp1k	18255	1	401934	0	8.090	0.881	9	354276	0	nu-candidate	13	1	1	0	0																		
mcp1k	18255	1	402330	0	12.731	5.717	14	1145912	0	nu-candidate	9	1	1	1	0	1.472	34.4	2	-67.608734	-173.51033	78.12536	2.8329527	-15.0	1.0	0.0	0.7	0.0	312.14957	0.0	0.0	0.0	0	3.5883093
mcp1k	18255	1	402484	0	6.303	1.294	8	415972	0	cosmic-tagged	10	1	1	0	0																		
mcp1k	18255	1	402506	0	11.527	5.389	13	1175188	0	nu-candidate	9	1	1	1	0	0.831	2.3	6	-10.379487	-160.81262	412.40323	-2.9216347	-15.0	1.0	0.0	0.7	0.0	15.419161	2.3218572	0.0	2.3218572	2	3.5686255
mcp1k	18255	1	402528	0	6.061	0.643	7	308644	0	nu-candidate	12	1	1	0	0																		
mcp1k	18255	1	402880	0	11.495	5.602	13	1147052	0	nu-candidate	9	1	1	1	0	1.192	70.0	17	167.6439	36.701927	68.73383	-0.91729546	-15.0	1.0	0.0	0.7	0.0	313.5152	6.0734973	0.0	6.0734973	5	13.584437
mcp1k	18255	1	402902	0	5.511	1.381	7	413416	0	no-beam-flash	13	0	0	0	0																		
mcp1k	18255	1	402968	0	5.320	1.377	7	450900	0	nu-candidate	16	2	2	0	0																		
mcp1k	18255	1	403518	0	6.303	1.300	7	437604	0	no-beam-flash	11	0	0	0	0																		
mcp1k	18255	1	403716	0	8.957	1.033	10	366972	0	no-beam-flash	8	0	0	0	0																		
mcp1k	18255	1	403958	0	10.093	1.181	11	394908	0	cosmic-tagged	10	1	1	0	0																		
mcp1k	18255	1	404244	0	14.005	7.473	15	1213192	0	nu-candidate	14	1	1	1	0	1.484	107.1	18	29.57346	75.23003	300.60864	0.6512709	-15.0	1.0	1.0	0.7	0.0	620.0401	2.2538543	0.0	2.2538543	1	82.8727
mcp1k	18255	1	404464	0	9.880	1.151	10	383096	0	no-bundle	10	0	1	0	0																		
mcp1k	18255	1	404684	0	11.214	5.429	12	1147864	0	nu-candidate	8	1	1	1	0	1.595	77.9	0	-4.904161	155.07741	332.24646	0.58662564	-15.0	1.0	0.0	0.7	0.0	659.63617	0.0	0.0	0.0	0	0.0
mcp1k	18255	1	404772	0	9.804	1.096	10	388540	0	no-beam-flash	12	0	0	0	0																		
mcp1k	18255	1	404816	0	9.896	1.378	10	433388	0	cosmic-tagged	12	1	1	0	0																		
mcp1k	18255	1	404860	0	9.840	1.344	10	408228	0	cosmic-tagged	14	1	1	0	0																		
mcp1k	18255	1	405190	0	7.559	0.879	9	343768	0	nu-candidate	12	1	1	0	0																		
mcp1k	18255	1	405212	0	7.555	0.897	9	333348	0	no-beam-flash	12	0	0	0	0																		
mcp1k	18255	1	405234	0	10.478	5.955	12	1212784	0	nu-candidate	13	1	1	1	0	1.563	34.6	5	-13.279492	164.9014	475.6456	0.15690488	-15.0	1.0	0.0	0.7	0.0	308.8455	0.0	0.0	0.0	0	10.966698
mcp1k	18255	1	405432	0	11.879	7.417	13	1367268	0	nu-candidate	15	1	1	1	0	1.570	93.6	6	162.19322	112.37956	46.0562	3.587312	-15.0	1.0	0.0	0.7	0.0	569.89154	0.0	0.0	0.0	0	7.9459586
mcp1k	18255	1	405454	0	10.434	5.258	12	1175416	0	nu-candidate	9	1	1	1	0	1.281	1.6	2	189.23582	-127.870056	429.37894	-2.656296	-15.0	1.0	0.0	0.7	0.0	107.05096	0.0	0.0	0.0	0	0.714147
mcp1k	18255	1	405586	0	7.703	1.162	8	403472	0	no-beam-flash	11	0	0	0	0																		
mcp1k	18255	1	405674	0	11.460	8.263	12	1289640	0	nu-candidate	14	1	1	1	0	1.101	173.2	1	27.913233	-181.19102	296.49982	4.985956	-15.0	1.0	0.0	0.7	0.0	645.9612	0.0	0.0	0.0	0	1.2350036
mcp1k	18255	1	405740	0	7.687	5.241	9	1164328	0	nu-candidate	11	1	1	1	0	0.639	23.0	4	-21.97708	59.445305	476.32608	0.07541458	-15.0	1.0	0.0	0.7	0.0	199.37283	1.3712416	0.0	1.3712416	1	2.376964
mcp1k	18255	1	405938	0	7.244	1.298	8	417708	0	cosmic-tagged	14	1	1	0	0																		
mcp1k	18255	1	406444	0	11.248	5.357	12	1194876	0	nu-candidate	10	1	1	1	0	1.970	1.9	0	156.72993	107.23398	135.72174	-3.4698083	-15.0	1.0	0.0	0.7	0.0	11.303652	0.0	0.0	0.0	0	0.0
mcp1k	18255	1	406642	0	8.866	5.195	10	1130620	0	nu-candidate	10	1	1	1	0	1.359	1.6	0	108.63878	50.426277	174.08	-1.9297769	-15.0	1.0	1.0	0.7	0.0	107.300446	0.0	0.0	0.0	0	0.0
mcp1k	18255	1	406752	0	11.551	6.433	12	1283724	0	nu-candidate	15	1	1	1	0	0.987	32.8	2	-160.68668	176.47614	335.96204	-0.4952702	-3.1477206	1.0	0.0	0.7	0.0	125.672935	0.0	0.0	0.0	0	0.0
mcp1k	18255	1	406796	0	11.386	6.059	12	1170936	0	nu-candidate	9	1	1	1	0	0.699	92.3	12	-52.07235	-155.90372	87.522964	2.690612	-15.0	1.0	0.0	0.7	0.0	720.0679	1.4280038	0.0	1.4280038	1	21.070593
mcp1k	18255	1	407148	0	12.750	8.366	13	1167892	0	nu-candidate	9	1	1	1	0	1.967	178.3	4	140.68016	101.41652	103.44898	3.9693632	-15.0	1.0	0.0	0.7	0.0	894.0135	0.68047696	0.0	0.68047696	1	6.507367
mcp1k	18255	1	407170	0	46.386	40.126	47	781200	0	cosmic-tagged	12	1	1	1	0	1.572	1.6	0	0.0	0.0	0.0	-1.9416895	-15.0	1.0	0.0	0.7	0.0	0.0	0.0	0.0	0.0	0	0.0
mcp1k	18255	1	407258	0	4.884	0.947	6	360388	0	no-bundle	8	0	1	0	0																		
mcp1k	18255	1	407280	0	15.312	11.334	17	1215776	0	nu-candidate	14	1	1	1	0	1.135	345.3	4	-93.548874	-157.64885	51.482197	0.47946554	-15.0	1.0	0.0	0.7	0.0	1267.7721	0.0	0.0	0.0	0	2.5957713
mcp1k	18255	1	407918	0	10.515	7.224	12	1192136	0	nu-candidate	9	1	1	1	0	0.761	90.4	15	-104.97828	-115.00096	138.11087	2.3542166	-15.0	1.0	1.0	0.7	0.0	569.7439	44.250645	41.18223	3.068413	3	17.556894
mcp1k	18255	1	408028	0	7.785	5.772	9	1128504	0	cosmic-tagged	7	1	1	1	0	0.807	47.8	3	-5.7843776	124.78098	466.16418	1.1802822	-15.0	1.0	0.0	0.7	0.0	444.59402	1.0476226	0.0	1.0476226	1	2.6817617
mcp1k	18255	1	408094	0	7.862	3.402	9	729312	0	cosmic-tagged	11	1	1	1	0	1.912	1.4	0	0.0	0.0	0.0	-1.9416895	-15.0	1.0	0.0	0.7	0.0	0.0	0.0	0.0	0.0	0	0.0
mcp1k	18255	1	408534	0	10.249	6.734	12	1200568	0	nu-candidate	9	1	1	1	0	1.194	86.7	4	201.40298	31.87069	254.76064	-2.3782809	-15.0	1.0	1.0	0.7	0.0	591.14526	300.98563	0.0	300.98563	4	262.04742
mcp1k	18255	1	408556	0	4.777	0.920	5	347740	0	no-beam-flash	11	0	0	0	0																		
mcp1k	18255	1	408776	0	6.175	1.406	7	404020	0	cosmic-tagged	13	1	1	0	0																		
mcp1k	18255	1	409084	0	6.040	0.973	7	342444	0	cosmic-tagged	11	1	1	0	0																		
mcp1k	18255	1	409282	0	8.473	3.850	9	704064	0	cosmic-tagged	6	1	1	1	0	0.646	0.8	0	0.0	0.0	0.0	-1.9416895	-15.0	1.0	0.0	0.7	0.0	0.0	0.0	0.0	0.0	0	0.0
mcp1k	18255	1	409458	0	6.067	1.122	7	383976	0	cosmic-tagged	9	1	1	0	0																		
mcp1k	18255	1	409480	0	5.065	1.060	7	382048	0	no-beam-flash	13	0	0	0	0																		
mcp1k	18255	1	409546	0	10.910	5.266	12	1155820	0	nu-candidate	5	1	1	1	0	0.936	16.5	8	-189.01302	35.307697	485.7378	-1.0783886	-15.0	1.0	0.0	0.7	0.0	301.23502	15.232381	0.0	15.232381	7	0.0
mcp1k	18255	1	409590	0	7.085	1.289	8	416300	0	no-beam-flash	12	0	0	0	0																		
mcp1k	18255	1	409634	0	12.332	7.028	13	1269608	0	nu-candidate	14	1	1	1	0	1.081	15.6	0	-1.1164902	184.62213	198.52269	-0.4806678	-15.0	1.0	0.0	0.7	0.0	405.90924	0.0	0.0	0.0	0	38.97812
mcp1k	18255	1	409920	0	10.783	5.140	11	1182136	0	nu-candidate	15	2	2	1	0	0.930	8.8	10	-43.819145	-21.973759	227.72891	-2.0398958	-15.0	1.0	0.0	0.7	0.0	123.54508	0.0	0.0	0.0	0	10.919612
mcp1k	18255	1	409942	0	9.899	6.589	12	1216328	0	nu-candidate	12	1	1	1	0	1.961	47.0	7	105.47014	3.6563134	1.387804	-2.543032	-15.0	1.0	1.0	0.49554598	0.0	874.5259	1.7871425	0.0	1.7871425	2	21.39817
mcp1k	18255	1	409964	0	10.034	7.476	12	1169076	0	nu-candidate	11	1	1	1	0	0.648	194.8	12	98.48665	-136.0363	180.2433	4.4623485	-15.0	1.0	0.0	0.7	0.0	854.1588	46.609943	13.066223	33.54372	4	10.44537
mcp1k	18255	1	410008	0	12.597	7.574	14	1196552	0	nu-candidate	13	1	1	1	0	0.748	25.6	20	-167.42426	-48.600544	455.5318	1.4835479	-15.0	1.0	0.0	0.7	0.0	440.2355	189.86267	0.0	189.86267	16	99.60788
mcp1k	18255	1	410426	0	6.018	1.135	8	358220	0	cosmic-tagged	12	1	1	0	0																		
mcp1k	18255	1	410558	0	6.190	1.390	8	412520	0	cosmic-tagged	11	1	1	0	0																		
mcp1k	18255	1	411152	0	5.969	0.924	8	336744	0	nu-candidate	9	1	1	0	0																		
mcp1k	18255	1	411262	0	6.172	1.126	8	390924	0	no-beam-flash	14	0	0	0	0																		
mcp1k	18255	1	411306	0	4.827	0.773	6	312080	0	cosmic-tagged	8	1	1	0	0																		
mcp1k	18255	1	411460	0	10.245	5.482	12	1172892	0	nu-candidate	11	1	1	1	0	1.608	15.6	6	-28.026772	195.98386	368.4435	-0.1552964	-15.0	1.0	0.0	0.7	0.0	361.6423	0.64626545	0.0	0.64626545	1	4.087026
mcp1k	18255	1	411790	0	4.713	0.916	6	369624	0	cosmic-tagged	11	1	1	0	0																		
mcp1k	18255	1	411834	0	4.932	1.269	7	403524	0	no-beam-flash	11	0	0	0	0																		
mcp1k	18255	1	412208	0	11.302	5.920	12	1186160	0	nu-candidate	11	1	1	1	0	0.662	81.9	4	-172.82527	-7.5050645	151.43895	0.076440684	-15.0	1.0	0.0	0.7	0.0	386.0058	0.0	0.0	0.0	0	6.209878
mcp1k	18255	1	412626	0	7.690	1.416	8	455628	0	no-beam-flash	12	0	0	0	0																		
mcp1k	18255	1	412692	0	7.190	0.938	8	336948	0	cosmic-tagged	8	1	1	0	0																		
mcp1k	18255	1	412846	0	7.281	0.736	8	330384	0	cosmic-tagged	8	1	1	0	0																		
mcp1k	18255	1	486049	0	7.419	1.276	8	375984	0	cosmic-tagged	10	1	1	0	0																		
mcp1k	18255	1	486093	0	7.572	1.411	8	414592	0	cosmic-tagged	12	1	1	0	0																		
mcp1k	18255	1	486225	0	7.246	0.661	8	318140	0	no-bundle	7	0	1	0	0																		
mcp1k	18255	1	486247	0	10.800	5.610	11	1112912	0	nu-candidate	7	1	1	1	0	1.296	50.2	7	-3.0789914	-20.157797	385.177	1.5361911	-15.0	1.0	1.0	0.7	0.0	360.03467	8.448337	5.714013	2.734323	3	113.50579
mcp1k	18255	1	486511	0	8.740	1.036	10	378860	0	no-beam-flash	12	0	0	0	0																		
mcp1k	18255	1	486577	0	8.694	1.102	10	383848	0	no-bundle	12	0	1	0	0																		
mcp1k	18255	1	486621	0	6.297	1.364	8	421944	0	cosmic-tagged	12	1	1	0	0																		
mcp1k	18255	1	486687	0	18.094	10.792	20	1293972	0	nu-candidate	14	1	1	1	0	1.913	274.1	31	-135.6222	149.97324	148.90656	4.3137217	-15.0	1.0	0.0	0.7	0.0	1113.4775	20.642305	0.0	20.642305	3	9.612001
mcp1k	18255	1	486753	0	8.399	1.999	9	421116	0	cosmic-tagged	10	1	1	0	0																		
mcp1k	18255	1	486907	0	11.565	7.943	13	1261952	0	cosmic-tagged	12	1	1	1	0	0.992	28.9	31	13.550965	161.00844	314.00262	1.298914	-15.0	1.0	0.0	0.7	0.0	1029.3451	6.735977	0.0	6.735977	3	246.94562
mcp1k	18255	1	487237	0	4.877	1.002	6	354868	0	cosmic-tagged	10	1	1	0	0																		
mcp1k	18255	1	487259	0	7.326	1.241	8	404800	0	no-beam-flash	12	0	0	0	0																		
mcp1k	18255	1	487303	0	12.598	6.807	13	1202948	0	nu-candidate	12	2	2	1	0	1.200	21.7	11	132.04301	72.36206	375.88437	4.226399	-15.0	1.0	0.0	0.7	0.0	502.15768	0.0	0.0	0.0	0	5.5225034
mcp1k	18255	1	487545	0	7.124	1.132	8	344644	0	cosmic-tagged	10	1	1	0	0																		
mcp1k	18255	1	487633	0	7.201	1.288	8	369760	0	cosmic-tagged	12	1	1	0	0																		
mcp1k	18255	1	487853	0	11.413	5.659	12	1176068	0	nu-candidate	11	1	1	1	0	0.582	23.5	12	9.693034	113.00523	154.00745	-0.7663692	-15.0	1.0	1.0	0.7	0.0	411.39114	2.976946	0.0	2.976946	2	185.70132
mcp1k	18255	1	488139	0	12.625	6.954	13	1217512	0	nu-candidate	14	1	1	1	0	0.806	139.8	1	-45.514137	-41.805347	427.56384	3.7087374	-15.0	1.0	0.0	0.7	0.0	540.5475	32.666294	0.0	32.666294	1	0.0
mcp1k	18255	1	488689	0	7.248	0.993	8	373232	0	no-beam-flash	13	0	0	0	0																		
mcp1k	18255	1	488755	0	9.338	6.005	11	1246452	0	nu-candidate	11	1	1	1	0	1.357	39.4	7	154.09572	-36.984726	34.33038	1.5855606	-15.0	1.0	0.0	0.7	0.0	317.69635	4.298297	0.0	4.298297	2	13.202396
mcp1k	18255	1	488799	0	4.970	1.825	6	427416	0	cosmic-tagged	13	1	1	0	0																		
mcp1k	18255	1	488953	0	5.400	0.926	7	353788	0	no-bundle	14	0	1	0	0																		
mcp1k	18255	1	489327	0	15.882	12.537	18	1307880	0	nu-candidate	15	1	1	1	0	1.397	382.3	19	-86.03228	83.99929	139.06122	4.9426956	-7.8604417	1.0	0.0	0.7	0.0	1483.9011	28.738503	0.0	28.738503	1	0.0
mcp1k	18255	1	489459	0	6.324	1.029	7	369752	0	nu-candidate	11	1	1	0	0																		
mcp1k	18255	1	489503	0	12.733	7.719	13	1159492	0	nu-candidate	12	1	1	1	0	1.372	131.1	17	54.319168	48.926136	399.13446	1.296605	-1.0329033	1.0	0.0	0.7	0.0	583.24335	71.29731	71.29731	0.0	1	8.32536
mcp1k	18255	1	489679	0	8.860	1.112	9	392836	0	nu-candidate	9	1	1	0	0																		
mcp1k	18255	1	489789	0	10.074	0.981	11	370788	0	no-beam-flash	13	0	0	0	0																		
mcp1k	18255	1	489811	0	9.032	1.508	10	453260	0	cosmic-tagged	9	1	1	0	0																		
mcp1k	18255	1	490339	0	9.924	0.925	11	352172	0	no-beam-flash	10	0	0	0	0																		
mcp1k	18255	1	490361	0	16.314	6.831	18	1179740	0	nu-candidate	12	1	1	1	0	1.335	49.3	12	-176.70583	-122.85529	445.20715	3.2857523	-15.0	1.0	0.0	0.7	0.0	640.1537	6.370199	0.0	6.370199	3	14.741863
mcp1k	18255	1	490559	0	7.520	1.317	9	410640	0	no-beam-flash	12	0	0	0	0																		
mcp1k	18255	1	490581	0	12.732	7.370	14	1214132	0	nu-candidate	14	1	1	1	0	0.993	220.0	0	145.15564	-1.7228777	296.58432	3.7399542	-15.0	1.0	0.0	0.7	0.0	635.0926	0.0	0.0	0.0	0	0.0
mcp1k	18255	1	490779	0	10.141	5.229	12	1134408	0	nu-candidate	10	1	1	1	0	0.713	5.7	13	-54.38318	124.46641	149.22517	-1.6266961	-15.0	1.0	0.0	0.7	0.0	121.204124	15.469184	0.0	15.469184	9	3.81432
mcp1k	18255	1	490889	0	6.599	1.685	8	463472	0	cosmic-tagged	14	1	1	0	0																		
mcp1k	18255	1	490977	0	11.507	6.128	13	1181544	0	nu-candidate	11	1	1	1	0	1.401	75.9	14	140.41849	-17.58178	183.31105	2.4564776	-15.0	1.0	0.0	0.7	0.0	491.24432	0.0	0.0	0.0	0	13.380574
mcp1k	18255	1	491021	0	6.106	0.578	8	299508	0	cosmic-tagged	8	1	1	0	0																		
mcp1k	18255	1	491197	0	6.458	0.906	8	345880	0	cosmic-tagged	9	1	1	0	0																		
mcp1k	18255	1	491241	0	7.264	0.853	9	330892	0	no-beam-flash	8	0	0	0	0																		
mcp1k	18255	1	491285	0	7.445	1.371	9	431816	0	cosmic-tagged	15	1	1	0	0																		
mcp1k	18255	1	491417	0	7.258	1.021	9	383896	0	cosmic-tagged	12	1	1	0	0																		
mcp1k	18255	1	491483	0	9.968	5.673	12	1191080	0	nu-candidate	10	1	1	1	0	2.032	61.9	5	81.029205	21.411247	297.30347	-1.8058507	-15.0	1.0	0.0	0.7	0.0	342.55118	5.24767	0.0	5.24767	4	0.23224905
mcp1k	18255	1	491857	0	7.223	0.954	9	364868	0	cosmic-tagged	12	1	1	0	0																		
mcp1k	18255	1	492649	0	9.647	5.751	10	1215200	0	nu-candidate	13	1	1	1	0	1.399	78.9	27	130.4939	146.27878	137.95526	0.085869916	-15.0	1.0	1.0	0.7	0.0	435.70776	5.182418	0.0	5.182418	4	117.90796
mcp1k	18255	1	492803	0	10.071	7.281	11	1261580	0	nu-candidate	13	1	1	1	0	1.688	234.4	4	39.01526	-124.77113	249.22762	4.1111293	-15.0	1.0	0.0	0.7	0.0	772.65674	1.7412753	0.0	1.7412753	1	5.54365
mcp1k	18255	1	492891	0	7.238	1.660	9	383452	0	cosmic-tagged	16	1	1	0	0																		
mcp1k	18255	1	492913	0	9.135	5.238	11	1161520	0	nu-candidate	11	1	1	1	0	1.054	43.5	2	-4.2185345	-137.33987	455.04724	-0.8843085	-15.0	1.0	1.0	0.7	0.0	266.3745	1.4285184	0.0	1.4285184	1	0.0
mcp1k	18255	1	493199	0	7.350	1.051	9	349960	0	cosmic-tagged	7	1	1	0	0																		
mcp1k	18255	1	493243	0	10.373	6.547	12	1175624	0	nu-candidate	13	1	1	1	0	1.849	181.5	8	154.76958	-134.7203	27.276077	2.5450783	-15.0	1.0	0.0	0.7	0.0	562.5352	0.0	0.0	0.0	0	10.247052
mcp1k	18255	1	493397	0	6.271	0.755	8	320492	0	no-bundle	7	0	1	0	0																		
mcp1k	18255	1	493419	0	5.177	1.274	7	358468	0	cosmic-tagged	6	1	1	0	0																		
mcp1k	18255	1	493485	0	5.292	1.390	7	393624	0	cosmic-tagged	13	1	1	0	0																		
