sample	run	subrun	event	rc	wall_s	core_s	timecmd_wall_s	maxrss_kb	dl_warn	event_label	n_bundle	n_inbeam_bundle	n_inbeam_flash	nu_evaluated	n_cosmic_skipped	nu_sel_t0_us	nu_sel_len_cm	nu_sel_n_assoc	nu_x_cm	nu_y_cm	nu_z_cm	numu_score	nue_score	cosmic_flag	cosmict_flag	cosmict_10_score	cosmict_score	kine_reco_Enu_MeV	kine_energy_excluded_MeV	kine_energy_excluded_main_MeV	kine_energy_excluded_other_MeV	kine_n_excluded	kine_energy_flagged_MeV
mcp2k	18259	1	47036	0	6.972	0.888	9	380764	0	cosmic-tagged	9	1	1	0	0																		
mcp2k	18259	1	47058	0	11.350	6.355	13	1214996	0	nu-candidate	10	1	1	1	0	1.341	174.0	11	39.577236	119.27403	99.98794	2.2368555	-15.0	1.0	0.0	0.7	0.0	532.20294	144.96474	0.0	144.96474	5	6.485476
mcp2k	18259	1	47212	0	14.456	9.550	16	1252800	0	nu-candidate	16	1	1	1	0	1.192	77.0	46	-153.4095	-119.30577	202.93623	0.002129168	-2.1827517	1.0	0.0	0.7	0.0	1311.7168	219.25009	219.25009	0.0	1	130.30588
mcp2k	18259	1	47278	0	10.955	6.121	13	1209728	0	nu-candidate	14	1	1	1	0	1.289	64.4	11	-84.52739	161.80844	202.62224	2.014507	-15.0	1.0	0.0	0.7	0.0	820.7567	0.0	0.0	0.0	0	18.821634
mcp2k	18259	1	47608	0	7.221	0.866	9	367292	0	no-bundle	11	0	1	0	0																		
mcp2k	18259	1	47696	0	7.748	5.405	9	1177704	0	cosmic-tagged	8	1	1	1	0	0.929	21.1	9	143.75038	7.361813	402.05136	-1.118294	-1.1504549	1.0	0.0	0.7	0.0	113.84942	3.2647264	0.0	3.2647264	3	0.0
mcp2k	18259	1	47784	0	11.897	7.121	14	1193520	0	nu-candidate	12	1	1	1	0	1.970	227.7	6	56.258934	-76.379745	113.80953	3.8990033	-15.0	1.0	0.0	0.7	0.0	952.69116	38.461353	0.0	38.461353	6	0.0
mcp2k	18259	1	47894	0	10.956	5.249	12	1169684	0	nu-candidate	12	1	1	1	0	1.267	1.9	12	179.3178	-93.51188	29.797544	-1.7224336	-15.0	1.0	1.0	0.7	0.0	125.802734	0.0	0.0	0.0	0	17.707882
mcp2k	18259	1	47916	0	10.903	5.148	12	1148932	0	nu-candidate	9	1	1	1	0	1.954	26.9	1	39.485085	193.90501	262.47873	2.8441863	-15.0	1.0	0.0	0.7	0.0	325.89056	1.2775278	0.0	1.2775278	1	0.0
mcp2k	18259	1	47982	0	5.892	0.820	8	353728	0	cosmic-tagged	10	1	1	0	0																		
mcp2k	18259	1	48246	0	6.954	1.347	9	408368	0	cosmic-tagged	10	1	1	0	0																		
mcp2k	18259	1	48444	0	7.512	1.281	9	405592	0	cosmic-tagged	8	1	1	0	0																		
mcp2k	18259	1	48488	0	9.066	7.448	10	1257500	0	nu-candidate	15	1	1	1	0	0.717	220.2	4	-184.76726	182.56418	202.62038	4.407054	-15.0	1.0	0.0	0.7	0.0	713.0025	2.3639276	0.0	2.3639276	2	3.942713
mcp2k	18259	1	48774	0	8.882	7.308	10	1219584	0	nu-candidate	8	1	1	1	0	1.592	290.2	3	-7.021852	18.089708	190.24908	4.399704	-15.0	1.0	0.0	0.7	0.0	976.18835	0.0	0.0	0.0	0	4.319338
mcp2k	18259	1	48840	0	6.945	0.978	9	374616	0	cosmic-tagged	12	1	1	0	0																		
mcp2k	18259	1	49016	0	5.224	1.042	6	407760	0	no-bundle	14	0	1	0	0																		
mcp2k	18259	1	49346	0	1.005	0.829	3	360852	0	no-beam-flash	13	0	0	0	0																		
mcp2k	18255	1	49415	0	5.661	5.057	6	1176664	0	nu-candidate	13	1	1	1	0	0.672	11.3	3	152.29535	101.42643	367.91016	-3.109426	-15.0	1.0	0.0	0.7	0.0	134.0816	101.56271	0.0	101.56271	2	5.403563
mcp2k	18255	1	49657	0	3.958	0.820	4	358420	0	cosmic-tagged	13	1	1	0	0																		
mcp2k	18259	1	49698	0	4.930	0.940	5	372792	0	nu-candidate	16	1	1	0	0																		
mcp2k	18259	1	49742	0	10.102	5.437	11	1183896	0	nu-candidate	12	1	1	1	0	1.680	86.1	5	180.73679	54.2994	55.46307	1.4630873	-15.0	1.0	1.0	0.7	0.0	446.75006	1.7670894	0.0	1.7670894	1	1.1074929
mcp2k	18255	1	49745	0	8.838	6.207	9	1183564	0	nu-candidate	8	1	1	1	0	1.840	46.2	2	-50.35459	-60.390842	302.12732	-1.2232693	-6.0652323	1.0	0.0	0.7	0.0	351.17337	0.0	0.0	0.0	0	0.0
mcp2k	18255	1	49767	0	10.029	4.645	10	856064	0	cosmic-tagged	14	1	1	1	0	1.922	1.1	0	0.0	0.0	0.0	-1.9416895	-15.0	1.0	0.0	0.7	0.0	0.0	0.0	0.0	0.0	0	0.0
mcp2k	18255	1	49789	0	5.989	1.292	6	368948	0	cosmic-tagged	13	1	1	0	0																		
mcp2k	18255	1	49877	0	7.488	3.264	9	765756	0	cosmic-tagged	15	1	1	1	0	1.305	1.4	0	0.0	0.0	0.0	-1.9416895	-15.0	1.0	0.0	0.7	0.0	0.0	0.0	0.0	0.0	0	0.0
mcp2k	18259	1	49984	0	8.607	5.265	10	1224356	0	nu-candidate	16	1	1	1	0	0.732	27.0	2	-160.16823	-193.10625	476.7954	1.582063	-15.0	1.0	0.0	0.7	0.0	200.83952	0.0	0.0	0.0	0	0.66438913
mcp2k	18255	1	49987	0	8.677	6.243	10	1199960	0	nu-candidate	9	1	1	1	0	0.633	217.9	6	-108.21266	180.64221	338.32043	1.2691785	-15.0	1.0	1.0	0.7	0.0	638.6887	3.2810762	0.0	3.2810762	2	5.4045477
mcp2k	18259	1	50182	0	8.937	5.729	11	1169428	0	nu-candidate	10	1	1	1	0	1.956	121.3	3	-19.056524	-113.2492	306.3814	4.037882	-15.0	1.0	0.0	0.7	0.0	512.186	0.0	0.0	0.0	0	5.594949
mcp2k	18259	1	50226	0	3.532	0.733	4	338296	0	nu-candidate	10	1	1	0	0																		
mcp2k	18259	1	50270	0	4.916	0.868	6	365864	0	cosmic-tagged	12	1	1	0	0																		
mcp2k	18255	1	50273	0	4.859	0.869	6	331252	0	cosmic-tagged	8	1	1	0	0																		
mcp2k	18259	1	50336	0	4.796	0.822	6	336476	0	cosmic-tagged	9	1	1	0	0																		
mcp2k	18259	1	50446	0	8.869	4.996	10	1170180	0	nu-candidate	14	1	1	1	0	1.740	64.1	8	119.95188	-85.15117	223.80629	0.82612187	-15.0	1.0	0.0	0.7	0.0	294.8933	0.0	0.0	0.0	0	9.445462
mcp2k	18255	1	50680	0	6.234	0.816	7	353196	0	no-beam-flash	14	0	0	0	0																		
mcp2k	18259	1	50688	0	9.784	4.786	10	1107408	0	nu-candidate	7	1	1	1	0	0.938	3.0	6	126.89441	3.2406802	42.34815	-1.8397324	-15.0	1.0	0.0	0.7	0.0	114.0548	4.393734	0.0	4.393734	3	3.5281308
mcp2k	18259	1	50732	0	6.013	0.885	6	365292	0	no-beam-flash	10	0	0	0	0																		
mcp2k	18255	1	50801	0	11.051	6.718	12	1248908	0	no-bundle	10	0	1	1	0	2.013	49.7	24	-148.77138	-30.729355	302.51794	-0.3044867	-15.0	1.0	0.0	0.7	0.0	508.7067	18.040468	0.0	18.040468	2	40.039757
mcp2k	18255	1	50812	0	3.782	0.926	5	381304	0	cosmic-tagged	11	1	1	0	0																		
mcp2k	18259	1	50842	0	5.101	1.053	7	404300	0	no-beam-flash	15	0	0	0	0																		
mcp2k	18255	1	51065	0	6.176	1.431	7	494780	0	no-beam-flash	15	0	0	0	0																		
mcp2k	18255	1	51109	0	5.930	0.696	6	330328	0	cosmic-tagged	10	1	1	0	0																		
mcp2k	18259	1	51128	0	8.667	6.032	9	1237096	0	nu-candidate	13	1	1	1	0	1.670	57.7	22	163.79776	113.9677	296.01852	0.31732762	-15.0	1.0	0.0	0.7	0.0	503.5134	5.6101713	0.0	5.6101713	1	16.042624
mcp2k	18255	1	51153	0	5.956	1.121	7	392408	0	cosmic-tagged	15	1	1	0	0																		
mcp2k	18255	1	51208	0	5.979	1.342	7	409620	0	cosmic-tagged	8	1	1	0	0																		
mcp2k	18255	1	51219	0	13.523	9.465	15	1154724	0	nu-candidate	11	1	1	1	0	1.856	186.0	13	-84.382065	-109.69384	14.804672	3.6453238	-10.784863	1.0	0.0	0.7	0.0	870.3589	3.1992245	0.0	3.1992245	4	7.540642
mcp2k	18259	1	51260	0	9.693	5.321	11	1236176	0	nu-candidate	17	1	1	1	0	1.795	24.8	10	-201.44307	97.289345	30.190283	-1.4369873	-13.591919	1.0	1.0	0.7	0.0	94.946625	2.9622607	0.0	2.9622607	2	12.579306
mcp2k	18259	1	51348	0	5.819	0.843	7	350708	0	cosmic-tagged	11	1	1	0	0																		
mcp2k	18255	1	51417	0	5.600	1.062	6	381208	0	cosmic-tagged	13	1	1	0	0																		
mcp2k	18255	1	51428	0	6.063	1.006	8	394016	0	no-beam-flash	10	0	0	0	0																		
mcp2k	18259	1	51546	0	10.200	6.915	12	1279496	0	nu-candidate	16	1	1	1	0	1.390	69.9	9	-158.41599	173.33006	420.86288	0.82493174	-15.0	1.0	0.0	0.7	0.0	580.93365	0.0	0.0	0.0	0	2.0150595
mcp2k	18259	1	51590	0	6.037	0.808	7	350420	0	no-beam-flash	12	0	0	0	0																		
mcp2k	18255	1	51692	0	4.898	1.396	6	459776	0	cosmic-tagged	14	1	1	0	0																		
mcp2k	18259	1	51722	0	8.747	5.622	10	1210072	0	nu-candidate	13	1	1	1	0	0.990	25.5	5	-106.48205	94.0715	89.790794	-1.505972	-2.8951309	1.0	0.0	0.7	0.0	116.52099	44.391705	0.0	44.391705	2	0.0
mcp2k	18255	1	51736	0	4.718	0.871	6	343508	0	cosmic-tagged	10	1	1	0	0																		
mcp2k	18255	1	51846	0	5.035	0.805	7	325196	0	cosmic-tagged	10	1	1	0	0																		
mcp2k	18255	1	51868	0	8.472	6.015	9	1170220	0	nu-candidate	7	1	1	1	0	1.440	158.5	11	12.020434	-22.955782	211.09755	0.9183949	-15.0	1.0	1.0	0.7	0.0	532.45404	40.72482	0.0	40.72482	6	7.594166
mcp2k	18255	1	51890	0	12.893	9.054	15	1209500	0	nu-candidate	12	1	1	1	0	0.618	289.9	5	57.275867	129.23724	34.07384	5.3089933	-15.0	1.0	0.0	0.7	0.0	1037.1125	0.0	0.0	0.0	0	20.53941
mcp2k	18255	1	51934	0	6.322	1.173	8	435780	0	no-beam-flash	18	0	0	0	0																		
mcp2k	18259	1	51964	0	11.463	7.545	12	1180792	0	nu-candidate	8	1	1	1	0	0.934	202.0	1	-122.077805	34.70054	289.72092	4.983838	-15.0	1.0	0.0	0.7	0.0	714.46295	0.2566932	0.0	0.2566932	1	0.0
mcp2k	18255	1	52044	0	9.194	7.317	11	1232380	0	nu-candidate	12	1	1	1	0	1.974	107.9	21	-85.171974	-118.77299	240.2944	2.0941527	-15.0	1.0	0.0	0.7	0.0	759.9492	4.9280005	0.0	4.9280005	3	2.596642
mcp2k	18255	1	52121	0	9.111	6.207	11	1201564	0	nu-candidate	8	1	1	1	0	1.985	83.6	3	-28.495754	-166.44568	75.290565	2.9737868	-15.0	1.0	0.0	0.7	0.0	541.5106	1.5417101	0.0	1.5417101	1	0.0
mcp2k	18255	1	52220	0	9.132	5.617	11	1162060	0	nu-candidate	11	1	1	1	0	1.801	164.0	7	-126.49317	-80.33426	123.75114	3.1552641	-15.0	1.0	0.0	0.7	0.0	529.78906	1.1162602	0.0	1.1162602	1	5.3988905
mcp2k	18255	1	52286	0	8.986	5.576	10	1220608	0	nu-candidate	16	1	1	1	0	1.206	26.1	7	30.957064	-53.495846	71.83316	-1.2782414	-15.0	1.0	0.0	0.7	0.0	311.0452	1.9432993	0.0	1.9432993	2	98.4617
mcp2k	18255	1	52297	0	5.370	1.314	6	429068	0	cosmic-tagged	10	1	1	0	0																		
mcp2k	18259	1	52338	0	11.589	7.849	12	1227256	0	nu-candidate	9	1	1	1	0	1.253	302.5	4	-135.14484	-128.15656	256.1134	2.529683	-15.0	1.0	0.0	0.7	0.0	974.5531	0.0	0.0	0.0	0	7.356576
mcp2k	18255	1	52352	0	6.534	5.139	8	1218096	0	nu-candidate	12	1	1	1	0	0.598	5.4	10	-102.56631	43.335247	338.11807	-1.2318443	-15.0	1.0	0.0	0.7	0.0	104.618484	3.8493872	0.0	3.8493872	4	8.56643
mcp2k	18259	1	52404	0	2.824	1.063	4	419668	0	nu-candidate	11	1	1	0	0																		
mcp2k	18259	1	52558	0	2.752	0.592	4	317468	0	cosmic-tagged	8	1	1	0	0																		
mcp2k	18255	1	52572	0	5.026	1.209	6	441156	0	nu-candidate	15	1	1	0	0																		
mcp2k	18255	1	52605	0	8.810	5.556	9	1171340	0	nu-candidate	9	1	1	1	0	1.080	17.7	8	-163.59795	63.542744	295.1511	-2.443838	-15.0	1.0	1.0	0.7	0.0	287.55685	2.7487729	0.0	2.7487729	1	7.2198453
mcp2k	18255	1	52638	0	8.821	3.779	10	779176	0	cosmic-tagged	15	1	1	1	0	1.843	1.5	0	0.0	0.0	0.0	-1.9416895	-15.0	1.0	0.0	0.7	0.0	0.0	0.0	0.0	0.0	0	0.0
mcp2k	18255	1	52693	0	12.152	8.380	13	1222228	0	nu-candidate	12	1	1	1	0	1.459	198.1	15	89.64581	-50.79679	34.74565	-0.5385806	-11.4816	1.0	1.0	0.7	0.0	820.8662	5.512176	0.0	5.512176	2	0.0
mcp2k	18255	1	52715	0	5.980	1.080	6	399732	0	no-bundle	10	0	1	0	0																		
mcp2k	18255	1	52759	0	7.388	5.257	9	1162856	0	nu-candidate	10	1	1	1	0	1.750	19.5	6	55.72734	-121.28092	369.6323	-1.6327943	-15.0	1.0	0.0	0.7	0.0	245.31424	6.6323447	0.0	6.6323447	5	3.7919495
mcp2k	18255	1	52880	0	3.601	0.842	5	356816	0	no-bundle	7	0	1	0	0																		
mcp2k	18255	1	53001	0	4.851	0.837	6	353688	0	cosmic-tagged	7	1	1	0	0																		
mcp2k	18255	1	53111	0	5.940	1.170	6	410400	0	cosmic-tagged	17	1	1	0	0																		
mcp2k	18259	1	53130	0	9.493	5.461	10	1200224	0	nu-candidate	10	1	1	1	0	1.622	35.8	2	-110.26926	-35.96019	482.3218	0.74541295	-15.0	1.0	0.0	0.7	0.0	373.8905	0.0	0.0	0.0	0	0.0
mcp2k	18259	1	53196	0	7.097	2.197	8	491016	0	cosmic-tagged	12	1	1	0	0																		
mcp2k	18255	1	53342	0	5.991	1.095	6	415208	0	no-beam-flash	13	0	0	0	0																		
mcp2k	18255	1	53474	0	5.916	1.314	7	381596	0	cosmic-tagged	10	1	1	0	0																		
mcp2k	18255	1	53584	0	5.872	0.765	7	351936	0	cosmic-tagged	15	1	1	0	0																		
mcp2k	18259	1	53658	0	9.876	5.731	11	1229624	0	nu-candidate	12	1	1	1	0	0.663	95.1	7	-85.18427	-95.1076	1.0535494	-1.6219062	-15.0	1.0	1.0	0.37087446	0.0	500.8421	158.22282	158.22282	0.0	1	139.03542
mcp2k	18255	1	53749	0	5.941	0.934	7	377296	0	cosmic-tagged	11	1	1	0	0																		
mcp2k	18259	1	53790	0	4.708	0.951	6	398524	0	no-bundle	14	0	1	0	0																		
mcp2k	18255	1	53793	0	14.791	10.432	15	1216252	0	nu-candidate	12	1	1	1	0	1.102	247.6	5	84.33698	-21.566639	117.39679	4.859405	-15.0	1.0	0.0	0.7	0.0	1458.8937	66.8507	0.0	66.8507	1	2.5796368
mcp2k	18255	1	53848	0	5.790	1.208	6	436932	0	no-beam-flash	16	0	0	0	0																		
mcp2k	18255	1	53881	0	9.822	5.220	11	1202848	0	nu-candidate	13	2	2	1	0	0.957	79.5	4	90.75763	62.59103	409.35574	-1.3005842	-15.0	1.0	0.0	0.7	0.0	412.60028	0.0	0.0	0.0	0	5.7964287
mcp2k	18259	1	53944	0	4.572	0.568	5	311968	0	cosmic-tagged	6	1	1	0	0																		
mcp2k	18255	1	53980	0	5.826	0.849	6	350096	0	no-beam-flash	9	0	0	0	0																		
mcp2k	18255	1	54068	0	5.030	1.144	6	416348	0	no-beam-flash	15	0	0	0	0																		
mcp2k	18255	1	54156	0	4.998	1.018	6	400308	0	no-beam-flash	12	0	0	0	0																		
mcp2k	18255	1	54255	0	4.920	0.945	6	384168	0	no-beam-flash	13	0	0	0	0																		
mcp2k	18255	1	54332	0	16.803	12.589	18	1254816	0	nu-candidate	14	1	1	1	0	1.968	88.7	46	63.94667	-51.16418	113.44175	-0.4582014	-15.0	1.0	0.0	0.7	0.0	1461.4847	239.26994	166.43782	72.83213	14	188.05804
mcp2k	18259	1	54450	0	5.858	1.195	6	383412	0	cosmic-tagged	10	1	1	0	0																		
mcp2k	18255	1	54453	0	11.321	7.181	12	1219828	0	cosmic-tagged	10	1	1	1	0	1.834	40.6	38	-94.64598	-76.25555	204.52461	-0.00771685	-15.0	1.0	0.0	0.7	0.0	608.38513	234.2847	129.90312	104.38157	14	39.972404
mcp2k	18255	1	54464	0	5.832	0.722	6	334868	0	nu-candidate	9	1	1	0	0																		
mcp2k	18255	1	54475	0	8.926	6.340	10	1267324	0	nu-candidate	13	1	1	1	0	1.340	152.1	4	-87.65422	-101.7863	440.07404	1.1337229	-15.0	1.0	0.0	0.7	0.0	335.84525	2.94807	0.0	2.94807	2	14.813849
mcp2k	18255	1	54508	0	9.017	5.516	11	1199064	0	nu-candidate	11	1	1	1	0	1.008	21.0	5	18.982702	-106.845535	200.45772	-1.9821011	-15.0	1.0	0.0	0.7	0.0	245.00838	0.0	0.0	0.0	0	4.5762057
mcp2k	18255	1	54629	0	10.555	7.232	12	1218896	0	nu-candidate	10	1	1	1	0	1.249	134.0	4	-56.474716	66.456024	1.4965242	-1.4772574	-15.0	1.0	1.0	0.61212295	0.0	770.7712	0.0	0.0	0.0	0	3.9927044
mcp2k	18255	1	54640	0	4.952	0.780	6	348768	0	nu-candidate	9	1	1	0	0																		
mcp2k	18259	1	54692	0	4.782	1.159	6	356848	0	cosmic-tagged	8	1	1	0	0																		
mcp2k	18255	1	54706	0	4.606	0.806	5	348012	0	cosmic-tagged	7	1	1	0	0																		
mcp2k	18255	1	54717	0	3.934	1.375	5	419336	0	cosmic-tagged	14	1	1	0	0																		
mcp2k	18255	1	54882	0	5.341	1.454	7	492372	0	cosmic-tagged	15	1	1	0	0																		
mcp2k	18259	1	55154	0	3.983	0.712	5	328496	0	nu-candidate	10	1	1	0	0																		
mcp2k	18259	1	55220	0	9.262	6.003	11	1242144	0	nu-candidate	14	1	1	1	0	1.964	39.4	2	42.30989	-4.3020124	486.72922	1.5750643	-15.0	1.0	0.0	0.7	0.0	429.96838	2.943764	0.0	2.943764	2	0.0
mcp2k	18255	1	55278	0	8.818	5.782	11	1193320	0	nu-candidate	9	1	1	1	0	1.428	128.7	5	-67.86296	84.97799	461.72604	0.48107636	-15.0	1.0	0.0	0.7	0.0	681.71716	1.6185015	0.0	1.6185015	1	2.8855865
mcp2k	18259	1	55286	0	7.686	3.662	9	767408	0	cosmic-tagged	12	1	1	1	0	1.265	1.1	0	0.0	0.0	0.0	-1.9416895	-15.0	1.0	0.0	0.7	0.0	0.0	0.0	0.0	0.0	0	0.0
mcp2k	18255	1	55322	0	11.828	8.590	14	1246736	0	nu-candidate	13	1	1	1	0	1.138	210.9	8	-78.28416	89.53584	188.68645	3.7975674	-15.0	1.0	0.0	0.7	0.0	871.06445	129.70999	0.0	129.70999	3	24.625275
mcp2k	18255	1	55377	0	5.026	1.184	6	420532	0	no-beam-flash	13	0	0	0	0																		
mcp2k	18255	1	55443	0	7.085	4.741	8	1146728	0	nu-candidate	9	1	1	1	0	1.457	5.8	22	10.680427	-31.334263	129.35666	-1.0803319	-15.0	1.0	0.0	0.7	0.0	103.43925	18.10373	0.0	18.10373	11	15.375928
mcp2k	18255	1	55542	0	12.695	8.413	14	1195676	0	nu-candidate	9	1	1	1	0	0.871	250.2	2	-57.02656	-61.394695	123.553444	4.0321846	-15.0	1.0	0.0	0.7	0.0	797.70166	0.0	0.0	0.0	0	3.312637
mcp2k	18255	1	55740	0	11.477	7.421	13	1214284	0	nu-candidate	12	1	1	1	0	1.380	162.5	17	-56.535168	133.2227	253.1002	0.1942839	-15.0	1.0	1.0	0.7	0.0	454.32413	912.24304	0.0	912.24304	8	14.222723
mcp2k	18259	1	55770	0	4.922	1.119	6	411696	0	cosmic-tagged	10	1	1	0	0																		
mcp2k	18255	1	55773	0	6.015	0.757	7	330928	0	no-beam-flash	12	0	0	0	0																		
mcp2k	18255	1	55806	0	5.770	0.767	6	347404	0	nu-candidate	9	1	1	0	0																		
mcp2k	18255	1	56136	0	4.761	0.823	5	351660	0	nu-candidate	12	1	1	0	0																		
mcp2k	18259	1	56144	0	3.712	0.741	5	342980	0	nu-candidate	14	1	1	0	0																		
mcp2k	18255	1	56180	0	11.067	7.302	12	1203780	0	nu-candidate	10	1	1	1	0	1.610	119.3	20	-173.53613	40.04068	229.12323	2.3329058	-15.0	1.0	0.0	0.7	0.0	866.6362	162.13719	0.0	162.13719	5	74.582245
mcp2k	18255	1	56257	0	5.103	1.046	7	371080	0	cosmic-tagged	11	1	1	0	0																		
mcp2k	18255	1	56290	0	3.881	0.880	5	363884	0	cosmic-tagged	11	1	1	0	0																		
mcp2k	18255	1	56334	0	3.917	1.087	5	423036	0	nu-candidate	15	1	1	0	0																		
mcp2k	18255	1	56466	0	4.734	0.806	5	353852	0	cosmic-tagged	9	1	1	0	0																		
mcp2k	18255	1	56521	0	8.556	5.065	9	1190728	0	nu-candidate	11	2	2	1	0	1.887	2.2	2	-59.201035	-183.83098	401.4311	-2.1257582	-15.0	1.0	0.0	0.7	0.0	23.465488	0.0	0.0	0.0	0	3.0614233
mcp2k	18255	1	56763	0	8.567	5.407	9	1162296	0	nu-candidate	9	1	1	1	0	1.094	20.7	6	187.69356	121.40806	109.616234	0.030121572	-15.0	1.0	1.0	0.7	0.0	465.76697	1.5004323	0.0	1.5004323	1	2.3533268
mcp2k	18255	1	56829	0	4.893	0.983	6	353100	0	cosmic-tagged	9	1	1	0	0																		
mcp2k	18255	1	56862	0	4.903	0.766	6	336204	0	cosmic-tagged	5	1	1	0	0																		
mcp2k	18255	1	56906	0	5.989	0.929	7	364208	0	cosmic-tagged	8	1	1	0	0																		
mcp2k	18255	1	56939	0	11.117	6.748	13	1210688	0	nu-candidate	9	1	1	1	0	0.831	201.0	5	21.145117	-83.80035	100.12593	4.097802	-15.0	1.0	0.0	0.7	0.0	827.35913	2.2192142	0.0	2.2192142	2	6.0374627
mcp2k	18255	1	56961	0	6.125	1.287	8	448468	0	nu-candidate	15	1	1	0	0																		
mcp2k	18255	1	56972	0	10.029	6.248	12	1230000	0	nu-candidate	11	1	1	1	0	0.946	44.0	8	178.88824	60.260185	78.66574	-0.6900729	-4.609346	1.0	0.0	0.7	0.0	296.93106	2.4890697	0.0	2.4890697	2	0.0
mcp2k	18255	1	57148	0	5.038	1.436	7	422716	0	cosmic-tagged	11	1	1	0	0																		
mcp2k	18255	1	57280	0	8.707	5.195	10	1205200	0	nu-candidate	18	1	1	1	0	1.900	27.1	6	171.76875	-6.4022245	284.67273	-2.183097	-15.0	1.0	0.0	0.7	0.0	210.8965	2.779691	0.0	2.779691	2	5.927001
mcp2k	18255	1	57291	0	4.725	0.743	6	350092	0	no-beam-flash	5	0	0	0	0																		
mcp2k	18255	1	57346	0	11.613	7.749	13	1346672	0	nu-candidate	12	1	1	1	0	1.437	371.2	7	-187.33171	-181.80498	119.28174	3.8095937	-15.0	1.0	0.0	0.7	0.0	1015.138	4.722031	0.0	4.722031	4	5.7663584
mcp2k	18255	1	57577	0	10.387	6.592	12	1152444	0	nu-candidate	10	1	1	1	0	1.651	221.0	5	29.607805	-96.1369	264.9682	4.679071	-15.0	1.0	0.0	0.7	0.0	841.47046	1.6871454	0.0	1.6871454	2	4.482715
mcp2k	18255	1	57665	0	5.042	1.015	6	386632	0	nu-candidate	10	1	1	0	0																		
mcp2k	18255	1	57709	0	8.766	6.251	9	1167616	0	nu-candidate	11	1	1	1	0	1.987	86.5	18	81.54066	-9.212287	64.98357	-0.48534188	-15.0	1.0	0.0	0.7	0.0	823.1018	15.669736	0.0	15.669736	4	8.637619
mcp2k	18255	1	57731	0	7.197	1.022	8	393116	0	nu-candidate	14	1	1	0	0																		
mcp2k	18255	1	57742	0	8.986	6.006	10	1148708	0	nu-candidate	10	1	1	1	0	0.556	139.9	6	-38.563545	-95.08929	330.62958	2.600011	-15.0	1.0	0.0	0.7	0.0	633.4368	1.1712327	0.0	1.1712327	1	7.2654543
mcp2k	18255	1	57753	0	7.223	1.698	8	428672	0	cosmic-tagged	16	1	1	0	0																		
mcp2k	18255	1	57764	0	4.720	0.605	5	310352	0	cosmic-tagged	4	1	1	0	0																		
mcp2k	18255	1	58006	0	9.954	6.162	11	1160616	0	nu-candidate	8	1	1	1	0	0.643	43.8	25	160.84949	-20.272133	143.69547	0.90723455	-15.0	1.0	1.0	0.7	0.0	446.50854	27.44475	0.0	27.44475	6	4.1954165
mcp2k	18255	1	58072	0	9.952	6.134	11	1171256	0	nu-candidate	10	1	1	1	0	1.609	106.5	8	-86.79585	-98.75245	165.31705	1.6759074	-15.0	1.0	0.0	0.7	0.0	512.56335	12.261108	8.226248	4.03486	4	5.584655
mcp2k	18255	1	58237	0	5.124	1.517	6	476768	0	nu-candidate	18	1	1	0	0																		
mcp2k	18255	1	58325	0	8.895	5.900	10	1192836	0	nu-candidate	11	1	1	1	0	1.265	83.3	10	84.911285	-53.2643	93.2936	3.7929525	-15.0	1.0	0.0	0.7	0.0	408.5625	0.0	0.0	0.0	0	12.141266
mcp2k	18255	1	58523	0	3.743	0.756	4	317540	0	no-beam-flash	8	0	0	0	0																		
mcp2k	18255	1	58787	0	5.118	0.912	7	377140	0	cosmic-tagged	11	1	1	0	0																		
mcp2k	18255	1	58919	0	10.800	6.501	12	1171332	0	nu-candidate	11	1	1	1	0	1.430	114.9	12	-55.011135	10.58381	325.75424	4.3149085	-15.0	1.0	0.0	0.7	0.0	505.7095	0.0	0.0	0.0	0	8.488769
mcp2k	18255	1	65266	0	7.488	5.265	8	1176892	0	nu-candidate	8	1	1	1	0	0.969	48.0	9	-72.13246	168.63077	203.57884	-0.32151222	-15.0	1.0	0.0	0.7	0.0	318.2353	51.42721	51.42721	0.0	1	29.39789
mcp2k	18255	1	65376	0	4.741	0.609	5	316416	0	nu-candidate	6	1	1	0	0																		
mcp2k	18255	1	65508	0	4.933	0.689	6	327212	0	no-beam-flash	10	0	0	0	0																		
mcp2k	18255	1	65948	0	9.144	5.622	10	1161260	0	nu-candidate	9	1	1	1	0	1.926	39.4	13	-168.23604	44.416286	98.89962	0.72594774	-15.0	1.0	0.0	0.7	0.0	775.381	6.202016	0.0	6.202016	3	157.64294
mcp2k	18255	1	66124	0	5.829	1.458	6	464632	0	cosmic-tagged	16	1	1	0	0																		
mcp2k	18255	1	66278	0	8.156	5.443	10	1211072	0	nu-candidate	12	1	1	1	0	1.031	16.5	7	40.02673	54.33033	423.83835	-0.99307215	-15.0	1.0	0.0	0.7	0.0	277.14032	2.6686814	0.0	2.6686814	2	9.921555
mcp2k	18255	1	66366	0	13.734	10.287	14	1392504	0	nu-candidate	20	1	1	1	0	1.844	289.6	10	56.288727	-106.75716	253.50717	5.035556	-15.0	1.0	0.0	0.7	0.0	933.59204	0.0	0.0	0.0	0	26.343697
mcp2k	18255	1	66526	0	6.278	0.978	8	376300	0	no-bundle	12	0	1	0	0																		
mcp2k	18255	1	66636	0	6.172	0.764	8	333376	0	no-bundle	10	0	1	0	0																		
mcp2k	18255	1	66652	0	12.316	8.253	13	1233616	0	nu-candidate	15	1	1	1	0	1.519	241.3	7	-50.6175	167.01349	115.97442	2.6890905	-15.0	1.0	0.0	0.7	0.0	815.99664	3.9241436	0.0	3.9241436	2	117.46845
mcp2k	18255	1	66718	0	6.193	1.795	7	462784	0	cosmic-tagged	9	1	1	0	0																		
mcp2k	18255	1	66856	0	3.480	0.810	5	347716	0	no-bundle	11	0	1	0	0																		
mcp2k	18255	1	66872	0	8.508	5.775	9	1158580	0	nu-candidate	11	1	1	1	0	0.946	63.5	9	112.014755	174.3647	297.75146	0.9126291	-15.0	1.0	0.0	0.7	0.0	515.85645	0.0	0.0	0.0	0	8.771575
mcp2k	18255	1	66900	0	12.537	8.190	13	1222984	0	nu-candidate	10	1	1	1	0	1.742	66.2	26	-160.5757	-2.215952	305.18362	2.8714287	-15.0	1.0	0.0	0.7	0.0	907.51135	7.719674	0.0	7.719674	3	19.353874
mcp2k	18255	1	66944	0	10.129	6.776	11	1284476	0	nu-candidate	15	1	2	1	0	1.558	56.2	3	-100.17382	-61.131653	371.0272	-0.41617015	-15.0	1.0	0.0	0.7	0.0	131.07034	170.04881	170.04881	0.0	2	1.2242094
mcp2k	18255	1	66966	0	4.736	1.343	5	411564	0	cosmic-tagged	14	1	1	0	0																		
mcp2k	18255	1	67026	0	9.562	7.884	12	1228084	0	nu-candidate	11	1	1	1	0	0.567	277.3	3	-121.68748	83.42559	86.4425	2.9753232	-15.0	1.0	0.0	0.7	0.0	1176.8832	0.0	0.0	0.0	0	1.060498
mcp2k	18255	1	67164	0	4.174	0.771	6	345872	0	nu-candidate	16	1	1	0	0																		
mcp2k	18255	1	67296	0	5.024	0.809	8	360964	0	nu-candidate	9	2	2	0	0																		
mcp2k	18255	1	67356	0	3.987	1.038	5	397592	0	nu-candidate	13	1	1	0	0																		
mcp2k	18255	1	67620	0	5.089	1.255	6	435304	0	no-bundle	11	0	1	0	0																		
mcp2k	18255	1	67802	0	7.761	5.104	8	1172640	0	nu-candidate	15	1	1	1	0	1.758	61.8	4	1.7702523	-146.22656	17.83536	0.72619325	-15.0	1.0	0.0	0.7	0.0	278.37604	5.857446	0.0	5.857446	3	4.3223352
mcp2k	18255	1	67824	0	5.297	0.945	7	367752	0	no-beam-flash	12	0	0	0	0																		
mcp2k	18255	1	67840	0	4.946	0.862	5	356120	0	nu-candidate	7	1	1	0	0																		
mcp2k	18255	1	67868	0	11.554	7.787	12	1189136	0	nu-candidate	13	1	1	1	0	1.993	105.5	28	152.6333	45.36098	345.6801	0.6468132	-15.0	1.0	0.0	0.7	0.0	965.0332	170.49696	0.0	170.49696	22	13.751186
mcp2k	18255	1	67898	0	11.855	8.578	12	1248908	0	nu-candidate	10	1	1	1	0	1.714	215.8	0	-60.70012	-91.55279	364.9994	4.4848156	-15.0	1.0	0.0	0.7	0.0	978.39435	0.0	0.0	0.0	0	0.0
mcp2k	18255	1	67928	0	10.217	6.482	11	1139608	0	nu-candidate	7	1	1	1	0	1.704	104.0	12	62.619987	132.30464	168.04736	2.583186	-15.0	1.0	0.0	0.7	0.0	636.05835	73.26913	61.346394	11.92273	9	8.792612
mcp2k	18255	1	67942	0	9.596	5.816	10	1246808	0	nu-candidate	16	1	1	1	0	1.931	90.3	3	60.870567	199.93094	177.97533	-2.2226186	-15.0	1.0	1.0	0.7	0.0	349.06345	1.0312415	0.0	1.0312415	1	2.0651205
mcp2k	18255	1	68038	0	6.486	0.964	7	389772	0	no-bundle	13	0	1	0	0																		
mcp2k	18255	1	68280	0	9.784	6.911	10	1234804	0	nu-candidate	15	1	1	1	0	1.977	151.6	15	-116.45091	131.60037	325.42258	1.709829	-15.0	1.0	1.0	0.7	0.0	536.9745	9.6176605	0.0	9.6176605	7	12.237533
mcp2k	18255	1	68308	0	12.335	7.990	13	1213696	0	nu-candidate	10	1	1	1	0	1.036	134.1	5	-138.28223	101.61454	84.960754	3.951479	-15.0	1.0	0.0	0.7	0.0	876.657	0.0	0.0	0.0	0	8.677541
mcp2k	18255	1	68316	0	4.823	0.889	5	357736	0	no-beam-flash	14	0	0	0	0																		
mcp2k	18255	1	68346	0	7.054	4.962	9	1129588	0	nu-candidate	8	1	1	1	0	1.600	3.7	20	35.935432	94.55043	376.11108	-1.5497025	-15.0	1.0	0.0	0.7	0.0	85.11847	19.741974	0.0	19.741974	9	15.985826
mcp2k	18255	1	68456	0	5.293	1.703	7	442400	0	nu-candidate	14	2	2	0	0																		
mcp2k	18255	1	68654	0	6.389	4.985	7	1178548	0	nu-candidate	12	1	1	1	0	1.487	4.2	7	-73.435165	-49.36228	405.60193	-1.1833779	-15.0	1.0	0.0	0.7	0.0	89.25789	0.0	0.0	0.0	0	15.855971
mcp2k	18255	1	68726	0	9.716	4.895	11	1127620	0	nu-candidate	13	1	1	1	0	1.442	4.0	13	14.589456	188.99423	144.3692	-2.4407988	-15.0	0.0	1.0	0.7	0.0	53.594673	45.614925	0.0	45.614925	9	8.540235
mcp2k	18255	1	68748	0	16.089	12.441	18	1406924	0	nu-candidate	14	2	2	1	0	0.960	171.5	3	-28.860035	-20.7462	132.7202	1.7861515	-15.0	1.0	1.0	0.7	0.0	1004.3841	1.2236091	0.0	1.2236091	1	4.386037
mcp2k	18255	1	68830	0	9.718	5.844	10	1202988	0	nu-candidate	8	1	1	1	0	1.178	111.4	3	-96.82225	-147.11487	285.20648	2.304236	-15.0	1.0	1.0	0.7	0.0	389.6825	1.5772786	0.0	1.5772786	1	0.98573995
mcp2k	18255	1	69006	0	12.585	8.648	13	1207692	0	nu-candidate	8	1	1	1	0	1.064	163.8	25	-91.48452	-41.62128	337.11258	3.6584117	-11.71118	1.0	0.0	0.7	0.0	1012.3662	35.402016	33.38715	2.0148644	3	21.40663
mcp2k	18255	1	69072	0	4.364	1.044	5	383380	0	cosmic-tagged	11	1	1	0	0																		
mcp2k	18255	1	69144	0	8.257	6.638	9	1235752	0	nu-candidate	11	1	1	1	0	0.634	142.0	6	16.984625	77.296814	398.85495	5.013519	-15.0	1.0	0.0	0.7	0.0	658.56256	81.98801	81.98801	0.0	1	10.706714
mcp2k	18255	1	69152	0	9.373	6.062	10	1223552	0	nu-candidate	14	1	1	1	0	1.257	146.1	1	-16.975916	151.4382	464.36548	5.1476307	-15.0	1.0	0.0	0.7	0.0	661.711	0.0	0.0	0.0	0	0.6792188
mcp2k	18255	1	69232	0	14.057	9.706	16	1325100	0	nu-candidate	13	1	1	1	0	0.744	262.5	6	13.207706	86.53339	300.1601	4.0800266	-9.639943	1.0	0.0	0.7	0.0	1032.8163	1.7369035	0.0	1.7369035	1	12.578983
mcp2k	18255	1	69254	0	7.699	5.797	8	1213740	0	nu-candidate	14	1	1	1	0	1.295	37.3	8	-172.656	50.736267	354.89792	0.49213472	-15.0	1.0	0.0	0.7	0.0	630.2754	0.0	0.0	0.0	0	1.218002
mcp2k	18255	1	69306	0	8.169	5.437	9	1169556	0	nu-candidate	11	2	2	1	0	1.848	80.7	14	124.657745	-17.079586	24.75432	1.6253992	-15.0	1.0	0.0	0.7	0.0	378.0354	0.0	0.0	0.0	0	17.355577
mcp2k	18255	1	69314	0	16.540	13.768	17	1211612	0	nu-candidate	14	1	1	1	0	1.285	171.1	27	-111.33667	-18.643295	165.26605	1.7416564	-15.0	1.0	0.0	0.7	0.0	1712.0079	95.711205	95.711205	0.0	1	23.582829
mcp2k	18255	1	69380	0	5.071	1.533	6	449124	0	cosmic-tagged	14	1	1	0	0																		
mcp2k	18255	1	69386	0	8.517	5.712	9	1264220	0	nu-candidate	14	1	1	1	0	1.613	12.5	3	-112.84106	-105.333916	313.86057	-3.3443506	-15.0	1.0	0.0	0.7	0.0	140.50746	0.0	0.0	0.0	0	5.249406
mcp2k	18255	1	69394	0	6.524	1.361	7	437172	0	no-beam-flash	13	0	0	0	0																		
mcp2k	18255	1	69408	0	3.762	0.646	4	319284	0	cosmic-tagged	6	1	1	0	0																		
mcp2k	18255	1	69518	0	5.380	1.175	6	414468	0	nu-candidate	12	1	1	0	0																		
mcp2k	18255	1	69556	0	8.652	5.748	10	1240180	0	nu-candidate	15	1	1	1	0	1.626	16.2	11	-196.82915	120.17767	159.36043	0.94432956	-15.0	1.0	0.0	0.7	0.0	335.00974	0.49587178	0.0	0.49587178	1	7.0130415
mcp2k	18255	1	69570	0	4.204	1.012	5	354380	0	cosmic-tagged	9	1	1	0	0																		
mcp2k	18255	1	69600	0	4.301	1.066	5	393772	0	cosmic-tagged	17	1	1	0	0																		
mcp2k	18255	1	69618	0	3.281	1.002	5	373732	0	cosmic-tagged	11	1	1	0	0																		
mcp2k	18255	1	69636	0	3.035	0.770	4	335016	0	no-beam-flash	10	0	0	0	0																		
mcp2k	18255	1	69666	0	13.132	8.726	34	1149912	0	nu-candidate	11	1	1	1	0	1.437	191.7	21	168.04694	-193.29266	161.54396	3.1009855	-15.0	1.0	0.0	0.7	0.0	1098.1382	9.043415	0.0	9.043415	6	17.732212
mcp2k	18255	1	69772	0	7.718	1.479	29	448512	0	no-beam-flash	17	0	0	0	0																		
mcp2k	18255	1	69848	0	7.418	0.729	29	322240	0	no-beam-flash	8	0	0	0	0																		
mcp2k	18255	1	69922	0	4.916	0.949	5	368788	0	cosmic-tagged	8	1	1	0	0																		
mcp2k	18255	1	69926	0	5.330	1.501	6	448980	0	cosmic-tagged	14	1	1	0	0																		
mcp2k	18255	1	69936	0	9.538	6.148	10	1196984	0	nu-candidate	10	1	1	1	0	1.045	62.4	3	152.97879	-61.853073	228.39375	0.8081527	-15.0	1.0	0.0	0.7	0.0	326.43094	0.7845626	0.0	0.7845626	1	1.1180857
mcp2k	18255	1	69952	0	4.935	1.303	5	414036	0	cosmic-tagged	17	1	1	0	0																		
mcp2k	18255	1	70010	0	9.318	5.828	10	1229964	0	nu-candidate	11	1	1	1	0	1.107	79.2	0	25.559727	-167.50958	368.70435	2.115311	-15.0	1.0	0.0	0.7	0.0	316.44153	0.0	0.0	0.0	0	0.0
mcp2k	18255	1	70084	0	11.447	8.874	12	1231752	0	nu-candidate	13	1	1	1	0	0.906	106.3	9	-195.68964	13.510985	115.94833	2.1026175	-15.0	1.0	0.0	0.7	0.0	572.64294	1.5252789	0.0	1.5252789	1	9.485573
mcp2k	18255	1	70112	0	4.994	1.429	6	443672	0	no-beam-flash	12	0	0	0	0																		
mcp2k	18255	1	70124	0	5.194	1.827	6	513640	0	cosmic-tagged	14	1	1	0	0																		
mcp2k	18255	1	70128	0	4.381	1.560	6	445556	0	nu-candidate	16	1	2	0	0																		
mcp2k	18255	1	70178	0	8.673	6.080	10	1236072	0	nu-candidate	12	1	1	1	0	1.727	55.3	5	-35.905025	-14.72148	319.5709	2.2470336	-15.0	1.0	0.0	0.7	0.0	447.81708	36.517807	0.0	36.517807	4	0.0
mcp2k	18255	1	70186	0	10.253	7.423	11	1189164	0	nu-candidate	11	1	1	1	0	1.035	198.2	8	39.59672	-192.44379	6.6493754	4.7574916	-15.0	1.0	0.0	0.7	0.0	870.7146	0.0	0.0	0.0	0	2.4002328
mcp2k	18255	1	70222	0	10.166	7.163	11	1162864	0	nu-candidate	8	1	1	1	0	1.239	69.7	8	-181.59496	-138.52914	456.43475	1.7961104	-15.0	1.0	0.0	0.7	0.0	1021.6947	6.0409727	0.0	6.0409727	5	0.0
mcp2k	18255	1	70288	0	7.389	5.381	8	1131404	0	nu-candidate	7	1	1	1	0	1.375	1.6	7	-189.59918	138.04576	195.17505	-3.0193865	-15.0	1.0	0.0	0.7	0.0	112.616356	1.9265007	0.0	1.9265007	1	3.6478753
mcp2k	18255	1	70442	0	4.030	1.334	5	393844	0	cosmic-tagged	12	1	1	0	0																		
mcp2k	18255	1	70472	0	14.650	12.667	15	1306172	0	nu-candidate	11	1	1	1	0	0.764	401.8	15	-89.16458	-193.01813	406.25632	0.77778333	-15.0	1.0	0.0	0.7	0.0	1188.1641	12.5756235	0.0	12.5756235	7	6.671837
mcp2k	18255	1	70486	0	3.933	0.887	5	344176	0	no-bundle	10	0	1	0	0																		
mcp2k	18255	1	70538	0	8.726	6.224	9	1187252	0	nu-candidate	12	1	1	1	0	1.604	72.7	1	-2.0482597	192.16072	6.0242324	-0.43945277	-15.0	1.0	1.0	0.7	0.0	463.34323	0.0	0.0	0.0	0	16.450449
mcp2k	18255	1	70574	0	4.227	1.142	5	384192	0	cosmic-tagged	13	1	1	0	0																		
mcp2k	18255	1	70612	0	7.053	5.847	8	1158668	0	nu-candidate	8	1	1	1	0	1.399	89.6	6	29.687853	-132.31308	34.731853	0.03754624	-15.0	1.0	0.0	0.7	0.0	255.3032	129.6128	129.6128	0.0	1	5.605312
mcp2k	18255	1	70640	0	11.189	9.130	12	1190088	0	nu-candidate	10	1	1	1	0	1.268	178.3	16	-142.1154	132.21576	154.58522	3.163293	-15.0	1.0	0.0	0.7	0.0	1047.47	6.5573134	0.0	6.5573134	4	15.816493
mcp2k	18255	1	70652	0	4.234	1.809	5	509812	0	no-beam-flash	20	0	0	0	0																		
mcp2k	18255	1	70670	0	4.086	1.095	5	377036	0	nu-candidate	13	1	1	0	0																		
mcp2k	18255	1	70692	0	9.234	6.991	10	1172692	0	nu-candidate	14	1	1	1	0	0.759	158.1	10	-134.0478	73.44439	237.94115	3.696591	-15.0	1.0	0.0	0.7	0.0	844.2063	0.7696554	0.0	0.7696554	1	27.70417
mcp2k	18255	1	70696	0	4.289	1.246	5	421056	0	no-bundle	15	0	1	0	0																		
mcp2k	18255	1	70713	0	9.120	6.251	10	1218632	0	nu-candidate	16	1	1	1	0	0.616	79.9	10	-197.69008	142.3355	432.7536	1.4809862	-15.0	1.0	0.0	0.7	0.0	443.12354	16.595013	7.7266545	8.868359	6	4.9670277
mcp2k	18255	1	70735	0	4.183	1.041	5	378464	0	nu-candidate	12	1	1	0	0																		
mcp2k	18255	1	70744	0	4.042	1.038	6	388908	0	cosmic-tagged	16	1	1	0	0																		
mcp2k	18255	1	70750	0	5.026	0.906	6	360048	0	cosmic-tagged	14	1	1	0	0																		
mcp2k	18255	1	70757	0	9.100	5.592	10	1189100	0	nu-candidate	15	1	1	1	0	1.349	23.0	8	52.633045	-189.64526	307.8209	-2.3591552	-15.0	1.0	0.0	0.7	0.0	204.28769	0.0	0.0	0.0	0	13.881856
mcp2k	18255	1	70766	0	12.966	8.460	14	1218944	0	nu-candidate	12	1	1	1	0	0.470	227.1	6	90.56711	119.02401	0.035452954	-3.5315688	-15.0	1.0	1.0	0.2280603	0.0	668.9022	533.46606	0.0	533.46606	5	0.0
mcp2k	18255	1	70779	0	7.251	0.948	8	353708	0	cosmic-tagged	9	1	1	0	0																		
mcp2k	18255	1	70788	0	7.460	1.229	8	411244	0	nu-candidate	14	1	1	0	0																		
mcp2k	18255	1	70810	0	7.102	0.687	8	309976	0	nu-candidate	7	1	1	0	0																		
mcp2k	18255	1	70816	0	6.127	1.266	8	374180	0	cosmic-tagged	8	1	1	0	0																		
mcp2k	18255	1	70882	0	6.260	0.963	8	376580	0	no-beam-flash	11	0	0	0	0																		
mcp2k	18255	1	70912	0	13.241	9.394	14	1168748	0	nu-candidate	8	1	1	1	0	1.322	366.7	3	131.52922	17.1577	175.1521	5.2698116	-15.0	1.0	0.0	0.7	0.0	1165.1852	0.5685273	0.0	0.5685273	1	1.4663417
mcp2k	18255	1	71022	0	9.219	6.114	10	1187676	0	nu-candidate	12	1	1	1	0	1.898	56.0	13	138.60252	160.17426	235.98346	0.8232435	-15.0	1.0	1.0	0.7	0.0	329.18347	8.210498	0.0	8.210498	6	33.017006
mcp2k	18255	1	71088	0	6.545	1.250	7	397776	0	cosmic-tagged	14	1	1	0	0																		
mcp2k	18255	1	71092	0	10.294	6.055	11	1163104	0	nu-candidate	8	1	1	1	0	0.828	64.8	7	-106.78613	-123.86245	3.4382005	-1.5964118	-15.0	1.0	0.0	0.12956943	0.0	314.0578	137.23024	137.23024	0.0	2	8.446919
mcp2k	18255	1	71102	0	5.387	1.146	6	379840	0	no-bundle	8	0	1	0	0																		
mcp2k	18255	1	71140	0	4.189	0.973	5	360444	0	no-beam-flash	11	0	0	0	0																		
mcp2k	18255	1	71286	0	6.305	1.323	7	403856	0	no-beam-flash	14	0	0	0	0																		
mcp2k	18255	1	71290	0	13.334	8.311	14	1255712	0	nu-candidate	14	1	1	1	0	1.996	148.3	3	14.906249	-38.25803	349.9732	3.3531532	-15.0	1.0	0.0	0.7	0.0	505.15903	275.91336	274.90707	1.0062789	3	1.7228092
mcp2k	18255	1	71466	0	6.181	1.115	7	355236	0	cosmic-tagged	10	1	1	0	0																		
mcp2k	18255	1	71558	0	6.277	1.676	7	446080	0	cosmic-tagged	15	1	1	0	0																		
mcp2k	18255	1	71638	0	6.086	0.775	7	325556	0	no-beam-flash	11	0	0	0	0																		
mcp2k	18255	1	71642	0	16.087	13.377	17	1201196	0	nu-candidate	7	1	1	1	0	0.630	138.4	60	23.696651	53.5602	139.21797	1.2268162	-3.040582	1.0	0.0	0.7	0.0	1832.7675	0.86916953	0.0	0.86916953	1	216.11118
mcp2k	18255	1	71646	0	5.318	1.649	7	487180	0	cosmic-tagged	17	1	1	0	0																		
mcp2k	18255	1	71681	0	7.769	3.644	9	491596	0	cosmic-tagged	8	2	2	0	0																		
mcp2k	18255	1	71704	0	3.950	1.133	5	336808	0	cosmic-tagged	7	1	1	0	0																		
mcp2k	18255	1	71748	0	9.438	6.750	11	1204652	0	nu-candidate	15	1	1	1	0	1.766	71.0	12	82.72159	-192.19922	345.90454	3.1452863	-15.0	1.0	0.0	0.7	0.0	655.2385	0.6743092	0.0	0.6743092	1	62.049007
mcp2k	18255	1	71778	0	9.698	7.836	11	1298836	0	nu-candidate	13	1	1	1	0	1.991	262.9	10	-121.24156	-11.775357	247.2784	3.8187904	-15.0	1.0	0.0	0.7	0.0	752.4392	3.8081713	0.0	3.8081713	3	9.024903
mcp2k	18255	1	71806	0	5.014	0.913	7	344796	0	cosmic-tagged	9	1	1	0	0																		
mcp2k	18255	1	71872	0	11.827	8.504	14	1176568	0	nu-candidate	11	1	1	1	0	1.454	73.3	43	145.04298	119.15053	52.01397	1.1437068	-15.0	1.0	0.0	0.7	0.0	857.98956	49.389694	48.35333	1.0363643	2	121.71783
mcp2k	18255	1	71902	0	5.134	0.836	7	336496	0	nu-candidate	10	1	1	0	0																		
mcp2k	18255	1	71945	0	6.548	3.077	7	498944	0	cosmic-tagged	12	1	1	0	0																		
mcp2k	18255	1	71976	0	5.275	1.326	6	422320	0	cosmic-tagged	14	1	1	0	0																		
mcp2k	18255	1	72055	0	11.500	8.633	12	1207740	0	nu-candidate	9	1	1	1	0	1.363	233.7	6	-171.90787	-149.34569	7.3054037	5.2641993	-15.0	1.0	0.0	0.7	0.0	839.3253	4.093664	0.0	4.093664	3	4.8214912
mcp2k	18255	1	72082	0	5.200	1.200	6	413252	0	cosmic-tagged	15	1	1	0	0																		
mcp2k	18255	1	72092	0	6.325	1.221	7	383620	0	cosmic-tagged	17	1	1	0	0																		
mcp2k	18255	1	72099	0	11.374	7.556	12	1221160	0	nu-candidate	10	1	1	1	0	1.133	196.5	11	181.14363	199.48186	440.24417	-2.4978023	-15.0	1.0	1.0	0.7	0.0	611.1927	20.033424	0.0	20.033424	10	1.0221261
mcp2k	18255	1	72170	0	11.949	8.480	14	1201512	0	nu-candidate	14	1	1	1	0	1.712	220.7	2	-56.217716	-14.176975	317.70743	3.1634283	-15.0	1.0	0.0	0.7	0.0	1040.5137	0.0	0.0	0.0	0	2.8373122
mcp2k	18255	1	72174	0	10.880	7.732	12	1204156	0	nu-candidate	6	1	1	1	0	0.971	165.5	5	45.334442	33.23563	274.34125	4.2942276	-15.0	1.0	0.0	0.7	0.0	594.0012	0.0	0.0	0.0	0	5.6886854
mcp2k	18255	1	72196	0	10.365	6.740	11	1187620	0	nu-candidate	7	1	1	1	0	1.749	163.8	8	-173.41893	73.947365	352.11438	2.3152711	-15.0	1.0	0.0	0.7	0.0	557.80725	54.714684	0.0	54.714684	3	2.9127462
mcp2k	18255	1	72202	0	4.815	0.753	5	328148	0	nu-candidate	8	1	1	0	0																		
mcp2k	18255	1	72236	0	4.972	1.135	5	411628	0	cosmic-tagged	9	1	1	0	0																		
mcp2k	18255	1	72254	0	4.745	1.184	5	401804	0	no-beam-flash	15	0	0	0	0																		
mcp2k	18255	1	72275	0	21.763	18.537	22	1258584	0	nu-candidate	9	1	1	1	0	1.856	15.0	0	73.70265	90.94211	198.95885	4.5354147	-15.0	1.0	0.0	0.7	0.0	1276.9308	2.3075058	0.0	2.3075058	1	26.535496
mcp2k	18255	1	72280	0	7.528	5.330	8	1167296	0	nu-candidate	8	1	1	1	0	1.457	16.2	7	115.70187	-87.32062	120.96217	-2.8553452	-15.0	1.0	0.0	0.7	0.0	156.48528	12.558522	0.0	12.558522	2	5.0239487
mcp2k	18255	1	72298	0	6.299	1.235	7	413840	0	cosmic-tagged	14	1	1	0	0																		
mcp2k	18255	1	72320	0	6.341	1.377	7	435348	0	nu-candidate	18	1	1	0	0																		
mcp2k	18255	1	72378	0	5.110	1.028	6	375096	0	nu-candidate	13	1	1	0	0																		
mcp2k	18255	1	72386	0	5.160	1.047	6	382716	0	cosmic-tagged	10	1	1	0	0																		
mcp2k	18255	1	72488	0	6.783	3.862	8	529272	0	cosmic-tagged	16	1	1	0	0																		
mcp2k	18255	1	72504	0	5.014	0.903	6	360132	0	no-bundle	12	0	1	0	0																		
mcp2k	18255	1	72570	0	5.059	1.217	6	404796	0	cosmic-tagged	13	1	1	0	0																		
mcp2k	18255	1	72649	0	8.924	4.997	10	1106412	0	nu-candidate	9	1	1	1	0	0.887	18.7	9	193.15408	16.3165	75.15939	-3.1033595	-15.0	1.0	0.0	0.7	0.0	172.83195	4.2048936	0.0	4.2048936	3	7.750746
mcp2k	18255	1	72742	0	10.022	6.199	12	1281944	0	nu-candidate	15	1	1	1	0	1.677	32.6	3	-179.43373	-99.95309	482.75153	3.53663	-15.0	1.0	0.0	0.7	0.0	247.56671	2.451445	0.0	2.451445	2	0.26572257
mcp2k	18255	1	72759	0	9.865	6.891	11	1136340	0	nu-candidate	11	1	1	1	0	1.763	122.8	2	-7.7780867	-190.47868	248.60254	-0.20851871	-15.0	1.0	0.0	0.7	0.0	210.207	334.02005	0.0	334.02005	4	25.385706
mcp2k	18255	1	72760	0	8.164	5.028	10	1155976	0	nu-candidate	14	1	1	1	0	1.685	1.9	1	-54.77001	9.2965145	124.42343	-2.26874	-15.0	1.0	0.0	0.7	0.0	107.61059	0.0	0.0	0.0	0	0.0
mcp2k	18255	1	72764	0	5.769	0.933	6	377300	0	cosmic-tagged	13	1	1	0	0																		
mcp2k	18255	1	72768	0	9.415	5.893	10	1171564	0	nu-candidate	12	1	1	1	0	1.144	58.8	15	119.794655	19.635387	357.3262	1.2865773	-15.0	1.0	0.0	0.7	0.0	567.5058	0.0	0.0	0.0	0	87.47952
mcp2k	18255	1	72786	0	15.258	11.833	16	1209440	0	nu-candidate	6	1	1	1	0	0.622	151.2	24	-152.70732	152.00925	111.751015	1.1067234	-15.0	1.0	0.0	0.7	0.0	692.19293	1140.937	0.0	1140.937	9	10.06555
mcp2k	18255	1	72818	0	5.242	1.202	7	406204	0	nu-candidate	14	1	1	0	0																		
mcp2k	18255	1	72840	0	9.949	5.944	12	1173840	0	nu-candidate	13	1	1	1	0	0.580	97.7	1	-18.651863	-136.15326	466.12408	3.7605572	-15.0	1.0	0.0	0.7	0.0	583.7041	0.0	0.0	0.0	0	0.0
mcp2k	18255	1	72848	0	5.522	1.835	7	446928	0	cosmic-tagged	17	1	1	0	0																		
mcp2k	18255	1	72940	0	12.493	8.618	14	1169568	0	nu-candidate	12	1	1	1	0	1.483	269.4	8	81.25004	8.836669	355.3315	4.727996	-15.0	1.0	0.0	0.7	0.0	1041.7339	0.0	0.0	0.0	0	6.7226663
mcp2k	18255	1	73038	0	10.150	6.290	12	1284324	0	cosmic-tagged	15	1	1	1	0	0.968	15.4	0	-1.6892387	-29.882187	113.221	-2.5030892	-15.0	1.0	0.0	0.7	0.0	46.64471	0.8885835	0.0	0.8885835	2	3.384941
mcp2k	18255	1	73054	0	9.901	6.460	10	1212752	0	nu-candidate	11	1	1	1	0	1.866	71.5	3	-28.061163	98.005424	474.67575	3.6379278	-15.0	1.0	0.0	0.7	0.0	486.12875	0.0	0.0	0.0	0	23.19147
mcp2k	18255	1	73068	0	4.057	1.277	5	419372	0	cosmic-tagged	15	1	1	0	0																		
mcp2k	18255	1	73199	0	4.625	0.932	6	350720	0	nu-candidate	11	1	1	0	0																		
mcp2k	18255	1	73270	0	3.362	1.064	5	378556	0	no-bundle	11	0	1	0	0																		
mcp2k	18255	1	73324	0	6.717	4.976	7	1142916	0	nu-candidate	10	1	1	1	0	1.103	2.2	0	101.425606	44.17507	252.10867	-2.4810498	-15.0	1.0	0.0	0.7	0.0	3.053969	0.0	0.0	0.0	0	0.0
mcp2k	18255	1	73336	0	11.486	6.968	12	1147676	0	nu-candidate	11	1	1	1	0	1.886	40.5	22	-43.2007	40.80663	461.011	0.39760643	-15.0	1.0	0.0	0.7	0.0	648.63715	1.8193159	0.0	1.8193159	1	21.00246
mcp2k	18255	1	73380	0	4.874	0.743	5	332104	0	nu-candidate	10	1	1	0	0																		
mcp2k	18255	1	73412	0	10.502	7.541	11	1232776	0	nu-candidate	14	1	1	1	0	1.209	203.8	2	76.19034	142.09293	127.18248	2.4482675	-15.0	1.0	0.0	0.7	0.0	615.2617	99.062	99.062	0.0	1	1.7588267
mcp2k	18255	1	73450	0	7.569	3.931	8	712544	0	cosmic-tagged	9	1	1	1	0	0.863	1.1	0	0.0	0.0	0.0	-1.9416895	-15.0	1.0	0.0	0.7	0.0	0.0	0.0	0.0	0.0	0	0.0
mcp2k	18255	1	73472	0	6.163	1.169	7	392624	0	cosmic-tagged	9	1	1	0	0																		
mcp2k	18255	1	73500	0	7.553	3.820	9	712060	0	cosmic-tagged	9	1	1	1	0	0.950	2.3	0	0.0	0.0	0.0	-1.9416895	-15.0	1.0	0.0	0.7	0.0	0.0	0.0	0.0	0.0	0	0.0
mcp2k	18255	1	73507	0	4.838	0.861	6	344416	0	cosmic-tagged	10	1	1	0	0																		
mcp2k	18255	1	73534	0	4.845	1.025	6	384816	0	no-beam-flash	14	0	0	0	0																		
mcp2k	18255	1	73538	0	10.468	7.014	12	1162576	0	nu-candidate	10	1	1	1	0	2.053	143.7	3	-76.52895	195.37161	248.21133	0.846717	-15.0	1.0	1.0	0.7	0.0	507.37494	4.0605464	0.0	4.0605464	3	0.0
mcp2k	18255	1	73640	0	5.114	0.817	7	336244	0	no-bundle	7	0	1	0	0																		
mcp2k	18255	1	73662	0	5.149	1.273	7	427220	0	nu-candidate	17	1	2	0	0																		
mcp2k	18255	1	73688	0	18.309	15.756	19	1218756	0	nu-candidate	9	1	1	1	0	1.462	350.4	23	-55.715508	73.253525	171.95296	1.9262025	-15.0	1.0	0.0	0.7	0.0	726.79407	939.8739	932.7428	7.1311345	9	18.452545
mcp2k	18255	1	73698	0	8.802	5.584	10	1185776	0	nu-candidate	13	1	1	1	0	1.159	41.3	2	186.50894	157.39607	213.80647	2.3809495	-15.0	1.0	0.0	0.7	0.0	400.65952	22.729136	0.0	22.729136	1	1.8813976
mcp2k	18255	1	73705	0	7.816	5.004	9	1113380	0	nu-candidate	10	1	1	1	0	0.845	10.0	9	-36.6268	-36.043697	37.107433	-2.270478	-15.0	1.0	0.0	0.7	0.0	121.52215	2.3128703	0.0	2.3128703	2	11.266047
mcp2k	18255	1	73727	0	11.533	7.075	13	1231504	0	nu-candidate	13	1	1	1	0	0.866	227.8	5	-4.77844	-157.66618	58.764954	3.1646693	-15.0	1.0	0.0	0.7	0.0	659.37494	20.31686	0.0	20.31686	4	2.1403944
mcp2k	18255	1	73732	0	6.492	1.316	8	405492	0	cosmic-tagged	12	1	1	0	0																		
mcp2k	18255	1	73754	0	4.101	0.711	6	322404	0	cosmic-tagged	10	1	1	0	0																		
mcp2k	18255	1	73793	0	6.098	1.121	7	397220	0	nu-candidate	10	1	1	0	0																		
mcp2k	18255	1	73838	0	11.398	7.067	13	1189588	0	nu-candidate	11	1	1	1	0	1.929	249.0	5	146.62575	81.06939	267.42368	3.7235975	-15.0	1.0	0.0	0.7	0.0	710.45935	1.2929622	0.0	1.2929622	1	9.0639925
mcp2k	18255	1	73852	0	4.847	1.059	5	354788	0	cosmic-tagged	9	1	1	0	0																		
mcp2k	18255	1	73926	0	6.062	1.150	7	391728	0	cosmic-tagged	8	1	1	0	0																		
mcp2k	18255	1	73991	0	8.884	6.028	10	1144140	0	nu-candidate	9	1	1	1	0	0.953	173.6	3	4.9013615	-25.398811	414.92688	1.661295	-15.0	1.0	0.0	0.7	0.0	677.433	1.7075726	0.0	1.7075726	1	3.8622952
mcp2k	18255	1	73992	0	6.117	1.065	7	389772	0	cosmic-tagged	13	1	1	0	0																		
mcp2k	18255	1	73996	0	6.050	1.433	7	382120	0	cosmic-tagged	14	1	1	0	0																		
mcp2k	18255	1	74094	0	6.020	1.035	7	370776	0	no-beam-flash	11	0	0	0	0																		
mcp2k	18255	1	74123	0	7.873	6.290	9	1217812	0	nu-candidate	17	1	1	1	0	1.573	54.4	17	163.24315	82.19534	227.04013	2.1118073	-15.0	1.0	1.0	0.7	0.0	640.38586	0.0	0.0	0.0	0	9.277577
mcp2k	18255	1	74128	0	4.762	0.839	6	347128	0	cosmic-tagged	10	2	2	0	0																		
mcp2k	18255	1	74146	0	9.031	6.150	10	1159916	0	nu-candidate	10	1	1	1	0	1.538	108.8	8	-161.28596	120.64082	321.975	0.9352465	-15.0	1.0	0.0	0.7	0.0	549.70087	26.109943	25.49951	0.61043286	2	16.689255
mcp2k	18255	1	74160	0	5.965	1.039	7	367088	0	cosmic-tagged	12	1	1	0	0																		
mcp2k	18255	1	74190	0	8.961	5.829	10	1130544	0	cosmic-tagged	6	1	1	1	0	1.359	76.4	4	-179.68358	-42.305317	41.635414	-1.392839	-15.0	1.0	0.0	0.7	0.0	392.73505	4.4341903	0.0	4.4341903	3	1.4007642
mcp2k	18255	1	74270	0	8.780	5.307	9	1189904	0	nu-candidate	15	1	1	1	0	1.039	19.6	3	75.27973	28.16043	498.12207	-1.4938312	-15.0	1.0	0.0	0.7	0.0	68.72494	3.1310039	0.0	3.1310039	3	0.0
mcp2k	18255	1	74326	0	15.742	12.382	17	1239976	0	nu-candidate	12	1	1	1	0	1.848	122.6	19	64.797165	107.43556	392.3104	2.278583	-15.0	1.0	0.0	0.7	0.0	1677.9436	179.72736	178.95384	0.7735141	3	41.351524
mcp2k	18255	1	74336	0	9.502	6.523	11	1231992	0	nu-candidate	17	1	1	1	0	1.170	114.7	16	-28.735401	-69.13574	99.60806	-0.64698195	-15.0	1.0	0.0	0.7	0.0	426.40814	327.70273	0.0	327.70273	7	8.279702
mcp2k	18255	1	74380	0	9.382	6.501	11	1127360	0	nu-candidate	8	1	1	1	0	1.442	142.4	2	-134.3196	4.5869536	300.00543	2.4756646	-15.0	1.0	0.0	0.7	0.0	766.68225	1.0015749	0.0	1.0015749	1	0.9628907
mcp2k	18255	1	74414	0	8.628	5.680	9	1188976	0	nu-candidate	16	1	1	1	0	1.809	29.5	5	-153.73207	1.5638527	300.09818	-0.052879084	-15.0	1.0	0.0	0.7	0.0	220.97552	0.0	0.0	0.0	0	3.6865258
mcp2k	18255	1	74732	0	4.896	0.890	5	350124	0	cosmic-tagged	9	1	1	0	0																		
mcp2k	18255	1	74783	0	3.779	0.774	4	340444	0	nu-candidate	11	1	1	0	0																		
mcp2k	18255	1	74784	0	11.795	9.385	14	1179060	0	nu-candidate	8	1	1	1	0	0.718	280.9	4	101.98705	96.95265	129.8569	2.0560677	-15.0	1.0	0.0	0.7	0.0	865.14435	45.808826	44.17329	1.635536	2	2.1795282
mcp2k	18255	1	74810	0	3.705	1.317	4	421096	0	no-bundle	12	0	1	0	0																		
mcp2k	18255	1	74849	0	5.401	1.066	6	371636	0	cosmic-tagged	10	1	1	0	0																		
mcp2k	18255	1	74854	0	8.894	5.874	11	1180152	0	nu-candidate	13	1	1	1	0	1.090	134.1	1	-56.67325	-173.10239	372.62045	1.7904143	-15.0	1.0	0.0	0.7	0.0	444.2638	1.8885813	0.0	1.8885813	1	0.0
mcp2k	18255	1	74938	0	3.810	1.024	5	375080	0	cosmic-tagged	11	1	1	0	0																		
mcp2k	18255	1	75004	0	8.646	5.331	9	1167856	0	nu-candidate	11	1	1	1	0	1.536	2.2	8	16.881266	-57.48903	24.666214	-1.4016306	-15.0	1.0	0.0	0.7	0.0	116.159515	5.7393155	0.0	5.7393155	3	8.670848
mcp2k	18255	1	75040	0	10.633	8.772	11	1311756	0	nu-candidate	14	1	1	1	0	1.516	160.2	5	-76.74922	-34.570686	155.37762	2.1721966	-15.0	1.0	0.0	0.7	0.0	526.39667	40.80497	39.97081	0.8341594	3	4.533041
mcp2k	18255	1	75052	0	8.820	5.934	10	1167564	0	nu-candidate	8	1	1	1	0	1.595	93.5	8	-173.46895	111.42902	253.43343	-0.09474617	-15.0	1.0	0.0	0.7	0.0	514.3017	5.542957	0.0	5.542957	2	7.5339684
mcp2k	18255	1	75113	0	6.996	5.259	9	1132780	0	cosmic-tagged	11	1	1	1	0	1.929	24.7	4	-32.511154	-77.87778	439.23273	-2.850458	-15.0	1.0	0.0	0.7	0.0	199.6949	0.0	0.0	0.0	0	5.4633465
mcp2k	18255	1	75128	0	4.022	0.870	6	347984	0	nu-candidate	10	1	1	0	0																		
mcp2k	18255	1	75135	0	9.670	7.787	12	1224020	0	nu-candidate	12	1	1	1	0	0.827	126.8	7	141.82501	26.521734	74.83172	3.9561305	-15.0	1.0	0.0	0.7	0.0	681.55743	2.892664	0.0	2.892664	3	4.409374
mcp2k	18255	1	75158	0	4.017	0.840	6	357936	0	no-bundle	12	0	1	0	0																		
mcp2k	18255	1	75206	0	23.998	21.841	26	1199596	0	nu-candidate	8	1	1	1	0	1.913	290.2	23	-123.625404	46.932724	188.00262	2.461598	-15.0	1.0	1.0	0.7	0.0	499.92615	656.11707	640.2219	15.895132	5	4.739348
mcp2k	18255	1	75289	0	4.954	0.872	5	358064	0	no-beam-flash	10	0	0	0	0																		
mcp2k	18255	1	75316	0	10.656	7.684	12	1221680	0	nu-candidate	13	1	1	1	0	0.954	153.4	9	123.65563	-105.49393	418.27628	1.6381956	-15.0	1.0	0.0	0.7	0.0	313.34232	332.49283	329.97226	2.5205789	3	11.845294
mcp2k	18255	1	75334	0	3.918	1.287	5	402840	0	cosmic-tagged	16	1	1	0	0																		
mcp2k	18255	1	75338	0	4.996	0.871	5	354680	0	nu-candidate	15	1	1	0	0																		
mcp2k	18255	1	75355	0	3.745	0.627	4	304152	0	no-bundle	8	0	1	0	0																		
mcp2k	18255	1	75377	0	9.664	6.864	10	1211400	0	nu-candidate	15	1	1	1	0	1.011	162.2	2	128.32457	-83.762856	351.38306	5.0719047	-15.0	1.0	0.0	0.7	0.0	598.79785	1.7160975	0.0	1.7160975	2	0.0
mcp2k	18255	1	75399	0	4.993	1.412	6	456384	0	no-bundle	12	0	1	0	0																		
mcp2k	18255	1	75488	0	5.039	1.209	6	420116	0	cosmic-tagged	17	1	1	0	0																		
mcp2k	18255	1	75554	0	10.516	8.093	11	1142216	0	nu-candidate	4	1	1	1	0	1.889	126.7	30	150.55101	-198.7197	41.182255	-0.21949461	-15.0	1.0	1.0	0.7	0.0	1070.3168	7.0307894	0.0	7.0307894	6	0.35651731
mcp2k	18255	1	75590	0	4.647	0.903	5	351628	0	cosmic-tagged	6	1	1	0	0																		
mcp2k	18255	1	75668	0	9.446	6.222	10	1196008	0	cosmic-tagged	7	1	1	1	0	0.285	15.6	0	-24.472841	199.34427	383.03183	-1.262638	-15.0	1.0	1.0	0.7	0.0	52.72837	0.0	0.0	0.0	0	0.0
mcp2k	18255	1	75678	0	8.006	5.662	9	1139284	0	nu-candidate	11	1	1	1	0	1.938	43.4	13	-165.31688	-153.44054	376.75845	0.47742555	-15.0	1.0	0.0	0.7	0.0	262.6944	2.8285208	0.0	2.8285208	3	16.70571
mcp2k	18255	1	75700	0	12.222	7.620	13	1224688	0	nu-candidate	13	1	1	1	0	1.736	116.6	11	-97.13145	-42.339943	31.266712	1.7510002	-15.0	1.0	0.0	0.7	0.0	755.4565	2.0393114	0.0	2.0393114	2	12.72059
mcp2k	18255	1	75729	0	9.653	6.513	10	1186328	0	nu-candidate	13	1	1	1	0	1.632	52.1	11	-76.48566	-170.7567	368.9639	1.0699092	-15.0	1.0	0.0	0.7	0.0	455.2237	426.57574	0.0	426.57574	1	14.899682
mcp2k	18255	1	75730	0	9.428	5.951	10	1164368	0	nu-candidate	9	1	1	1	0	0.874	58.9	13	43.96761	-188.74492	138.95685	1.6641525	-15.0	1.0	1.0	0.7	0.0	373.5464	2.8865614	0.0	2.8865614	1	84.36106
mcp2k	18255	1	75795	0	11.422	8.930	13	1212400	0	nu-candidate	13	1	1	1	0	1.060	121.5	8	-196.52086	118.38613	176.70345	2.5691452	-15.0	1.0	0.0	0.7	0.0	757.098	5.480838	0.0	5.480838	3	1.5443252
mcp2k	18255	1	75862	0	11.123	7.981	13	1133908	0	nu-candidate	9	1	1	1	0	1.840	115.3	16	79.394714	14.270314	256.63892	3.718323	-7.7959704	1.0	0.0	0.7	0.0	559.889	2.5739005	0.0	2.5739005	2	1.3628285
mcp2k	18255	1	75954	0	13.084	10.516	15	1312596	0	nu-candidate	17	1	1	1	0	1.283	56.9	10	183.7855	-187.67552	119.27578	0.35022244	11.388884	1.0	0.0	0.7	0.0	839.4502	3.2299109	0.0	3.2299109	1	0.0
mcp2k	18255	1	75976	0	7.516	5.755	9	1142756	0	nu-candidate	8	1	1	1	0	0.205	2.8	10	150.43587	-182.85988	390.71323	-2.5108376	-15.0	1.0	0.0	0.7	0.0	61.226807	3.0559373	0.0	3.0559373	3	8.206053
mcp2k	18255	1	76038	0	11.498	9.008	12	1294548	0	nu-candidate	15	1	1	1	0	1.917	225.0	2	194.72432	-78.16185	317.8823	5.242718	-15.0	1.0	0.0	0.7	0.0	739.44556	1.2561249	0.0	1.2561249	1	0.72423875
mcp2k	18255	1	76059	0	8.430	6.469	9	1188376	0	nu-candidate	9	1	1	1	0	1.654	30.0	8	-174.13232	-184.34998	378.08087	2.4388487	-15.0	1.0	0.0	0.7	0.0	509.4162	2.7014976	0.0	2.7014976	2	12.72186
mcp2k	18255	1	76147	0	4.635	2.209	5	445584	0	cosmic-tagged	11	1	1	0	0																		
mcp2k	18255	1	76170	0	12.935	10.466	14	1250456	0	cosmic-tagged	11	1	1	1	0	1.251	373.6	13	-4.476355	-47.429035	129.80553	4.968793	-15.0	1.0	0.0	0.7	0.0	1033.92	16.94599	0.0	16.94599	8	11.626335
mcp2k	18255	1	76206	0	3.768	1.792	4	505732	0	no-beam-flash	13	0	0	0	0																		
mcp2k	18255	1	76228	0	2.432	1.208	3	389392	0	nu-candidate	14	1	1	0	0																		
mcp2k	18255	1	76250	0	9.670	6.535	10	1186560	0	nu-candidate	11	1	1	1	0	1.837	142.2	3	-165.91919	-115.50406	175.59987	3.078046	-15.0	1.0	0.0	0.7	0.0	596.97675	3.1687489	0.0	3.1687489	3	0.0
mcp2k	18255	1	76257	0	4.324	0.973	5	350352	0	no-beam-flash	13	0	0	0	0																		
mcp2k	18255	1	76280	0	9.624	6.370	10	1219132	0	nu-candidate	11	1	1	1	0	1.403	84.3	13	174.14029	65.38353	267.52994	2.6921632	-15.0	1.0	0.0	0.7	0.0	563.61847	4.3464403	0.0	4.3464403	3	64.21318
mcp2k	18255	1	76346	0	9.268	6.371	11	1173076	0	nu-candidate	11	1	1	1	0	1.669	22.0	16	-79.00979	-55.303993	341.55676	-1.3677757	-15.0	1.0	1.0	0.7	0.0	556.83887	28.058302	0.0	28.058302	3	242.3722
mcp2k	18255	1	76350	0	18.508	14.422	20	1239228	0	nu-candidate	14	1	1	1	0	0.726	86.2	43	101.895874	-180.79128	407.13058	-0.3978506	-6.5664186	1.0	0.0	0.7	0.0	1178.8135	0.0	0.0	0.0	0	88.11261
mcp2k	18255	1	76631	0	5.231	1.284	6	393296	0	cosmic-tagged	10	1	1	0	0																		
mcp2k	18255	1	76712	0	5.235	1.002	6	369524	0	no-beam-flash	9	0	0	0	0																		
mcp2k	18255	1	76822	0	5.183	1.117	6	374280	0	no-beam-flash	10	0	0	0	0																		
mcp2k	18255	1	76829	0	6.229	0.789	8	322900	0	cosmic-tagged	10	1	1	0	0																		
mcp2k	18255	1	76866	0	10.429	6.091	12	1177884	0	nu-candidate	8	1	1	1	0	1.234	22.7	10	52.901146	-188.91064	167.42166	-0.4470813	-15.0	1.0	1.0	0.7	0.0	187.63257	15.65156	0.0	15.65156	7	4.4018517
mcp2k	18255	1	76873	0	6.287	1.185	8	401380	0	nu-candidate	11	1	1	0	0																		
mcp2k	18255	1	76888	0	10.466	5.653	12	1202732	0	nu-candidate	11	1	1	1	0	1.334	28.4	5	59.586597	147.14027	481.72763	2.9186642	-15.0	1.0	0.0	0.7	0.0	316.5655	4.612246	0.0	4.612246	5	0.0
mcp2k	18255	1	76910	0	5.928	0.911	7	337464	0	cosmic-tagged	10	1	1	0	0																		
mcp2k	18255	1	76922	0	6.041	0.799	7	335500	0	no-bundle	9	0	1	0	0																		
mcp2k	18255	1	76944	0	4.848	0.905	5	353964	0	no-bundle	10	0	1	0	0																		
mcp2k	18255	1	76998	0	10.048	6.118	11	1189024	0	nu-candidate	12	1	1	1	0	1.955	197.8	4	-103.38988	90.11383	262.69556	3.154371	-15.0	1.0	0.0	0.7	0.0	583.2944	0.0	0.0	0.0	0	4.9332623
mcp2k	18255	1	77020	0	5.152	1.213	7	394120	0	cosmic-tagged	11	1	2	0	0																		
mcp2k	18255	1	77054	0	3.566	1.116	4	385612	0	no-beam-flash	10	0	0	0	0																		
mcp2k	18255	1	77098	0	5.064	1.013	7	367780	0	no-beam-flash	15	0	0	0	0																		
mcp2k	18255	1	77130	0	5.098	1.144	7	391272	0	no-bundle	13	0	1	0	0																		
mcp2k	18255	1	77328	0	14.520	12.238	16	1219436	0	nu-candidate	11	1	1	1	0	1.786	305.1	4	-45.94855	-143.20224	222.84587	2.6310334	-15.0	1.0	0.0	0.7	0.0	1054.9174	0.75505847	0.0	0.75505847	1	156.7072
mcp2k	18255	1	77335	0	5.008	0.920	7	362540	0	nu-candidate	10	1	1	0	0																		
mcp2k	18255	1	77379	0	6.363	1.435	8	455472	0	nu-candidate	17	1	1	0	0																		
mcp2k	18255	1	77394	0	7.066	0.856	8	329060	0	no-beam-flash	9	0	0	0	0																		
mcp2k	18255	1	77406	0	7.342	1.169	8	368632	0	no-beam-flash	9	0	0	0	0																		
mcp2k	18255	1	77489	0	7.120	1.019	8	361800	0	nu-candidate	14	1	1	0	0																		
mcp2k	18255	1	77604	0	7.366	1.934	8	458976	0	cosmic-tagged	10	1	1	0	0																		
mcp2k	18255	1	77702	0	13.166	9.732	14	1284332	0	nu-candidate	17	1	1	1	0	1.215	338.7	6	-38.4755	45.71154	130.30986	4.4726896	-15.0	1.0	0.0	0.7	0.0	992.0954	77.329216	0.0	77.329216	1	7.283277
mcp2k	18255	1	77731	0	4.980	0.921	6	355652	0	cosmic-tagged	11	1	1	0	0																		
mcp2k	18255	1	77846	0	8.916	6.308	10	1160908	0	nu-candidate	12	1	1	1	0	1.969	164.0	8	-23.439676	98.43918	251.81046	3.9532743	-15.0	1.0	0.0	0.7	0.0	645.1578	3.805169	0.0	3.805169	2	11.50836
mcp2k	18255	1	77878	0	15.857	11.719	17	1158076	0	nu-candidate	10	1	1	1	0	1.391	217.7	10	58.41099	-62.087418	290.17615	2.2088122	-15.0	1.0	0.0	0.7	0.0	795.01697	312.2461	311.2462	0.9999182	3	9.185984
mcp2k	18255	1	77885	0	6.806	1.695	8	487424	0	cosmic-tagged	8	1	1	0	0																		
mcp2k	18255	1	77922	0	4.840	1.520	5	436536	0	cosmic-tagged	14	1	1	0	0																		
mcp2k	18255	1	77978	0	9.519	6.522	11	1172760	0	nu-candidate	13	1	1	1	0	0.825	138.2	3	-7.922496	-118.58015	358.16928	0.73048216	-15.0	1.0	0.0	0.7	0.0	618.7359	0.0	0.0	0.0	0	1.2580715
mcp2k	18255	1	78010	0	5.139	1.043	6	364928	0	no-bundle	13	0	1	0	0																		
mcp2k	18255	1	78032	0	17.830	14.190	18	1222536	0	cosmic-tagged	9	1	1	1	0	0.731	3.5	0	-91.15287	116.16955	74.92656	5.5706367	-15.0	1.0	0.0	0.7	0.0	1163.0829	99.57813	0.0	99.57813	2	6.5931854
mcp2k	18255	1	78120	0	10.707	5.834	11	1150360	0	nu-candidate	7	1	1	1	0	0.604	93.8	2	196.89432	-112.71485	54.401157	1.0778772	-15.0	1.0	1.0	0.7	0.0	601.1661	0.0	0.0	0.0	0	239.19305
mcp2k	18255	1	78242	0	19.263	15.198	20	1257088	0	nu-candidate	13	1	1	1	0	1.907	314.4	8	-90.75344	8.831151	66.70774	3.0832567	-15.0	1.0	0.0	0.7	0.0	1462.1152	1.3559957	0.0	1.3559957	1	394.08743
mcp2k	18255	1	78259	0	10.917	6.447	12	1255976	0	nu-candidate	18	1	1	1	0	0.940	20.8	1	148.74048	-169.89073	444.94684	-0.75708914	-15.0	1.0	1.0	0.7	0.0	204.89249	0.0	0.0	0.0	0	0.0
mcp2k	18255	1	78369	0	5.395	1.730	6	398896	0	cosmic-tagged	9	1	1	0	0																		
mcp2k	18255	1	78523	0	5.482	1.140	6	377968	0	cosmic-tagged	11	1	1	0	0																		
mcp2k	18255	1	78582	0	10.821	6.006	11	1199056	0	nu-candidate	15	1	1	1	0	1.974	1.9	2	100.45548	-139.67477	320.77594	-2.2987657	-15.0	1.0	0.0	0.7	0.0	110.181076	0.0	0.0	0.0	0	2.591802
mcp2k	18255	1	78677	0	5.146	0.791	6	317624	0	no-beam-flash	11	0	0	0	0																		
mcp2k	18255	1	78682	0	6.702	5.111	8	1110860	0	nu-candidate	11	1	1	1	0	1.438	1.6	5	153.96495	-185.21797	22.124596	-1.448121	-15.0	1.0	0.0	0.7	0.0	110.949005	0.0	0.0	0.0	0	4.22828
mcp2k	18255	1	78704	0	3.803	0.692	5	304152	0	no-beam-flash	6	0	0	0	0																		
mcp2k	18255	1	78714	0	5.006	1.032	6	363532	0	cosmic-tagged	9	1	1	0	0																		
mcp2k	18255	1	78743	0	8.004	6.758	9	1173072	0	nu-candidate	12	1	1	1	0	1.122	109.8	15	174.76637	-126.73297	280.57556	1.8537946	-15.0	1.0	0.0	0.7	0.0	555.00696	3.698439	0.0	3.698439	1	12.591474
mcp2k	18255	1	78890	0	3.475	0.728	4	304832	0	nu-candidate	6	1	1	0	0																		
mcp2k	18255	1	79220	0	6.951	1.385	9	401996	0	cosmic-tagged	10	1	1	0	0																		
mcp2k	18255	1	79330	0	6.790	1.963	7	471008	0	cosmic-tagged	11	1	1	0	0																		
mcp2k	18255	1	79337	0	5.603	1.177	6	343408	0	cosmic-tagged	9	1	1	0	0																		
mcp2k	18255	1	79418	0	5.685	1.074	6	380320	0	no-beam-flash	12	0	0	0	0																		
mcp2k	18255	1	79491	0	10.922	6.853	12	1271564	0	nu-candidate	11	1	1	1	0	0.551	86.1	2	-56.473026	78.22776	226.19617	3.2694702	-15.0	1.0	0.0	0.7	0.0	589.92395	0.0	0.0	0.0	0	2.4011245
mcp2k	18255	1	79616	0	11.430	9.182	13	1248648	0	nu-candidate	12	1	1	1	0	2.031	329.2	3	132.77855	130.16759	174.13208	4.2593017	-15.0	1.0	0.0	0.7	0.0	914.8571	49.612827	0.0	49.612827	3	17.556793
mcp2k	18255	1	79638	0	6.836	1.355	7	419616	0	no-beam-flash	14	0	0	0	0																		
mcp2k	18255	1	79689	0	12.258	5.772	13	1149056	0	nu-candidate	12	1	1	1	0	0.671	90.5	8	-70.75888	-87.7669	359.61606	-0.08604794	-15.0	1.0	0.0	0.7	0.0	341.53662	9.051359	0.0	9.051359	6	3.3094935
mcp2k	18255	1	79711	0	6.733	1.300	7	434840	0	cosmic-tagged	14	1	1	0	0																		
mcp2k	18255	1	79755	0	5.140	1.932	7	442632	0	cosmic-tagged	13	1	1	0	0																		
mcp2k	18255	1	79865	0	4.826	1.091	5	385744	0	no-bundle	10	0	1	0	0																		
mcp2k	18255	1	80078	0	4.898	1.458	5	407784	0	cosmic-tagged	9	1	1	0	0																		
mcp2k	18255	1	80672	0	10.640	5.879	11	1224628	0	nu-candidate	10	1	1	1	0	1.795	21.3	2	-117.12813	101.88925	1.1267054	-1.7300097	-15.0	1.0	1.0	-0.3579193	0.0	197.1282	0.0	0.0	0.0	0	1.2719225
mcp2k	18255	1	80716	0	9.465	5.456	11	1197700	0	nu-candidate	13	1	1	1	0	1.850	11.0	1	-126.46394	-21.47271	19.978086	-3.119024	-15.0	1.0	0.0	0.7	0.0	117.76	0.8126172	0.0	0.8126172	1	0.0
mcp2k	18255	1	81310	0	8.244	1.501	10	384932	0	cosmic-tagged	12	1	1	0	0																		
mcp2k	18255	1	81420	0	10.545	6.764	11	1230276	0	nu-candidate	19	1	1	1	0	1.429	94.4	5	8.097289	142.10068	402.21393	2.191467	-15.0	1.0	0.0	0.7	0.0	515.2317	0.0	0.0	0.0	0	5.446111
mcp2k	18255	1	81662	0	5.229	0.824	6	322652	0	cosmic-tagged	10	1	1	0	0																		
mcp2k	18255	1	82102	0	6.749	1.863	7	397392	0	cosmic-tagged	7	1	1	0	0																		
mcp2k	18255	1	82300	0	6.740	1.101	7	382428	0	cosmic-tagged	16	1	1	0	0																		
mcp2k	18255	1	82322	0	11.937	8.121	13	1218160	0	nu-candidate	10	1	1	1	0	1.342	322.8	4	-116.94938	-186.60974	23.50126	5.181453	-15.0	1.0	1.0	0.7	0.0	887.2896	1.8575518	0.0	1.8575518	2	8.406647
mcp2k	18255	1	82608	0	6.343	1.805	7	430832	0	cosmic-tagged	12	1	1	0	0																		
mcp2k	18255	1	82652	0	6.315	1.417	7	386384	0	cosmic-tagged	9	1	1	0	0																		
mcp2k	18255	1	82828	0	6.622	0.813	7	332340	0	nu-candidate	12	1	1	0	0																		
mcp2k	18255	1	83048	0	10.441	5.616	11	1147280	0	nu-candidate	7	1	1	1	0	0.886	16.5	4	109.53116	-196.4831	0.07903422	-1.9474866	-15.0	1.0	1.0	0.40873295	0.0	39.791447	7.0876074	0.0	7.0876074	3	0.0
mcp2k	18255	1	83070	0	4.398	0.657	7	305088	0	no-beam-flash	6	0	0	0	0																		
mcp2k	18255	1	90003	0	9.884	6.584	12	1218492	0	nu-candidate	14	1	1	1	0	1.547	45.9	8	-36.337246	94.81655	474.9138	0.33085135	-15.0	1.0	0.0	0.7	0.0	432.69806	3.2560241	0.0	3.2560241	1	15.95294
mcp2k	18255	1	90135	0	9.169	5.477	10	1189484	0	nu-candidate	13	1	1	1	0	0.624	4.2	9	-60.454124	146.71948	434.26065	-1.5994655	-15.0	1.0	0.0	0.7	0.0	126.045395	37.977627	0.0	37.977627	5	3.4226747
mcp2k	18255	1	90179	0	7.969	6.052	10	1183320	0	nu-candidate	13	1	1	1	0	0.548	29.5	13	87.4489	45.948006	62.202095	-1.7192863	-15.0	1.0	0.0	0.7	0.0	313.98245	96.09024	0.0	96.09024	12	2.2952406
mcp2k	18255	1	90311	0	6.001	1.197	7	395060	0	no-bundle	15	0	1	0	0																		
mcp2k	18255	1	90487	0	8.829	5.526	9	1125336	0	nu-candidate	8	1	1	1	0	1.887	9.5	5	-172.8043	-34.140755	44.92508	-2.7602687	-15.0	1.0	0.0	0.7	0.0	115.62439	2.5302105	0.0	2.5302105	3	3.2080042
mcp2k	18255	1	90597	0	5.389	2.786	7	528440	0	cosmic-tagged	13	1	1	0	0																		
mcp2k	18255	1	90663	0	4.986	1.115	7	388088	0	no-beam-flash	10	0	0	0	0																		
mcp2k	18255	1	90751	0	12.128	10.036	14	1409752	0	cosmic-tagged	13	1	1	1	0	0.240	2.4	0	-3.5504384	100.250885	356.426	-1.3696887	-15.0	1.0	1.0	0.7	0.0	861.9507	20.929634	0.0	20.929634	11	35.1662
mcp2k	18255	1	91235	0	12.282	9.463	14	1215108	0	nu-candidate	11	1	1	1	0	1.400	246.1	6	-43.311695	36.907154	96.69585	4.16848	-15.0	1.0	0.0	0.7	0.0	1039.0902	1.0402968	0.0	1.0402968	1	112.210144
mcp2k	18255	1	91367	0	14.980	10.956	16	1278832	0	nu-candidate	13	1	1	1	0	1.860	334.8	3	-8.383939	-142.05269	180.7854	3.5978482	-15.0	1.0	0.0	0.7	0.0	1023.79407	0.0	0.0	0.0	0	1.2880038
mcp2k	18255	1	91433	0	4.820	0.860	5	330492	0	cosmic-tagged	12	1	1	0	0																		
mcp2k	18255	1	91609	0	9.902	6.457	11	1162348	0	cosmic-tagged	12	1	1	1	0	1.214	18.0	9	-181.9991	105.1708	309.11172	-2.6531394	-15.0	1.0	0.0	0.7	0.0	46.74994	0.5526149	0.0	0.5526149	1	18.31542
mcp2k	18255	1	91653	0	9.895	6.128	11	1155972	0	nu-candidate	9	1	1	1	0	0.909	21.7	7	-73.356575	186.9627	250.15634	0.29363233	-15.0	1.0	0.0	0.7	0.0	341.9368	4.268002	0.0	4.268002	5	1.11108
mcp2k	18255	1	91697	0	9.289	6.785	11	1173856	0	nu-candidate	9	1	1	1	0	1.280	65.2	4	-169.9751	49.22332	480.85898	2.7642968	-15.0	1.0	0.0	0.7	0.0	664.71545	0.0	0.0	0.0	0	3.0950694
mcp2k	18255	1	91782	0	6.795	4.755	7	768960	0	cosmic-tagged	10	1	1	1	0	1.238	0.5	0	0.0	0.0	0.0	-1.9416895	-15.0	1.0	0.0	0.7	0.0	0.0	0.0	0.0	0.0	0	0.0
mcp2k	18255	1	91807	0	4.716	1.099	5	377328	0	cosmic-tagged	13	1	1	0	0																		
mcp2k	18255	1	91917	0	17.770	15.277	19	1282240	0	nu-candidate	14	1	1	1	0	1.377	283.5	18	157.33109	-41.15706	61.476196	5.030192	-15.0	1.0	0.0	0.7	0.0	1201.493	2.260844	0.0	2.260844	1	7.2111573
mcp2k	18255	1	92049	0	4.625	1.330	5	399816	0	no-bundle	10	0	1	0	0																		
mcp2k	18255	1	92071	0	4.566	1.045	5	367732	0	cosmic-tagged	9	1	1	0	0																		
mcp2k	18255	1	92134	0	10.917	8.084	12	1257160	0	nu-candidate	11	1	1	1	0	0.971	179.1	4	-76.99725	86.85579	401.53775	4.806149	-15.0	1.0	0.0	0.7	0.0	802.93787	1.7668663	0.0	1.7668663	2	2.8280768
mcp2k	18255	1	92159	0	12.098	7.698	13	1129864	0	nu-candidate	5	1	1	1	0	1.150	178.7	12	-134.2356	-83.72363	2.577807	-0.91831625	-15.0	1.0	0.0	0.024721086	0.0	793.7808	1.3120598	0.0	1.3120598	1	23.022776
mcp2k	18255	1	92225	0	12.450	8.115	13	1279752	0	nu-candidate	13	1	1	1	0	1.079	136.0	9	-191.44572	123.113556	187.62123	1.6482873	-15.0	1.0	0.0	0.7	0.0	644.4153	5.644978	0.0	5.644978	5	4.441327
mcp2k	18255	1	92310	0	5.342	1.775	6	452004	0	cosmic-tagged	14	1	1	0	0																		
mcp2k	18255	1	92379	0	5.115	0.960	6	348812	0	no-bundle	10	0	1	0	0																		
mcp2k	18255	1	92420	0	4.494	1.483	5	435744	0	cosmic-tagged	15	1	1	0	0																		
mcp2k	18255	1	92511	0	4.144	0.872	5	348924	0	no-beam-flash	9	0	0	0	0																		
mcp2k	18255	1	92552	0	6.316	0.964	7	353436	0	cosmic-tagged	6	1	1	0	0																		
mcp2k	18255	1	92684	0	9.489	5.469	10	1197168	0	nu-candidate	13	1	1	1	0	0.741	3.0	2	-71.14274	-171.56477	202.98325	-1.7561618	-15.0	1.0	0.0	0.7	0.0	80.54542	5.4209595	0.0	5.4209595	1	2.8868413
mcp2k	18255	1	92838	0	6.402	1.197	7	414544	0	no-beam-flash	16	0	0	0	0																		
mcp2k	18255	1	92904	0	8.357	5.561	9	1179588	0	nu-candidate	9	1	1	1	0	0.961	27.7	5	13.530255	-19.617603	480.31387	-1.0221285	-15.0	1.0	0.0	0.7	0.0	249.25735	0.70231676	0.0	0.70231676	1	4.0436015
mcp2k	18255	1	92907	0	8.315	5.463	9	1123320	0	nu-candidate	10	1	1	1	0	1.669	4.1	7	11.743157	184.09837	39.761616	-1.0682197	-15.0	1.0	0.0	0.7	0.0	78.20004	11.646608	0.0	11.646608	5	1.0407648
mcp2k	18255	1	92992	0	10.556	6.254	12	1195388	0	nu-candidate	9	1	1	1	0	1.372	64.5	7	-134.3414	145.42606	396.32736	-0.027227342	-15.0	1.0	0.0	0.7	0.0	483.42245	0.0	0.0	0.0	0	9.051674
mcp2k	18255	1	93105	0	10.760	7.908	12	1164472	0	nu-candidate	9	1	1	1	0	0.839	170.9	10	115.61006	105.77128	294.9757	4.27356	-15.0	1.0	0.0	0.7	0.0	1121.2378	1.3136679	0.0	1.3136679	1	10.1468525
mcp2k	18255	1	93146	0	5.644	1.319	7	403936	0	cosmic-tagged	16	1	1	0	0																		
mcp2k	18255	1	93171	0	3.856	0.784	5	330520	0	cosmic-tagged	9	1	1	0	0																		
mcp2k	18255	1	93234	0	8.998	5.913	10	1203360	0	nu-candidate	12	1	1	1	0	0.540	2.3	4	157.61613	-113.11332	303.09592	-3.674995	-15.0	1.0	0.0	0.7	0.0	28.01224	0.0	0.0	0.0	0	13.731857
mcp2k	18255	1	93237	0	5.230	1.923	6	459968	0	cosmic-tagged	14	1	1	0	0																		
mcp2k	18255	1	93325	0	5.236	0.863	7	337736	0	cosmic-tagged	9	1	1	0	0																		
mcp2k	18255	1	93545	0	7.853	5.127	10	1101168	0	nu-candidate	12	1	1	1	0	2.023	38.2	0	29.074102	84.11531	470.0411	-2.3805814	-15.0	1.0	0.0	0.7	0.0	256.71606	0.0	0.0	0.0	0	0.0
mcp2k	18255	1	93652	0	6.046	1.714	7	381344	0	cosmic-tagged	10	1	1	0	0																		
mcp2k	18255	1	93655	0	5.946	0.943	6	334548	0	cosmic-tagged	6	1	1	0	0																		
mcp2k	18255	1	93677	0	11.444	7.123	12	1255768	0	nu-candidate	12	1	1	1	0	2.001	60.8	16	74.471855	32.2998	411.14243	2.7110944	-15.0	1.0	0.0	0.7	0.0	697.3546	6.2112093	0.0	6.2112093	3	28.917805
mcp2k	18255	1	93696	0	11.342	7.291	12	1166340	0	nu-candidate	9	1	1	1	0	2.011	104.0	4	15.999481	114.699326	329.0139	2.7428186	-15.0	1.0	0.0	0.7	0.0	724.9301	0.0	0.0	0.0	0	2.4930615
mcp2k	18259	1	93776	0	10.046	6.377	11	1144500	0	nu-candidate	7	1	1	1	0	1.596	151.9	5	60.930393	35.790817	353.02844	4.2862206	-15.0	1.0	0.0	0.7	0.0	502.0243	3.0695555	0.0	3.0695555	2	2.2375755
mcp2k	18255	1	93875	0	5.228	1.050	7	381952	0	cosmic-tagged	10	1	1	0	0																		
mcp2k	18255	1	93919	0	10.133	6.610	11	1168460	0	nu-candidate	8	1	1	1	0	1.893	66.9	5	-89.19146	169.83757	134.10175	3.179802	-15.0	1.0	0.0	0.7	0.0	469.4597	115.38826	112.45391	2.9343517	3	2.871543
mcp2k	18255	1	93960	0	4.822	0.736	6	320356	0	nu-candidate	8	1	1	0	0																		
mcp2k	18255	1	94007	0	5.397	1.038	7	359384	0	nu-candidate	12	1	1	0	0																		
mcp2k	18255	1	94029	0	9.424	5.680	11	1134332	0	nu-candidate	6	1	1	1	0	1.637	127.5	11	28.656534	198.13834	283.68146	0.068425134	-15.0	1.0	1.0	0.7	0.0	171.43222	328.03387	0.0	328.03387	11	6.1029205
mcp2k	18255	1	94092	0	13.361	9.655	14	1200976	0	nu-candidate	8	1	1	1	0	1.913	283.8	4	182.48901	-9.02528	251.24783	3.7524114	-15.0	1.0	0.0	0.7	0.0	793.53894	2.1311858	0.0	2.1311858	3	0.0
mcp2k	18255	1	94095	0	5.123	1.369	6	459484	0	no-beam-flash	21	0	0	0	0																		
mcp2k	18255	1	94180	0	4.888	0.886	5	337216	0	no-beam-flash	11	0	0	0	0																		
mcp2k	18255	1	94224	0	10.001	7.418	12	1174428	0	nu-candidate	12	1	1	1	0	1.848	57.8	6	-10.27294	136.12164	418.86124	0.5107966	-9.383401	1.0	0.0	0.7	0.0	593.1337	3.453287	0.0	3.453287	2	0.0
mcp2k	18255	1	94293	0	17.444	12.562	19	1245140	0	nu-candidate	14	1	1	1	0	0.681	460.2	13	-39.4333	23.063692	38.795246	3.5872269	-15.0	1.0	0.0	0.7	0.0	1533.2397	0.0	0.0	0.0	0	13.294468
mcp2k	18259	1	94392	0	14.443	9.347	15	1168492	0	nu-candidate	7	1	1	1	0	0.741	114.0	10	-97.161575	5.1862216	243.94286	1.2705362	-15.0	1.0	0.0	0.7	0.0	1040.2439	105.26536	0.0	105.26536	4	6.8694777
mcp2k	18259	1	94546	0	11.511	8.840	12	1187608	0	nu-candidate	10	1	1	1	0	0.943	329.9	3	-57.568245	126.31245	10.909707	3.461931	-15.0	1.0	0.0	0.7	0.0	921.32745	0.59323686	0.0	0.59323686	1	3.5162594
mcp2k	18255	1	94557	0	6.455	1.210	7	403400	0	cosmic-tagged	13	1	1	0	0																		
mcp2k	18259	1	94656	0	5.128	1.107	6	377156	0	no-beam-flash	12	0	0	0	0																		
mcp2k	18259	1	94678	0	7.072	6.397	9	1231084	0	nu-candidate	9	1	1	1	0	0.825	101.3	4	55.100582	89.25056	399.36258	1.8009747	-15.0	1.0	0.0	0.7	0.0	371.94824	0.71561736	0.0	0.71561736	1	1.5649285
mcp2k	18255	1	94796	0	4.549	1.150	6	389424	0	no-beam-flash	14	0	0	0	0																		
mcp2k	18259	1	94876	0	5.326	1.528	6	418500	0	cosmic-tagged	11	1	1	0	0																		
mcp2k	18259	1	94942	0	12.982	8.080	14	1256812	0	nu-candidate	13	1	1	1	0	1.730	134.5	3	112.36044	130.46309	395.04276	5.110336	-15.0	1.0	0.0	0.7	0.0	660.19434	0.0	0.0	0.0	0	4.3591743
mcp2k	18259	1	95074	0	8.543	6.063	9	1123532	0	nu-candidate	6	1	1	1	0	0.891	94.4	11	48.494682	8.7375765	217.45415	2.8891592	-15.0	1.0	0.0	0.7	0.0	571.77515	6.2824225	0.0	6.2824225	2	10.215304
mcp2k	18255	1	95151	0	7.849	5.674	9	1171492	0	nu-candidate	15	1	1	1	0	0.873	19.2	9	-185.51126	-193.55728	226.80247	2.3437598	-15.0	1.0	0.0	0.7	0.0	386.4557	0.0	0.0	0.0	0	3.4013326
mcp2k	18259	1	95162	0	4.728	1.501	6	427616	0	cosmic-tagged	12	1	1	0	0																		
mcp2k	18255	1	95170	0	10.142	5.667	12	1121612	0	nu-candidate	9	1	1	1	0	0.700	67.8	10	-172.99693	11.770682	184.28682	0.08212138	-15.0	1.0	0.0	0.7	0.0	339.34082	10.65754	0.0	10.65754	3	6.771076
mcp2k	18255	1	95173	0	4.128	1.019	5	328168	0	cosmic-tagged	9	1	1	0	0																		
mcp2k	18259	1	95184	0	7.209	5.350	9	1138228	0	nu-candidate	9	1	1	1	0	0.721	30.5	9	-116.76604	-38.11074	242.54066	-0.3341312	-15.0	1.0	0.0	0.7	0.0	308.22293	3.146013	0.0	3.146013	3	7.6201887
mcp2k	18255	1	95305	0	6.034	1.474	8	427512	0	cosmic-tagged	13	1	1	0	0																		
mcp2k	18259	1	95316	0	6.831	0.929	8	352408	0	no-beam-flash	6	0	0	0	0																		
mcp2k	18255	1	95327	0	5.440	1.175	7	385340	0	cosmic-tagged	9	1	1	0	0																		
mcp2k	18255	1	95361	0	5.172	1.266	6	405232	0	cosmic-tagged	12	1	1	0	0																		
mcp2k	18255	1	95371	0	5.116	1.144	6	361572	0	cosmic-tagged	8	1	1	0	0																		
mcp2k	18255	1	95405	0	11.337	6.839	12	1203496	0	nu-candidate	11	1	1	1	0	1.982	95.0	3	-35.924953	-131.62373	441.7122	3.5893857	-15.0	1.0	0.0	0.7	0.0	573.87915	2.0103817	0.0	2.0103817	2	2.361435
mcp2k	18255	1	95412	0	11.089	6.813	14	1165308	0	nu-candidate	9	1	1	1	0	0.683	131.1	11	-43.366085	-118.43867	192.32771	1.5251851	-15.0	1.0	0.0	0.7	0.0	1140.567	8.727619	0.0	8.727619	7	1.9738597
mcp2k	18259	1	95492	0	6.903	1.076	9	380184	0	cosmic-tagged	10	1	1	0	0																		
mcp2k	18255	1	95500	0	5.852	1.094	8	360664	0	cosmic-tagged	11	1	1	0	0																		
mcp2k	18255	1	95503	0	4.285	1.882	5	515960	0	cosmic-tagged	16	1	1	0	0																		
mcp2k	18255	1	95544	0	5.913	0.942	7	375560	0	nu-candidate	12	1	1	0	0																		
mcp2k	18255	1	95625	0	6.017	1.053	7	400484	0	no-bundle	14	0	1	0	0																		
mcp2k	18259	1	95646	0	6.278	0.823	8	333008	0	cosmic-tagged	9	1	1	0	0																		
mcp2k	18259	1	95690	0	11.702	6.182	12	1137736	0	nu-candidate	12	1	1	1	0	1.350	147.4	6	94.32569	26.34659	389.3292	3.8407109	-15.0	1.0	0.0	0.7	0.0	671.881	1.5806543	0.0	1.5806543	1	7.278776
mcp2k	18255	1	95713	0	7.372	1.056	8	378668	0	no-beam-flash	13	0	0	0	0																		
mcp2k	18259	1	95756	0	7.343	0.968	8	356852	0	no-beam-flash	10	0	0	0	0																		
mcp2k	18259	1	95800	0	9.282	3.903	10	771892	0	cosmic-tagged	15	1	1	1	0	0.957	1.3	0	0.0	0.0	0.0	-1.9416895	-15.0	1.0	0.0	0.7	0.0	0.0	0.0	0.0	0.0	0	0.0
mcp2k	18255	1	95877	0	7.136	1.023	8	343956	0	cosmic-tagged	8	1	1	0	0																		
mcp2k	18255	1	95899	0	13.561	8.354	14	1228836	0	nu-candidate	12	1	1	1	0	0.865	103.2	18	-84.44314	6.011356	153.8689	2.7510223	-15.0	1.0	0.0	0.7	0.0	1055.1581	6.6831236	0.0	6.6831236	3	25.93305
mcp2k	18255	1	95911	0	10.623	5.910	11	1202964	0	nu-candidate	11	1	1	1	0	0.724	15.9	0	47.409386	144.5495	321.94666	-0.685697	-15.0	1.0	0.0	0.7	0.0	167.37843	0.0	0.0	0.0	0	0.0
mcp2k	18255	1	95933	0	7.517	1.519	8	449696	0	cosmic-tagged	15	1	1	0	0																		
mcp2k	18259	1	96042	0	5.057	1.099	6	376856	0	cosmic-tagged	10	1	1	0	0																		
mcp2k	18259	1	96130	0	5.607	1.155	7	356676	0	cosmic-tagged	10	1	1	0	0																		
mcp2k	18259	1	96218	0	5.348	1.208	6	398532	0	cosmic-tagged	10	1	1	0	0																		
mcp2k	18255	1	96251	0	9.056	5.206	11	1156496	0	nu-candidate	13	1	1	1	0	0.820	3.6	2	-131.1916	-33.95208	304.5238	-1.5959777	-15.0	1.0	0.0	0.7	0.0	38.282265	3.0222566	0.0	3.0222566	2	0.0
mcp2k	18259	1	96306	0	12.139	8.104	14	1218456	0	nu-candidate	11	1	1	1	0	0.759	262.0	5	-67.78842	114.97548	69.854	4.832207	-15.0	1.0	0.0	0.7	0.0	786.00073	2.1331267	0.0	2.1331267	2	2.460116
mcp2k	18259	1	96328	0	5.894	1.141	8	377280	0	nu-candidate	8	1	1	0	0																		
mcp2k	18255	1	96383	0	11.709	6.937	13	1153864	0	nu-candidate	11	1	1	1	0	1.644	49.1	16	-96.93263	57.684532	65.9099	0.367966	-6.1984334	1.0	0.0	0.7	0.0	632.5847	3.996984	0.0	3.996984	3	18.455078
mcp2k	18255	1	96461	0	4.419	0.618	6	304152	0	no-beam-flash	5	0	0	0	0																		
mcp2k	18259	1	96526	0	5.891	0.865	6	333840	0	no-bundle	9	0	1	0	0																		
mcp2k	18259	1	96636	0	10.128	5.568	11	1154740	0	nu-candidate	11	1	1	1	0	1.033	2.2	11	80.76631	-61.863056	42.137463	-2.2414124	-15.0	1.0	0.0	0.7	0.0	106.36588	13.502608	0.0	13.502608	10	0.0
mcp2k	18255	1	96644	0	4.966	1.142	7	391088	0	no-beam-flash	15	0	0	0	0																		
mcp2k	18259	1	96658	0	4.275	0.857	5	355312	0	no-beam-flash	8	0	0	0	0																		
mcp2k	18259	1	96680	0	14.647	10.427	16	1236728	0	cosmic-tagged	14	1	1	1	0	0.854	65.2	11	-96.60574	-66.49722	42.59146	0.5437414	-15.0	1.0	1.0	0.7	0.0	345.15485	9.248756	0.0	9.248756	6	1.4789675
mcp2k	18255	1	96757	0	4.741	0.980	6	353096	0	no-beam-flash	7	0	0	0	0																		
mcp2k	18255	1	96864	0	9.811	6.104	12	1206928	0	nu-candidate	16	1	1	1	0	1.031	21.5	3	77.45884	-43.15275	491.12177	2.03294	-15.0	1.0	0.0	0.7	0.0	345.1951	1.4147668	0.0	1.4147668	1	0.0
mcp2k	18255	1	96911	0	5.200	0.784	8	327340	0	nu-candidate	10	1	1	0	0																		
mcp2k	18259	1	96944	0	5.721	1.417	8	463476	0	cosmic-tagged	16	2	2	0	0																		
mcp2k	18255	1	96977	0	5.524	1.287	7	395456	0	cosmic-tagged	12	1	1	0	0																		
mcp2k	18259	1	97010	0	8.349	6.147	10	1224460	0	nu-candidate	15	1	1	1	0	0.651	66.8	21	-70.783165	140.3666	285.96634	1.6853461	-15.0	1.0	1.0	0.7	0.0	424.56366	1.5442597	0.0	1.5442597	1	45.014305
mcp2k	18255	1	97033	0	9.707	5.703	11	1145428	0	cosmic-tagged	13	1	1	1	0	0.996	26.5	9	-3.6156747	198.00095	93.10297	-0.89265496	-15.0	0.0	1.0	0.7	0.0	226.93666	3.1464744	0.0	3.1464744	3	8.559398
mcp2k	18255	1	97062	0	11.041	6.982	13	1165960	0	nu-candidate	11	1	1	1	0	1.979	104.9	4	52.375004	-14.227854	335.979	0.9485691	-15.0	1.0	0.0	0.7	0.0	595.0105	3.987193	0.0	3.987193	3	0.57476807
mcp2k	18255	1	97084	0	9.914	6.981	12	1160836	0	nu-candidate	11	1	1	1	0	1.123	139.6	17	114.94066	22.687162	281.1042	2.8538334	-15.0	1.0	0.0	0.7	0.0	595.9578	28.932219	0.0	28.932219	8	21.645319
mcp2k	18255	1	97172	0	6.838	1.814	7	521856	0	no-bundle	14	0	1	0	0																		
mcp2k	18255	1	97231	0	19.492	16.874	20	1245460	0	nu-candidate	16	1	1	1	0	1.383	316.4	6	-35.158283	50.270924	169.14388	4.3888216	-15.0	1.0	0.0	0.7	0.0	1328.7734	0.0	0.0	0.0	0	21.646475
mcp2k	18255	1	97260	0	13.583	12.249	15	1148152	0	nu-candidate	6	1	1	1	0	1.530	357.0	3	12.466013	24.414358	106.25215	4.772666	-15.0	1.0	0.0	0.7	0.0	1315.7834	0.0	0.0	0.0	0	5.637188
mcp2k	18255	1	97304	0	4.387	1.607	6	500140	0	cosmic-tagged	17	1	1	0	0																		
mcp2k	18255	1	97407	0	5.261	0.868	6	347892	0	cosmic-tagged	10	1	1	0	0																		
mcp2k	18255	1	97473	0	10.419	5.002	11	1122708	0	nu-candidate	8	1	1	1	0	0.939	5.2	4	-16.0648	189.49419	76.392395	-1.0405111	-15.0	1.0	0.0	0.7	0.0	15.538191	4.565604	0.0	4.565604	4	0.0
mcp2k	18255	1	97539	0	6.609	1.133	7	385416	0	cosmic-tagged	10	1	1	0	0																		
mcp2k	18255	1	97722	0	4.010	0.682	5	310516	0	no-bundle	5	0	1	0	0																		
mcp2k	18259	1	98000	0	6.809	1.485	7	440132	0	no-bundle	10	0	1	0	0																		
mcp2k	18255	1	98045	0	6.527	1.239	7	402404	0	no-bundle	14	0	1	0	0																		
mcp2k	18255	1	98067	0	6.511	1.628	7	482988	0	no-beam-flash	19	0	0	0	0																		
mcp2k	18255	1	98111	0	6.267	1.208	7	390348	0	cosmic-tagged	9	1	1	0	0																		
mcp2k	18255	1	98294	0	8.741	5.954	9	1151504	0	nu-candidate	9	1	1	1	0	1.516	25.2	32	-192.97449	52.85229	383.72974	0.72734296	-15.0	1.0	0.0	0.7	0.0	441.56088	10.173993	0.0	10.173993	6	8.258369
mcp2k	18255	1	98298	0	8.744	5.155	10	1134672	0	nu-candidate	8	1	1	1	0	1.988	2.0	10	-117.49557	198.66281	478.12073	-2.6517308	-15.0	1.0	1.0	0.7	0.0	119.87079	0.44509557	0.0	0.44509557	1	13.125594
mcp2k	18255	1	98338	0	10.870	6.235	13	1183016	0	nu-candidate	12	1	1	1	0	1.127	65.5	4	106.95377	-9.239706	448.23254	3.1053994	-15.0	1.0	0.0	0.7	0.0	468.89978	0.0	0.0	0.0	0	5.7068567
mcp2k	18259	1	98352	0	6.043	0.801	8	322112	0	nu-candidate	8	1	1	0	0																		
mcp2k	18255	1	98353	0	9.379	6.086	10	1148900	0	nu-candidate	8	1	1	1	0	1.376	14.2	7	-48.42417	-131.34549	2.5378835	-2.135086	-15.0	1.0	1.0	0.46263343	0.0	435.50195	3.647963	0.0	3.647963	4	5.18521
mcp2k	18255	1	98382	0	8.155	5.868	9	1171940	0	nu-candidate	10	1	1	1	0	1.624	38.1	12	-99.07767	-58.897125	78.88437	0.64708346	-15.0	1.0	1.0	0.7	0.0	324.71655	1.675014	0.0	1.675014	2	102.75118
mcp2k	18255	1	98441	0	5.780	1.528	6	365428	0	cosmic-tagged	10	1	1	0	0																		
mcp2k	18255	1	98452	0	12.125	7.741	13	1260044	0	nu-candidate	7	1	1	1	0	1.862	177.2	2	66.838005	49.538975	322.9914	2.877564	-15.0	1.0	0.0	0.7	0.0	546.3158	1.7748865	0.0	1.7748865	1	3.1412287
mcp2k	18255	1	98470	0	10.948	8.061	13	1173668	0	nu-candidate	9	1	1	1	0	1.808	115.6	4	25.236696	-152.28139	412.67392	4.6210804	-15.0	1.0	0.0	0.7	0.0	765.47424	1.4366168	0.0	1.4366168	1	1.311201
mcp2k	18255	1	98474	0	9.199	5.463	10	1124228	0	nu-candidate	12	1	1	1	0	1.261	1.8	4	200.2152	73.59479	81.06343	-2.3314078	-15.0	1.0	1.0	0.7	0.0	108.42348	2.9464774	0.0	2.9464774	3	0.0
mcp2k	18255	1	98529	0	12.096	8.179	13	1295256	0	nu-candidate	13	1	1	1	0	1.266	109.2	9	-125.19196	134.90523	144.35242	3.4516304	-15.0	1.0	0.0	0.7	0.0	575.72766	109.665115	107.63603	2.0290828	2	11.737982
mcp2k	18259	1	98660	0	8.873	8.261	11	1205964	0	nu-candidate	16	2	2	1	0	0.716	373.1	2	-48.536922	-6.610186	27.821522	3.8371568	-15.0	1.0	0.0	0.7	0.0	1015.62823	0.0	0.0	0.0	0	2.2535725
mcp2k	18259	1	98704	0	8.133	5.980	9	1167448	0	nu-candidate	12	1	1	1	0	1.984	20.7	0	-178.88403	-151.81987	157.38208	-2.8126075	-15.0	1.0	0.0	0.7	0.0	175.03801	0.0	0.0	0.0	0	0.0
mcp2k	18255	1	98756	0	4.199	1.054	6	346424	0	cosmic-tagged	9	1	1	0	0																		
mcp2k	18255	1	98760	0	6.931	5.617	8	1157040	0	nu-candidate	9	1	1	1	0	0.565	10.1	2	107.889435	-26.156204	39.98041	-2.2728958	-15.0	1.0	0.0	0.7	0.0	130.86693	0.0	0.0	0.0	0	12.916218
mcp2k	18255	1	98778	0	14.734	11.672	15	1210684	0	nu-candidate	10	1	1	1	0	1.817	414.3	7	51.30657	114.74852	94.45878	5.026158	-15.0	1.0	0.0	0.7	0.0	1267.4984	0.0	0.0	0.0	0	13.344177
mcp2k	18255	1	98793	0	5.182	0.935	7	347496	0	no-beam-flash	6	0	0	0	0																		
mcp2k	18255	1	98800	0	5.209	1.092	7	374672	0	no-beam-flash	11	0	0	0	0																		
mcp2k	18255	1	98804	0	5.141	1.038	6	368452	0	no-beam-flash	9	0	0	0	0																		
mcp2k	18255	1	98844	0	18.643	15.712	19	1202976	0	nu-candidate	5	1	1	1	0	1.711	104.9	31	-120.14215	164.52873	235.90204	0.6787831	-15.0	1.0	0.0	0.7	0.0	1252.7754	154.82884	149.93732	4.891519	9	563.18787
mcp2k	18255	1	98870	0	3.669	1.132	4	335184	0	cosmic-tagged	10	1	1	0	0																		
mcp2k	18255	1	98881	0	3.911	0.845	4	328148	0	nu-candidate	10	1	1	0	0																		
mcp2k	18255	1	98947	0	8.297	6.352	10	1213944	0	nu-candidate	18	1	1	1	0	1.666	60.0	3	187.76207	145.44548	335.8369	2.0347898	-15.0	1.0	0.0	0.7	0.0	499.36273	0.0	0.0	0.0	0	8.407543
mcp2k	18259	1	99012	0	4.502	1.080	6	383652	0	no-beam-flash	11	0	0	0	0																		
mcp2k	18255	1	99035	0	11.298	8.065	13	1257988	0	nu-candidate	16	1	1	1	0	0.699	188.2	1	26.659386	0.091708876	213.88947	1.5091978	-15.0	1.0	0.0	0.7	0.0	557.239	0.0	0.0	0.0	0	0.0
mcp2k	18255	1	99057	0	7.622	0.906	8	338808	0	nu-candidate	10	1	1	0	0																		
mcp2k	18259	1	99078	0	6.279	1.232	7	399676	0	cosmic-tagged	12	1	1	0	0																		
mcp2k	18255	1	99156	0	6.095	0.932	7	365440	0	no-beam-flash	11	0	0	0	0																		
mcp2k	18255	1	99178	0	7.606	0.925	8	349548	0	cosmic-tagged	11	1	1	0	0																		
mcp2k	18255	1	99218	0	7.891	1.408	9	419552	0	cosmic-tagged	10	1	1	0	0																		
mcp2k	18259	1	99232	0	16.866	10.696	18	1249164	0	nu-candidate	11	1	1	1	0	1.626	258.8	4	123.042725	-123.48561	84.34632	3.8869133	-15.0	1.0	0.0	0.7	0.0	1042.0941	1.320579	0.0	1.320579	1	3.5901287
mcp2k	18255	1	99284	0	12.029	6.409	13	1289212	0	nu-candidate	10	1	1	1	0	1.344	1.9	4	-6.211543	-156.57616	34.7664	-4.123255	-15.0	1.0	0.0	0.7	0.0	12.956863	2.0134885	0.0	2.0134885	1	3.4573545
mcp2k	18255	1	99365	0	3.803	0.830	4	345740	0	cosmic-tagged	11	1	1	0	0																		
mcp2k	18255	1	99372	0	6.334	1.458	7	469788	0	no-beam-flash	14	0	0	0	0																		
mcp2k	18255	1	99376	0	5.945	1.337	7	419012	0	cosmic-tagged	12	1	1	0	0																		
mcp2k	18255	1	99416	0	5.800	1.007	7	346500	0	no-bundle	11	0	1	0	0																		
mcp2k	18255	1	99438	0	5.272	1.389	7	386724	0	cosmic-tagged	14	1	1	0	0																		
mcp2k	18259	1	99518	0	4.081	1.168	6	388288	0	no-beam-flash	13	0	0	0	0																		
mcp2k	18255	1	99526	0	5.910	1.286	7	397480	0	cosmic-tagged	16	1	1	0	0																		
mcp2k	18255	1	99548	0	5.898	1.008	7	359488	0	no-beam-flash	12	0	0	0	0																		
mcp2k	18255	1	99563	0	15.789	13.053	17	1321172	0	nu-candidate	15	1	1	1	0	1.815	485.4	10	-91.204414	-14.666132	1.8009182	-4.310366	-15.0	1.0	1.0	-0.16108458	0.0	1348.7208	0.0	0.0	0.0	0	49.109238
mcp2k	18255	1	99636	0	5.991	1.033	7	384068	0	cosmic-tagged	14	1	1	0	0																		
mcp2k	18255	1	99651	0	6.031	1.373	7	426836	0	cosmic-tagged	11	1	1	0	0																		
mcp2k	18255	1	99695	0	6.027	1.265	8	404280	0	nu-candidate	14	1	1	0	0																		
mcp2k	18255	1	99702	0	8.677	4.962	9	1114568	0	nu-candidate	12	1	1	1	0	1.918	1.8	8	-108.56651	-73.73533	263.3139	-1.9123763	-15.0	1.0	1.0	0.7	0.0	118.666145	0.0	0.0	0.0	0	12.273623
mcp2k	18259	1	99716	0	13.279	10.584	15	1166512	0	nu-candidate	7	1	1	1	0	0.620	339.1	18	-29.633675	-10.593638	64.899864	5.25069	-15.0	1.0	0.0	0.7	0.0	1553.3562	7.1117835	0.0	7.1117835	6	15.879704
mcp2k	18255	1	99728	0	6.060	1.261	8	408132	0	nu-candidate	16	1	1	0	0																		
mcp2k	18255	1	99768	0	4.832	0.640	6	306656	0	no-beam-flash	14	0	0	0	0																		
mcp2k	18259	1	99782	0	10.597	7.518	12	1200740	0	nu-candidate	13	1	1	1	0	1.131	96.7	15	183.91545	-69.68718	99.91039	4.754421	-15.0	1.0	0.0	0.7	0.0	940.37134	4.267647	0.0	4.267647	3	0.0
mcp2k	18255	1	99816	0	3.682	0.875	5	352808	0	cosmic-tagged	13	1	1	0	0																		
mcp2k	18259	1	99826	0	10.573	7.959	12	1200700	0	nu-candidate	13	1	1	1	0	0.971	224.0	9	-105.851074	-9.624946	268.35498	4.6883817	-15.0	1.0	0.0	0.7	0.0	767.7882	7.7938514	0.0	7.7938514	4	109.34347
mcp2k	18255	1	99838	0	17.103	14.518	19	1185872	0	nu-candidate	11	1	1	1	0	1.739	435.3	19	90.821846	-4.301102	94.77843	5.094734	-15.0	1.0	0.0	0.7	0.0	1529.4243	4.600672	0.0	4.600672	2	0.0
mcp2k	18255	1	99860	0	3.903	1.250	4	393264	0	no-beam-flash	11	0	0	0	0																		
mcp2k	18255	1	99959	0	8.207	5.294	10	1129616	0	nu-candidate	14	1	1	1	0	0.772	7.0	0	114.48197	-67.55629	38.775097	-1.1295807	-15.0	1.0	0.0	0.7	0.0	88.912155	0.0	0.0	0.0	0	0.0
mcp2k	18255	1	99966	0	9.414	5.632	11	1156872	0	nu-candidate	11	1	1	1	0	1.197	13.8	5	-39.78675	66.91273	269.41235	-1.4403738	-15.0	1.0	0.0	0.7	0.0	249.98889	2.5915267	0.0	2.5915267	2	7.7603254
mcp2k	18259	1	100002	0	4.116	0.877	6	359428	0	cosmic-tagged	9	1	1	0	0																		
mcp2k	18255	1	100032	0	5.017	1.308	5	380656	0	cosmic-tagged	7	1	1	0	0																		
mcp2k	18255	1	100080	0	10.398	5.688	11	1206292	0	nu-candidate	13	1	1	1	0	1.507	37.8	2	-4.2774334	120.58583	0.92414635	-0.8121172	-15.0	1.0	1.0	-0.08957975	0.0	225.21375	1.0306746	0.0	1.0306746	1	1.8093866
mcp2k	18255	1	100102	0	5.323	1.021	6	360380	0	no-bundle	8	0	1	0	0																		
mcp2k	18255	1	100135	0	16.229	13.804	17	1223136	0	nu-candidate	9	1	1	1	0	1.495	399.1	13	-161.02132	147.36212	113.237564	4.4757986	-15.0	1.0	0.0	0.7	0.0	1368.9137	4.0371656	0.0	4.0371656	2	3.8262265
mcp2k	18255	1	100157	0	10.552	6.900	11	1149072	0	nu-candidate	8	1	2	1	0	1.968	137.1	6	-200.23782	-14.209657	79.473816	-1.2942839	-15.0	1.0	1.0	0.7	0.0	465.4161	0.0	0.0	0.0	0	11.717609
mcp2k	18255	1	100179	0	3.709	0.706	4	312680	0	no-beam-flash	12	0	0	0	0																		
mcp2k	18255	1	100190	0	6.773	3.884	8	784528	0	cosmic-tagged	15	1	1	1	0	1.030	2.1	0	0.0	0.0	0.0	-1.9416895	-15.0	1.0	0.0	0.7	0.0	0.0	0.0	0.0	0.0	0	0.0
mcp2k	18259	1	100200	0	3.928	0.852	6	336648	0	cosmic-tagged	10	1	1	0	0																		
mcp2k	18259	1	100222	0	42.829	39.145	44	1339056	0	nu-candidate	13	1	1	1	0	1.174	113.6	46	74.4646	24.114813	189.83641	2.3585348	3.8300118	1.0	0.0	0.7	0.0	3943.08	134.95456	0.0	134.95456	1	126.741135
mcp2k	18255	1	100245	0	9.129	6.917	10	1232112	0	nu-candidate	15	1	1	1	0	1.082	72.1	4	103.98529	87.16444	261.15103	0.93052566	-15.0	1.0	0.0	0.7	0.0	568.034	6.002878	0.0	6.002878	3	0.0
mcp2k	18255	1	100289	0	3.575	0.878	4	357008	0	nu-candidate	7	1	1	0	0																		
mcp2k	18255	1	100322	0	9.256	6.782	10	1242624	0	nu-candidate	13	2	2	1	0	0.581	143.6	2	95.84287	-63.897945	379.60345	2.0481796	-15.0	1.0	0.0	0.7	0.0	481.1043	0.0	0.0	0.0	0	0.0
mcp2k	18259	1	100420	0	9.104	7.008	10	1174560	0	nu-candidate	12	1	1	1	0	1.890	120.6	7	-167.5994	190.90385	99.09483	1.4465573	-15.0	1.0	0.0	0.7	0.0	532.1377	0.6492686	0.0	0.6492686	1	9.619888
mcp2k	18255	1	100421	0	9.261	7.641	10	1264712	0	nu-candidate	16	1	1	1	0	1.519	240.2	9	-181.31874	-110.462616	216.91147	1.6738646	-15.0	1.0	1.0	0.7	0.0	682.60706	9.21492	0.0	9.21492	5	6.84363
mcp2k	18259	1	100464	0	3.709	1.044	4	360204	0	no-bundle	9	0	1	0	0																		
mcp2k	18259	1	100486	0	4.803	1.276	5	409924	0	nu-candidate	15	1	1	0	0																		
mcp2k	18255	1	100564	0	10.028	6.906	12	1171640	0	nu-candidate	9	1	1	1	0	1.593	146.1	2	-51.33093	181.92336	244.15181	3.3267062	-15.0	1.0	0.0	0.7	0.0	610.8697	0.0	0.0	0.0	0	1.7926233
mcp2k	18259	1	100640	0	8.605	5.639	10	1163728	0	nu-candidate	8	1	1	1	0	1.275	39.8	2	185.76639	-196.565	346.18323	0.57106864	-15.0	1.0	0.0	0.7	0.0	393.02136	0.0	0.0	0.0	0	3.1601737
mcp2k	18259	1	100728	0	8.326	5.524	9	1151216	0	nu-candidate	12	2	2	1	0	1.571	18.4	6	0.0	0.0	0.0	-1.9416895	-15.0	1.0	0.0	0.7	0.0	0.0	0.0	0.0	0.0	0	0.0
mcp2k	18255	1	100850	0	4.954	1.178	6	387968	0	nu-candidate	13	1	1	0	0																		
mcp2k	18255	1	100861	0	4.971	1.076	6	368424	0	cosmic-tagged	10	1	1	0	0																		
mcp2k	18255	1	100927	0	3.535	0.688	4	305868	0	nu-candidate	4	1	1	0	0																		
mcp2k	18255	1	101004	0	8.570	5.360	10	1169424	0	nu-candidate	10	1	1	1	0	1.313	8.4	1	-130.77849	199.89406	459.575	-2.9558191	-15.0	0.0	1.0	0.7	0.0	162.86234	0.0	0.0	0.0	0	0.0
mcp2k	18255	1	101092	0	4.953	1.458	6	432136	0	no-beam-flash	12	0	0	0	0																		
mcp2k	18255	1	101169	0	4.254	0.893	5	347424	0	cosmic-tagged	12	1	1	0	0																		
mcp2k	18255	1	101224	0	9.365	5.604	11	1177680	0	nu-candidate	12	1	1	1	0	1.431	51.9	16	95.66342	-198.73058	406.96085	-0.9163213	-15.0	1.0	1.0	0.7	0.0	364.44232	1.2764255	0.0	1.2764255	1	101.966896
mcp2k	18259	1	101454	0	11.172	8.931	13	1166436	0	nu-candidate	11	1	1	1	0	0.550	214.6	8	-110.89817	35.45447	176.15404	2.925873	-15.0	1.0	0.0	0.7	0.0	839.6732	4.1838565	0.0	4.1838565	3	3.3431869
mcp2k	18255	1	101466	0	9.021	5.331	10	1157444	0	nu-candidate	16	1	1	1	0	2.016	8.0	2	-187.85022	88.00832	329.29895	-0.66721475	-15.0	1.0	0.0	0.7	0.0	101.71363	0.0	0.0	0.0	0	0.9926966
mcp2k	18255	1	101488	0	6.573	2.094	7	452540	0	cosmic-tagged	11	1	1	0	0																		
mcp2k	18259	1	101498	0	7.523	6.182	8	1162872	0	nu-candidate	10	1	1	1	0	1.680	132.8	5	-186.35028	-186.06844	424.8267	1.2384669	-15.0	1.0	1.0	0.7	0.0	427.6172	119.41057	118.82456	0.586005	2	8.66931
mcp2k	18259	1	101520	0	6.142	1.056	7	375324	0	cosmic-tagged	11	1	1	0	0																		
mcp2k	18255	1	101532	0	6.100	0.989	7	357352	0	cosmic-tagged	12	1	1	0	0																		
mcp2k	18255	1	101554	0	13.298	9.017	15	1186276	0	nu-candidate	11	1	1	1	0	1.836	254.4	20	-19.521158	35.45934	130.8725	3.7973027	-15.0	1.0	0.0	0.7	0.0	992.0645	2.394129	0.0	2.394129	1	23.119268
mcp2k	18255	1	101565	0	6.376	1.468	8	444128	0	no-beam-flash	12	0	0	0	0																		
mcp2k	18255	1	101675	0	13.157	8.953	14	1156668	0	nu-candidate	9	1	1	1	0	1.020	136.9	18	-148.37062	40.686287	66.70566	2.615262	-15.0	1.0	0.0	0.7	0.0	784.1364	6.146905	0.0	6.146905	4	11.731855
mcp2k	18259	1	101828	0	11.737	9.320	12	1228816	0	nu-candidate	10	1	1	1	0	0.913	363.3	12	93.05379	114.77142	391.71454	1.2687652	-15.0	1.0	0.0	0.7	0.0	1190.7494	275.3001	0.0	275.3001	1	635.5767
mcp2k	18255	1	101873	0	5.963	1.805	7	445416	0	cosmic-tagged	13	1	1	0	0																		
mcp2k	18255	1	102005	0	5.939	0.989	6	371616	0	no-beam-flash	11	0	0	0	0																		
mcp2k	18255	1	102082	0	3.837	1.041	5	372512	0	cosmic-tagged	9	1	1	0	0																		
mcp2k	18255	1	102247	0	7.882	5.066	9	1115084	0	nu-candidate	12	1	1	1	0	0.800	3.4	9	-133.87193	-94.786804	215.21729	-1.4703043	-15.0	1.0	0.0	0.7	0.0	14.908648	4.470526	0.0	4.470526	2	8.733297
mcp2k	18255	1	102643	0	6.704	5.484	9	1230972	0	nu-candidate	16	1	1	1	0	1.925	2.0	3	-8.413713	70.09948	289.26788	-3.495355	-15.0	1.0	0.0	0.7	0.0	11.676369	3.161313	0.0	3.161313	3	0.0
mcp2k	18255	1	102841	0	9.561	5.853	10	1146916	0	nu-candidate	8	1	1	1	0	1.534	68.5	13	-152.03928	79.361244	299.60608	2.962386	-15.0	1.0	0.0	0.7	0.0	460.05692	3.2531455	0.0	3.2531455	2	17.230947
mcp2k	18255	1	102940	0	4.178	1.845	5	459688	0	cosmic-tagged	12	1	1	0	0																		
mcp2k	18255	1	103039	0	5.514	1.462	6	407756	0	cosmic-tagged	10	1	1	0	0																		
mcp2k	18255	1	103061	0	9.476	5.853	10	1182512	0	nu-candidate	14	1	1	1	0	1.579	3.6	7	-57.82036	-138.99739	300.66086	-1.4129049	-15.0	1.0	0.0	0.7	0.0	49.340973	0.0	0.0	0.0	0	14.076337
mcp2k	18255	1	103193	0	9.410	5.742	10	1167184	0	nu-candidate	11	1	1	1	0	1.290	10.2	0	-153.73685	-194.9013	89.876945	-2.9852376	-15.0	1.0	0.0	0.7	0.0	30.660387	0.0	0.0	0.0	0	0.0
mcp2k	18255	1	103204	0	10.839	7.090	11	1227032	0	nu-candidate	17	1	1	1	0	0.904	142.7	2	91.77031	-39.89842	154.07126	2.9798682	-15.0	1.0	0.0	0.7	0.0	718.2994	1.4869941	0.0	1.4869941	1	2.7525518
mcp2k	18255	1	103226	0	5.420	0.919	6	353940	0	no-beam-flash	10	0	0	0	0																		
mcp2k	18255	1	103270	0	5.540	1.847	6	432684	0	cosmic-tagged	10	1	1	0	0																		
mcp2k	18255	1	103391	0	10.605	7.624	11	1144080	0	nu-candidate	9	1	1	1	0	0.993	109.8	13	102.32971	-29.864952	314.58575	2.6317103	-15.0	1.0	0.0	0.7	0.0	783.62805	6.6788816	0.0	6.6788816	5	11.167284
mcp2k	18255	1	103545	0	7.947	5.704	10	1154664	0	cosmic-tagged	9	1	1	1	0	1.216	19.4	4	192.71385	131.75764	332.6646	0.47546297	-15.0	1.0	0.0	0.7	0.0	453.86093	0.25078133	0.0	0.25078133	1	0.0
mcp2k	18255	1	103567	0	2.087	0.837	3	332172	0	cosmic-tagged	7	1	1	0	0																		
mcp2k	18255	1	103798	0	7.437	6.299	8	1180312	0	nu-candidate	14	1	1	1	0	1.911	27.7	38	-82.431656	102.19473	180.55914	-0.5939642	-15.0	1.0	0.0	0.7	0.0	638.13727	7.0316653	0.0	7.0316653	2	45.302284
mcp2k	18255	1	103820	0	3.217	0.979	4	376400	0	nu-candidate	11	1	1	0	0																		
mcp2k	18255	1	103952	0	12.648	9.393	13	1264972	0	nu-candidate	11	1	1	1	0	0.878	307.5	15	-56.345657	106.173515	292.10608	1.9727983	-15.0	1.0	0.0	0.7	0.0	709.2428	806.6939	68.41478	738.2791	6	18.386679
mcp2k	18255	1	104018	0	6.677	1.367	7	405752	0	cosmic-tagged	9	1	1	0	0																		
mcp2k	18255	1	104172	0	12.761	9.402	13	1256620	0	cosmic-tagged	10	1	1	1	0	1.033	44.6	30	-127.42494	193.77292	434.75082	0.7670294	-15.0	1.0	0.0	0.7	0.0	685.6037	0.0	0.0	0.0	0	14.705053
mcp2k	18255	1	104216	0	12.665	8.908	13	1236204	0	nu-candidate	17	1	1	1	0	0.818	148.2	19	-137.1652	79.77793	253.75761	1.0922889	-15.0	1.0	0.0	0.7	0.0	883.6859	0.0	0.0	0.0	0	49.139156
mcp2k	18255	1	104260	0	11.155	7.438	12	1160756	0	nu-candidate	10	2	2	1	0	1.496	197.0	13	-75.31972	-121.47942	167.58527	0.15082219	-15.0	1.0	0.0	0.7	0.0	691.64355	1.3038387	0.0	1.3038387	1	10.57645
mcp2k	18255	1	104304	0	12.197	7.520	13	1156660	0	nu-candidate	8	1	1	1	0	0.590	173.2	2	57.997562	-76.431786	221.55968	3.4963179	-15.0	1.0	0.0	0.7	0.0	729.65826	3.3960671	0.0	3.3960671	2	0.0
mcp2k	18255	1	104920	0	10.185	7.190	12	1184704	0	nu-candidate	11	1	1	1	0	1.158	195.5	5	-125.53972	63.025837	337.09656	3.6860557	-15.0	1.0	0.0	0.7	0.0	749.23425	5.5700336	0.0	5.5700336	4	1.3010044
mcp2k	18255	1	105074	0	5.745	2.566	6	511884	0	cosmic-tagged	16	1	1	0	0																		
mcp2k	18255	1	105140	0	8.228	5.717	9	1130200	0	nu-candidate	10	1	1	1	0	1.999	57.8	2	160.38068	-87.767914	465.37875	1.2929124	-15.0	1.0	0.0	0.7	0.0	268.0885	0.0	0.0	0.0	0	2.8894804
mcp2k	18255	1	105206	0	4.117	0.969	5	359404	0	nu-candidate	12	1	1	0	0																		
mcp2k	18255	1	105250	0	4.366	1.838	5	410764	0	cosmic-tagged	16	1	1	0	0																		
mcp2k	18255	1	105316	0	9.633	7.465	11	1193444	0	nu-candidate	15	1	1	1	0	1.950	41.7	29	108.51765	-37.592785	176.78381	1.1207199	-15.0	1.0	0.0	0.7	0.0	553.7085	423.5855	104.7753	318.8102	16	25.923708
mcp2k	18255	1	105338	0	3.204	1.348	5	438568	0	no-bundle	13	0	1	0	0																		
mcp2k	18255	1	105404	0	2.921	1.086	5	365600	0	cosmic-tagged	13	1	1	0	0																		
mcp2k	18255	1	105426	0	9.123	5.627	10	1161804	0	nu-candidate	12	1	1	1	0	0.689	47.5	1	103.68224	116.27549	385.07898	0.825755	-15.0	1.0	0.0	0.7	0.0	391.2882	1.2807796	0.0	1.2807796	1	0.0
mcp2k	18255	1	105492	0	9.047	5.940	10	1138392	0	nu-candidate	7	1	1	1	0	1.308	15.4	9	50.68728	-52.36652	179.74983	-0.19809198	-15.0	1.0	0.0	0.7	0.0	386.6042	13.206855	0.0	13.206855	6	1.396172
mcp2k	18255	1	105690	0	4.904	1.009	6	365696	0	no-beam-flash	10	0	0	0	0																		
mcp2k	18259	1	155829	0	4.906	1.189	6	394916	0	cosmic-tagged	11	1	1	0	0																		
mcp2k	18259	1	156093	0	10.453	7.245	12	1224488	0	nu-candidate	13	1	1	1	0	0.745	159.0	5	-145.68903	-106.8879	345.9455	2.8551612	-15.0	1.0	0.0	0.7	0.0	995.55396	0.0	0.0	0.0	0	13.901724
mcp2k	18259	1	156313	0	9.148	5.327	11	1138504	0	nu-candidate	9	1	1	1	0	1.226	4.6	2	186.43413	-112.913475	22.820696	-1.0783436	-15.0	1.0	0.0	0.7	0.0	16.371225	0.0	0.0	0.0	0	6.680123
mcp2k	18259	1	156599	0	6.450	1.590	8	458024	0	cosmic-tagged	14	1	1	0	0																		
mcp2k	18259	1	157215	0	10.092	6.371	11	1213092	0	cosmic-tagged	10	1	1	1	0	1.612	27.8	1	0.0	0.0	0.0	-1.9416895	-15.0	1.0	0.0	0.7	0.0	0.0	0.0	0.0	0.0	0	0.0
mcp2k	18259	1	157281	0	11.133	6.709	12	1164584	0	nu-candidate	10	1	1	1	0	1.821	209.6	4	-171.44667	0.37855124	238.19069	4.0274625	-15.0	1.0	0.0	0.7	0.0	758.55994	0.0	0.0	0.0	0	9.213409
mcp2k	18259	1	157413	0	6.235	1.439	8	400084	0	cosmic-tagged	10	1	1	0	0																		
mcp2k	18259	1	157677	0	4.802	0.902	5	358988	0	no-bundle	9	0	1	0	0																		
mcp2k	18259	1	158227	0	11.374	6.529	13	1181204	0	nu-candidate	10	1	1	1	0	1.252	216.0	2	2.619657	-156.52588	125.030624	2.5418992	-15.0	1.0	0.0	0.7	0.0	634.9646	0.0	0.0	0.0	0	2.7481995
mcp2k	18259	1	158293	0	4.845	1.128	5	377168	0	no-bundle	11	0	1	0	0																		
mcp2k	18259	1	158315	0	6.119	1.240	8	390620	0	cosmic-tagged	9	1	1	0	0																		
mcp2k	18259	1	158557	0	4.943	1.111	6	375216	0	no-beam-flash	13	0	0	0	0																		
mcp2k	18259	1	158579	0	4.982	1.380	6	420520	0	cosmic-tagged	14	1	1	0	0																		
mcp2k	18259	1	158601	0	5.012	1.830	7	432232	0	cosmic-tagged	7	1	1	0	0																		
mcp2k	18259	1	158689	0	8.749	4.451	10	785612	0	cosmic-tagged	7	1	1	1	0	1.452	4.3	0	0.0	0.0	0.0	-1.9416895	-15.0	1.0	0.0	0.7	0.0	0.0	0.0	0.0	0.0	0	0.0
mcp2k	18259	1	159305	0	6.046	1.293	7	409304	0	no-bundle	10	0	1	0	0																		
mcp2k	18259	1	159371	0	6.059	1.440	7	438932	0	cosmic-tagged	11	1	1	0	0																		
mcp2k	18259	1	159569	0	10.350	7.042	12	1138604	0	nu-candidate	8	1	1	1	0	1.522	66.9	17	-123.356415	49.25346	333.3696	0.34364417	-15.0	1.0	0.0	0.7	0.0	680.80334	4.5422397	0.0	4.5422397	3	15.199165
mcp2k	18259	1	159635	0	4.768	0.959	6	348216	0	cosmic-tagged	6	1	1	0	0																		
mcp2k	18259	1	159723	0	4.904	0.957	6	382316	0	cosmic-tagged	13	1	1	0	0																		
mcp2k	18259	1	160031	0	10.408	7.309	11	1227824	0	nu-candidate	13	1	1	1	0	1.944	349.4	6	-125.83321	-3.4733684	0.851055	-4.5289993	-15.0	1.0	1.0	0.2080235	0.0	946.1038	0.0	0.0	0.0	0	7.962138
mcp2k	18259	1	160119	0	8.223	3.294	9	731516	0	cosmic-tagged	17	1	1	0	0																		
mcp2k	18259	1	160163	0	6.145	1.623	7	377344	0	cosmic-tagged	6	1	1	0	0																		
mcp2k	18259	1	160295	0	6.427	1.067	7	381568	0	no-bundle	13	0	1	0	0																		
mcp2k	18259	1	160537	0	10.714	6.184	12	1177112	0	nu-candidate	11	1	1	1	0	1.829	48.7	5	87.4554	-39.3252	478.40945	0.876719	-15.0	1.0	0.0	0.7	0.0	553.4835	64.97682	62.37071	2.606117	2	7.8960357
mcp2k	18259	1	161043	0	10.862	5.682	12	1183916	0	nu-candidate	11	1	1	1	0	0.795	21.1	7	97.09184	163.67334	167.33682	-0.21596405	-15.0	1.0	0.0	0.7	0.0	342.3103	2.0283196	0.0	2.0283196	2	6.3971415
mcp2k	18259	1	161153	0	6.649	1.228	8	396604	0	no-bundle	12	0	1	0	0																		
mcp2k	18259	1	161175	0	6.525	0.989	8	355984	0	no-bundle	11	0	1	0	0																		
mcp2k	18259	1	161725	0	10.447	7.329	11	1192052	0	cosmic-tagged	8	1	1	1	0	1.002	181.9	6	166.6838	79.23506	67.66627	-1.0806788	-15.0	1.0	1.0	0.7	0.0	117.16983	489.32925	487.1817	2.1475546	3	4.4618444
mcp2k	18259	1	161945	0	6.380	1.253	7	407076	0	no-bundle	9	0	1	0	0																		
mcp2k	18259	1	162143	0	22.573	18.201	23	1326048	0	nu-candidate	9	1	1	1	0	0.854	361.4	14	34.55066	-49.52223	136.59612	5.130154	-15.0	1.0	0.0	0.7	0.0	1560.9493	5.4765186	0.0	5.4765186	4	32.636086
mcp2k	18259	1	162253	0	6.388	1.387	9	445684	0	cosmic-tagged	15	1	1	0	0																		
mcp2k	18259	1	162363	0	6.410	1.626	8	387596	0	cosmic-tagged	10	1	1	0	0																		
mcp2k	18259	1	162473	0	10.623	5.890	13	1270696	0	nu-candidate	13	1	1	1	0	1.116	14.7	4	-21.519453	27.003744	80.49115	-2.18371	-15.0	1.0	1.0	0.7	0.0	120.42653	0.0	0.0	0.0	0	4.4544916
mcp2k	18259	1	162517	0	6.275	1.210	7	404380	0	nu-candidate	9	1	1	0	0																		
mcp2k	18259	1	162605	0	4.002	1.073	6	393780	0	no-bundle	15	0	1	0	0																		
mcp2k	18259	1	162891	0	5.045	1.207	6	392060	0	cosmic-tagged	11	1	1	0	0																		
mcp2k	18259	1	162913	0	3.911	0.615	5	310260	0	no-bundle	8	0	1	0	0																		
mcp2k	18259	1	163023	0	6.286	0.857	7	345160	0	cosmic-tagged	11	1	1	0	0																		
mcp2k	18259	1	163309	0	8.980	6.203	10	1212860	0	nu-candidate	14	1	1	1	0	1.853	216.0	6	1.3836521	57.90856	7.997359	3.6576905	-15.0	1.0	0.0	0.7	0.0	627.9866	3.1111665	0.0	3.1111665	3	6.746283
mcp2k	18259	1	163463	0	6.228	0.857	7	350544	0	no-bundle	10	0	1	0	0																		
mcp2k	18259	1	163507	0	4.866	0.872	6	363448	0	cosmic-tagged	15	1	1	0	0																		
mcp2k	18259	1	163595	0	5.067	1.211	7	419184	0	no-bundle	11	0	1	0	0																		
mcp2k	18259	1	163705	0	4.749	0.799	5	349068	0	no-beam-flash	10	0	0	0	0																		
mcp2k	18259	1	163771	0	11.455	5.810	12	1194176	0	nu-candidate	12	1	1	1	0	0.848	106.8	4	30.709217	20.959284	445.89337	1.3529468	-15.0	1.0	1.0	0.7	0.0	387.36304	0.0	0.0	0.0	0	6.6675034
mcp2k	18259	1	163859	0	6.055	0.811	7	349476	0	no-beam-flash	9	0	0	0	0																		
mcp2k	18259	1	164189	0	7.572	1.430	8	403732	0	cosmic-tagged	10	1	1	0	0																		
mcp2k	18259	1	164466	0	10.057	5.487	11	1162760	0	nu-candidate	8	1	1	1	0	0.516	93.9	1	70.98687	196.08975	370.50366	2.0967846	-15.0	1.0	0.0	0.7	0.0	484.8592	0.0	0.0	0.0	0	0.592491
mcp2k	18259	1	164475	0	11.912	8.276	13	1253712	0	nu-candidate	13	1	1	1	0	1.833	282.0	3	-61.04294	125.63341	170.35092	3.7511475	-15.0	1.0	0.0	0.7	0.0	1171.4563	1.2908933	0.0	1.2908933	1	0.23449737
mcp2k	18259	1	164576	0	11.434	6.320	12	1262220	0	no-bundle	11	0	1	1	0	1.613	105.4	8	101.97627	81.619965	388.9381	-0.23590243	-15.0	1.0	0.0	0.7	0.0	385.94	0.0	0.0	0.0	0	14.883531
mcp2k	18259	1	164774	0	7.939	5.383	9	1205288	0	nu-candidate	16	1	2	1	0	1.969	73.8	2	114.16736	-153.30293	182.62991	-0.08069181	-15.0	1.0	0.0	0.7	0.0	304.74966	1.5257745	0.0	1.5257745	1	2.7944245
mcp2k	18259	1	164849	0	4.703	0.679	6	311216	0	cosmic-tagged	9	1	1	0	0																		
mcp2k	18259	1	164862	0	5.353	1.076	7	408760	0	nu-candidate	14	1	1	0	0																		
mcp2k	18259	1	165060	0	5.320	1.644	7	427548	0	cosmic-tagged	8	1	1	0	0																		
mcp2k	18259	1	165104	0	9.681	6.287	11	1253548	0	nu-candidate	13	1	1	1	0	1.313	96.8	6	74.895905	55.562504	360.9872	1.4212363	-15.0	1.0	0.0	0.7	0.0	364.67676	2.0513291	0.0	2.0513291	1	6.0640087
mcp2k	18259	1	165157	0	9.293	6.217	10	1156780	0	nu-candidate	6	1	1	1	0	1.912	24.5	27	-96.33624	136.06654	187.8931	-0.9143011	-11.176464	1.0	0.0	0.7	0.0	468.0927	4.567656	0.0	4.567656	4	5.4505486
mcp2k	18259	1	165393	0	8.214	5.172	9	1174548	0	nu-candidate	10	1	1	1	0	1.095	4.2	7	-161.7128	-67.51588	8.442376	-0.9438036	-15.0	1.0	0.0	0.7	0.0	34.641197	0.0	0.0	0.0	0	8.900326
mcp2k	18259	1	165478	0	4.247	1.381	6	426648	0	no-bundle	12	0	1	0	0																		
mcp2k	18259	1	165544	0	9.529	6.293	11	1240960	0	nu-candidate	16	1	1	1	0	0.624	28.5	6	-166.68622	171.06805	151.93927	-1.473179	-0.36544198	1.0	0.0	0.7	0.0	237.09755	0.0	0.0	0.0	0	0.0
mcp2k	18259	1	165547	0	3.749	1.113	4	374100	0	cosmic-tagged	8	1	1	0	0																		
mcp2k	18259	1	165767	0	9.006	6.068	11	1148400	0	nu-candidate	8	1	1	1	0	1.970	66.0	4	180.17911	-60.707027	136.27643	-0.39071664	-15.0	1.0	0.0	0.7	0.0	720.19855	0.0	0.0	0.0	0	2.6487546
mcp2k	18259	1	165855	0	8.906	6.287	9	1200444	0	nu-candidate	12	1	1	1	0	0.852	236.3	5	98.86653	-112.80222	66.77736	4.0865493	-15.0	1.0	0.0	0.7	0.0	671.51117	0.0	0.0	0.0	0	6.36968
mcp2k	18259	1	165877	0	6.177	0.860	7	354304	0	no-beam-flash	8	0	0	0	0																		
mcp2k	18259	1	165896	0	6.121	0.852	7	365836	0	nu-candidate	13	1	1	0	0																		
mcp2k	18259	1	166006	0	11.574	7.154	12	1152844	0	nu-candidate	8	1	1	1	0	0.800	262.5	6	-48.232586	-168.9484	207.38312	3.840405	-15.0	1.0	0.0	0.7	0.0	819.7217	3.245572	0.0	3.245572	3	4.2408996
mcp2k	18259	1	166050	0	8.912	5.128	10	1129624	0	nu-candidate	8	1	1	1	0	1.768	29.3	10	41.49123	33.202957	355.622	-0.27458343	-15.0	1.0	0.0	0.7	0.0	390.6842	1.1282365	0.0	1.1282365	1	16.622105
mcp2k	18259	1	166185	0	5.683	0.782	6	333740	0	nu-candidate	11	2	2	0	0																		
mcp2k	18259	1	166251	0	5.888	1.586	6	515188	0	cosmic-tagged	15	1	1	0	0																		
mcp2k	18259	1	166295	0	11.732	5.985	12	1227588	0	nu-candidate	14	2	2	1	0	0.811	40.2	16	-174.79996	29.271372	110.819626	-0.97612625	-15.0	1.0	0.0	0.7	0.0	423.17587	56.489693	0.0	56.489693	6	84.05401
mcp2k	18259	1	166405	0	5.665	0.664	6	308456	0	no-beam-flash	6	0	0	0	0																		
mcp2k	18259	1	166603	0	5.713	0.947	6	370692	0	no-bundle	13	0	1	0	0																		
mcp2k	18259	1	166908	0	5.647	1.192	6	339712	0	cosmic-tagged	8	1	1	0	0																		
mcp2k	18259	1	166996	0	10.690	6.095	12	1215764	0	nu-candidate	13	1	1	1	0	1.729	93.1	14	-86.40856	58.499947	294.64474	1.5560111	-15.0	1.0	0.0	0.7	0.0	599.5763	6.269666	0.0	6.269666	5	14.989301
mcp2k	18259	1	167109	0	5.183	1.228	7	437064	0	nu-candidate	11	2	2	0	0																		
mcp2k	18259	1	167329	0	5.226	1.326	7	409864	0	cosmic-tagged	14	1	1	0	0																		
mcp2k	18259	1	167351	0	9.348	6.298	11	1187392	0	nu-candidate	10	1	1	1	0	2.014	185.2	12	-117.49386	85.52018	332.36832	1.3948551	-15.0	1.0	0.0	0.7	0.0	995.109	11.185402	0.0	11.185402	9	1.7007694
mcp2k	18259	1	167461	0	7.827	0.990	8	349932	0	cosmic-tagged	8	1	1	0	0																		
mcp2k	18259	1	167546	0	7.892	0.990	8	387884	0	nu-candidate	11	1	1	0	0																		
mcp2k	18259	1	167612	0	14.278	8.436	15	1300464	0	cosmic-tagged	13	1	1	1	0	0.644	1.7	0	-129.4156	-56.226063	65.65895	-0.3330276	-15.0	1.0	0.0	0.7	0.0	693.7421	296.21298	0.0	296.21298	22	97.81657
mcp2k	18259	1	167703	0	10.375	5.900	11	1221484	0	nu-candidate	9	1	1	1	0	1.310	33.9	25	-81.01478	-54.045784	246.82364	-0.5582587	-15.0	1.0	0.0	0.7	0.0	255.11276	10.23281	0.0	10.23281	6	30.250103
mcp2k	18259	1	167744	0	10.061	7.459	11	1198756	0	nu-candidate	11	1	1	1	0	0.992	305.9	15	-6.11537	94.96597	475.0423	-0.08616501	-15.0	1.0	1.0	0.7	0.0	939.2686	151.86693	0.0	151.86693	2	9.599861
mcp2k	18259	1	167876	0	6.408	1.136	7	415300	0	cosmic-tagged	14	1	1	0	0																		
mcp2k	18259	1	167964	0	6.446	1.530	7	462252	0	cosmic-tagged	12	1	1	0	0																		
mcp2k	18259	1	168052	0	6.360	1.173	7	414988	0	nu-candidate	12	1	1	0	0																		
mcp2k	18259	1	168077	0	6.696	0.978	8	369324	0	cosmic-tagged	10	1	1	0	0																		
mcp2k	18259	1	168096	0	5.805	1.006	8	379832	0	no-beam-flash	12	0	0	0	0																		
mcp2k	18259	1	168209	0	10.768	7.131	12	1255028	0	nu-candidate	10	1	1	1	0	0.997	96.9	4	94.38793	106.2026	431.15698	3.5220506	-15.0	1.0	0.0	0.7	0.0	914.8017	2.010247	0.0	2.010247	1	139.35245
mcp2k	18259	1	168338	0	4.520	0.776	6	340396	0	cosmic-tagged	5	1	1	0	0																		
mcp2k	18259	1	168448	0	10.899	6.801	12	1236396	0	nu-candidate	15	1	1	1	0	0.595	78.1	3	-15.305888	-11.987035	360.95428	1.326453	-15.0	1.0	0.0	0.7	0.0	689.7395	237.97763	0.0	237.97763	2	0.0
mcp2k	18259	1	168561	0	4.586	0.934	5	356484	0	nu-candidate	13	1	1	0	0																		
mcp2k	18259	1	168778	0	6.928	3.079	8	701436	0	cosmic-tagged	12	1	1	1	0	0.480	2.1	0	0.0	0.0	0.0	-1.9416895	-15.0	1.0	0.0	0.7	0.0	0.0	0.0	0.0	0.0	0	0.0
mcp2k	18259	1	168822	0	4.523	1.087	5	402736	0	cosmic-tagged	11	1	2	0	0																		
mcp2k	18259	1	168869	0	6.998	4.673	8	1129100	0	nu-candidate	5	1	1	1	0	0.951	7.6	5	86.84671	192.42764	325.27783	-0.83470714	-15.0	1.0	0.0	0.7	0.0	100.87146	0.0	0.0	0.0	0	5.568053
mcp2k	18259	1	168979	0	4.513	0.745	5	324464	0	no-beam-flash	12	0	0	0	0																		
mcp2k	18259	1	169067	0	11.235	7.665	12	1196944	0	nu-candidate	11	1	1	1	0	1.362	222.8	10	-164.63226	132.08237	106.765434	3.410603	-15.0	1.0	0.0	0.7	0.0	655.93066	9.639176	0.0	9.639176	4	7.2973666
mcp2k	18259	1	169152	0	10.389	6.461	12	1293440	0	nu-candidate	19	1	1	1	0	1.658	77.8	9	-126.43346	-104.23266	428.42346	1.4572743	-15.0	1.0	0.0	0.7	0.0	499.22382	6.2270303	0.0	6.2270303	3	158.97108
mcp2k	18259	1	169160	0	4.973	0.984	7	367784	0	cosmic-tagged	9	1	1	0	0																		
mcp2k	18259	1	169182	0	6.096	1.195	8	409216	0	cosmic-tagged	11	1	1	0	0																		
mcp2k	18259	1	169204	0	4.735	0.841	5	341964	0	no-bundle	9	0	1	0	0																		
mcp2k	18259	1	169221	0	11.461	5.865	12	1226760	0	nu-candidate	12	1	1	1	0	0.789	81.8	3	9.693681	-1.992222	466.11533	0.05750611	-15.0	1.0	0.0	0.7	0.0	451.127	1.022895	0.0	1.022895	2	0.0
mcp2k	18259	1	169240	0	12.947	9.321	14	1368552	0	nu-candidate	17	1	1	1	0	1.079	337.3	4	-12.100103	-1.646907	168.43805	2.8086135	-15.0	1.0	0.0	0.7	0.0	942.44147	43.27985	42.00324	1.2766113	2	8.938222
mcp2k	18259	1	169306	0	9.059	5.441	11	1151600	0	nu-candidate	11	1	1	1	0	0.909	62.4	7	159.67589	-152.75313	33.435875	0.20493905	-15.0	1.0	0.0	0.7	0.0	333.69885	0.0	0.0	0.0	0	19.218155
mcp2k	18259	1	169331	0	3.881	1.050	5	381012	0	no-beam-flash	9	0	0	0	0																		
mcp2k	18259	1	169622	0	5.151	0.852	6	354964	0	no-bundle	9	0	1	0	0																		
mcp2k	18259	1	169658	0	14.221	9.104	16	1141112	0	nu-candidate	9	1	1	1	0	1.308	269.1	6	46.89974	-2.5452764	54.149277	4.336832	-15.0	1.0	0.0	0.7	0.0	979.237	5.925514	0.0	5.925514	4	1.8056455
mcp2k	18259	1	169724	0	9.004	5.768	10	1215576	0	nu-candidate	11	1	1	1	0	1.457	28.4	4	16.508936	-59.064	452.9302	-0.91952574	-15.0	1.0	0.0	0.7	0.0	424.156	191.38156	0.0	191.38156	4	111.36474
mcp2k	18259	1	169746	0	3.989	0.662	5	326232	0	no-bundle	11	0	1	0	0																		
mcp2k	18259	1	169749	0	6.311	1.065	7	403208	0	no-beam-flash	11	0	0	0	0																		
mcp2k	18259	1	169776	0	6.351	1.353	7	445432	0	cosmic-tagged	9	1	1	0	0																		
mcp2k	18259	1	169793	0	12.796	7.882	13	1172272	0	nu-candidate	9	1	1	1	0	1.289	199.1	40	-177.58946	138.42531	318.92825	2.7635856	-15.0	1.0	0.0	0.7	0.0	851.87994	87.78506	0.0	87.78506	12	55.740627
mcp2k	18259	1	169886	0	6.244	0.897	7	363804	0	no-beam-flash	10	0	0	0	0																		
mcp2k	18259	1	169900	0	6.397	1.044	7	391192	0	cosmic-tagged	11	1	1	0	0																		
mcp2k	18259	1	169966	0	9.821	5.580	12	1265940	0	nu-candidate	11	1	1	1	0	2.049	3.0	13	-15.425334	47.081657	121.84781	-1.2856437	-15.0	1.0	0.0	0.7	0.0	152.53949	1.9579248	0.0	1.9579248	2	25.588266
mcp2k	18259	1	170076	0	12.894	10.384	15	1293668	0	nu-candidate	9	1	1	1	0	1.909	323.5	15	-15.597098	8.661243	31.208746	3.5052996	-15.0	1.0	0.0	0.7	0.0	1072.8649	9.614838	0.0	9.614838	8	110.14899
mcp2k	18259	1	170098	0	10.214	7.130	12	1178812	0	nu-candidate	12	1	1	1	0	1.270	78.6	34	-51.255558	88.94061	346.26453	2.8823717	-15.0	1.0	0.0	0.7	0.0	809.6596	121.935326	0.0	121.935326	11	10.439461
mcp2k	18259	1	170189	0	4.542	0.626	5	309236	0	no-bundle	7	0	1	0	0																		
mcp2k	18259	1	170194	0	3.892	1.165	5	422712	0	cosmic-tagged	11	1	1	0	0																		
mcp2k	18259	1	170260	0	4.571	0.910	5	345524	0	cosmic-tagged	7	1	1	0	0																		
mcp2k	18259	1	170274	0	7.637	5.392	8	1205716	0	nu-candidate	12	2	2	1	0	2.022	46.5	11	-75.96714	-158.09392	29.842577	-1.1621897	-15.0	1.0	1.0	0.7	0.0	285.24957	0.0	0.0	0.0	0	17.651165
mcp2k	18259	1	170326	0	8.850	5.704	10	1249604	0	nu-candidate	11	1	1	1	0	0.752	113.9	4	-152.93298	166.4855	414.5225	-1.0661217	-15.0	1.0	0.0	0.7	0.0	91.34612	293.48383	0.0	293.48383	1	1.3399143
mcp2k	18259	1	170365	0	8.563	5.851	9	1174344	0	nu-candidate	11	1	1	1	0	0.879	105.9	2	-43.603676	-106.30197	408.39096	3.859125	-15.0	1.0	0.0	0.7	0.0	452.57812	1.1930528	0.0	1.1930528	1	2.0722187
mcp2k	18259	1	170414	0	3.567	0.835	4	364992	0	no-beam-flash	12	0	0	0	0																		
mcp2k	18259	1	170428	0	11.185	7.814	13	1205532	0	nu-candidate	11	1	1	1	0	0.892	285.7	4	5.4597926	52.929657	263.55225	3.930806	-15.0	1.0	0.0	0.7	0.0	862.0955	1.9563509	0.0	1.9563509	1	1.9628117
mcp2k	18259	1	170585	0	6.815	5.263	8	1168444	0	nu-candidate	10	1	1	1	0	1.936	27.2	3	191.88026	143.81688	407.33682	2.245496	-15.0	1.0	0.0	0.7	0.0	298.92746	0.0	0.0	0.0	0	5.247285
mcp2k	18259	1	170651	0	9.836	6.313	11	1199596	0	nu-candidate	10	1	1	1	0	1.495	232.6	2	1.6897894	-70.215385	68.97088	3.1211555	-15.0	1.0	0.0	0.7	0.0	651.9834	0.0	0.0	0.0	0	1.7849181
mcp2k	18259	1	170739	0	3.997	1.308	6	457856	0	cosmic-tagged	16	1	1	0	0																		
mcp2k	18259	1	170761	0	16.019	14.583	17	1300200	0	nu-candidate	11	1	1	1	0	0.621	317.2	20	97.268974	58.95212	126.83686	4.7337756	-10.009202	1.0	0.0	0.7	0.0	1440.0634	17.37031	0.0	17.37031	6	9.355869
mcp2k	18259	1	170898	0	4.820	0.956	5	357724	0	no-beam-flash	8	0	0	0	0																		
mcp2k	18259	1	170915	0	4.754	0.939	5	361176	0	no-bundle	13	0	1	0	0																		
mcp2k	18259	1	170942	0	4.402	1.161	6	395084	0	no-bundle	7	0	1	0	0																		
mcp2k	18259	1	170978	0	5.578	1.057	7	409444	0	no-bundle	10	0	1	0	0																		
mcp2k	18259	1	171096	0	5.510	1.374	6	374576	0	cosmic-tagged	10	1	1	0	0																		
mcp2k	18259	1	171099	0	5.644	1.111	7	410180	0	no-bundle	10	0	1	0	0																		
mcp2k	18259	1	171143	0	10.705	7.716	12	1249520	0	nu-candidate	14	1	1	1	0	1.776	102.3	10	-112.87598	-155.21135	74.93745	3.2632825	-15.0	1.0	0.0	0.7	0.0	779.9109	0.0	0.0	0.0	0	11.049607
mcp2k	18259	1	171184	0	5.225	0.793	6	357228	0	no-beam-flash	10	0	0	0	0																		
mcp2k	18259	1	171294	0	7.721	1.204	8	401576	0	cosmic-tagged	10	1	1	0	0																		
mcp2k	18259	1	171352	0	13.778	8.363	14	1183884	0	nu-candidate	9	1	1	1	0	1.696	87.2	17	-37.486904	-177.4069	456.66107	3.1186767	-15.0	1.0	0.0	0.7	0.0	1093.938	29.432135	24.314453	5.1176825	3	31.81562
mcp2k	18259	1	171404	0	6.461	0.860	7	363888	0	nu-candidate	11	1	1	0	0																		
mcp2k	18259	1	171421	0	7.701	1.052	8	386968	0	nu-candidate	16	1	1	0	0																		
mcp2k	18259	1	171426	0	5.933	1.101	8	417736	0	cosmic-tagged	14	1	1	0	0																		
mcp2k	18259	1	171440	0	9.040	4.018	10	760428	0	cosmic-tagged	9	1	1	1	0	1.732	1.8	0	0.0	0.0	0.0	-1.9416895	-15.0	1.0	0.0	0.7	0.0	0.0	0.0	0.0	0.0	0	0.0
mcp2k	18259	1	171473	0	10.116	5.086	11	1172416	0	nu-candidate	11	1	1	1	0	0.744	3.6	1	-103.876305	-114.05215	339.82162	-1.3234767	-15.0	1.0	0.0	0.7	0.0	136.39577	0.0	0.0	0.0	0	6.7889004
mcp2k	18259	1	171484	0	6.104	1.995	7	433920	0	cosmic-tagged	7	1	1	0	0																		
mcp2k	18259	1	171517	0	3.705	0.672	5	324616	0	cosmic-tagged	9	1	1	0	0																		
mcp2k	18259	1	171528	0	9.880	5.828	11	1175176	0	nu-candidate	12	1	1	1	0	1.338	35.2	13	32.673637	-196.27364	412.2013	-0.47724462	-15.0	1.0	1.0	0.7	0.0	506.08368	1.3646826	0.0	1.3646826	1	118.464386
mcp2k	18259	1	171536	0	3.860	0.846	5	354120	0	nu-candidate	10	1	1	0	0																		
mcp2k	18259	1	171572	0	10.062	6.958	11	1231324	0	nu-candidate	9	1	1	1	0	1.435	127.2	13	12.581291	-71.27297	214.22812	-0.19404055	-15.0	1.0	0.0	0.7	0.0	780.8357	26.647676	0.0	26.647676	5	2.4101691
mcp2k	18259	1	171616	0	9.712	6.115	10	1210752	0	nu-candidate	16	1	1	1	0	0.529	149.5	23	-93.515785	-154.53783	196.11528	2.9823434	-15.0	1.0	0.0	0.7	0.0	557.19775	0.0	0.0	0.0	0	63.226665
mcp2k	18259	1	171729	0	11.780	8.863	12	1163896	0	nu-candidate	8	1	1	1	0	0.536	161.9	11	-8.997634	127.708115	290.97302	1.0287496	-3.813681	1.0	0.0	0.7	0.0	785.6543	2.5399647	0.0	2.5399647	2	4.801169
mcp2k	18259	1	171748	0	5.937	0.762	7	340452	0	nu-candidate	10	2	2	0	0																		
mcp2k	18259	1	171770	0	7.899	3.974	8	799004	0	cosmic-tagged	11	1	1	1	0	0.835	3.3	0	0.0	0.0	0.0	-1.9416895	-15.0	1.0	0.0	0.7	0.0	0.0	0.0	0.0	0.0	0	0.0
mcp2k	18259	1	171778	0	5.662	0.752	6	348808	0	cosmic-tagged	9	1	1	0	0																		
mcp2k	18259	1	171792	0	5.641	0.763	6	343212	0	cosmic-tagged	8	1	1	0	0																		
mcp2k	18259	1	171866	0	10.398	6.822	11	1176288	0	nu-candidate	11	1	1	1	0	1.579	114.7	3	-54.87218	-170.35738	337.34232	3.5832434	-15.0	1.0	0.0	0.7	0.0	731.7463	1.6965646	0.0	1.6965646	1	1.819499
mcp2k	18259	1	171935	0	5.782	1.172	6	408528	0	cosmic-tagged	14	1	1	0	0																		
mcp2k	18259	1	171990	0	4.729	0.776	5	339640	0	cosmic-tagged	12	1	1	0	0																		
mcp2k	18259	1	172012	0	10.325	5.876	11	1238640	0	cosmic-tagged	14	1	1	1	0	1.374	73.6	3	63.498425	15.652995	0.064148225	-3.358506	-15.0	1.0	1.0	0.35903415	0.0	461.67392	3.7171755	0.0	3.7171755	2	156.04524
mcp2k	18259	1	172015	0	7.928	3.584	8	732428	0	cosmic-tagged	11	1	1	1	0	0.630	0.7	0	0.0	0.0	0.0	-1.9416895	-15.0	1.0	0.0	0.7	0.0	0.0	0.0	0.0	0.0	0	0.0
mcp2k	18259	1	172020	0	10.344	6.593	11	1163668	0	nu-candidate	8	1	2	1	0	0.956	122.5	7	-164.12538	-81.02558	353.63568	4.073652	-15.0	1.0	0.0	0.7	0.0	801.7267	2.4432623	0.0	2.4432623	2	4.394716
mcp2k	18259	1	172045	0	4.307	1.092	6	391792	0	no-beam-flash	11	0	0	0	0																		
mcp2k	18259	1	172064	0	3.965	0.706	5	328804	0	no-bundle	8	0	1	0	0																		
mcp2k	18259	1	172147	0	4.786	0.924	5	381632	0	cosmic-tagged	11	1	1	0	0																		
mcp2k	18259	1	172177	0	10.297	5.424	12	1153064	0	nu-candidate	6	1	1	1	0	1.484	61.6	28	-178.28432	159.00388	375.5512	3.4247873	-15.0	1.0	0.0	0.7	0.0	412.54593	2.791247	0.0	2.791247	3	28.589796
mcp2k	18259	1	172232	0	7.351	0.833	9	345388	0	no-beam-flash	11	0	0	0	0																		
mcp2k	18259	1	172235	0	7.260	0.732	9	340644	0	cosmic-tagged	10	1	1	0	0																		
mcp2k	18259	1	172262	0	12.949	7.784	14	1331804	0	cosmic-tagged	12	2	2	1	0	0.526	83.8	5	40.817944	43.305363	0.1570602	-3.8019614	-15.0	1.0	1.0	-0.39420447	0.0	335.79474	0.0	0.0	0.0	0	6.698209
mcp2k	18259	1	172298	0	7.042	1.212	8	400620	0	cosmic-tagged	11	1	1	0	0																		
mcp2k	18259	1	172344	0	10.203	5.532	11	1156008	0	nu-candidate	8	1	1	1	0	1.828	37.4	1	-79.073425	-185.29434	477.9917	3.2796667	-15.0	1.0	0.0	0.7	0.0	570.32434	0.0	0.0	0.0	0	0.5195291
mcp2k	18259	1	172397	0	7.151	1.471	8	428164	0	cosmic-tagged	10	1	1	0	0																		
mcp2k	18259	1	172463	0	11.797	8.285	13	1284404	0	nu-candidate	10	1	1	1	0	1.475	186.8	4	-201.03015	-110.07685	268.95148	-2.6717641	-15.0	1.0	1.0	0.7	0.0	733.0925	2.031017	0.0	2.031017	2	2.019405
mcp2k	18259	1	172485	0	5.974	1.248	7	384564	0	cosmic-tagged	9	1	1	0	0																		
mcp2k	18259	1	172498	0	10.224	5.722	12	1231020	0	nu-candidate	11	1	1	1	0	1.290	37.7	2	13.285112	-175.39944	240.4716	1.8419591	-15.0	1.0	0.0	0.7	0.0	324.86	0.0	0.0	0.0	0	0.0
mcp2k	18259	1	172543	0	5.036	1.030	6	395912	0	cosmic-tagged	13	1	1	0	0																		
mcp2k	18259	1	172548	0	9.322	5.608	11	1236164	0	nu-candidate	10	1	1	1	0	1.156	6.0	6	-14.265775	74.140724	468.6652	-0.7324273	-15.0	1.0	0.0	0.7	0.0	86.08637	2.6741521	0.0	2.6741521	2	7.8901033
mcp2k	18259	1	172564	0	3.964	0.614	5	309232	0	no-beam-flash	7	0	0	0	0																		
mcp2k	18259	1	172617	0	12.632	8.351	13	1214588	0	nu-candidate	12	1	1	1	0	1.916	185.7	2	54.18731	119.597824	339.63535	3.66005	-15.0	1.0	0.0	0.7	0.0	818.9075	5.5230036	0.0	5.5230036	2	0.0
mcp2k	18259	1	172683	0	5.075	0.973	6	361580	0	nu-candidate	12	1	1	0	0																		
mcp2k	18259	1	172727	0	5.191	1.060	6	394484	0	no-bundle	13	0	1	0	0																		
mcp2k	18259	1	172734	0	3.792	0.878	4	371524	0	no-bundle	12	0	1	0	0																		
mcp2k	18259	1	172746	0	6.238	0.991	7	370132	0	cosmic-tagged	13	1	1	0	0																		
mcp2k	18259	1	172762	0	11.250	6.719	12	1222592	0	nu-candidate	11	1	1	1	0	1.444	308.5	2	-12.105506	-157.1251	127.59634	3.5841615	-15.0	1.0	0.0	0.7	0.0	843.8227	3.3343637	0.0	3.3343637	2	0.0
mcp2k	18259	1	172850	0	8.775	5.365	9	1199572	0	nu-candidate	11	1	1	1	0	0.616	53.5	1	193.16183	68.42799	391.32928	2.4995985	-15.0	1.0	0.0	0.7	0.0	353.80536	0.0	0.0	0.0	0	0.8647149
mcp2k	18259	1	172878	0	6.641	2.081	8	483664	0	cosmic-tagged	15	1	1	0	0																		
mcp2k	18259	1	173004	0	5.330	0.795	7	352856	0	no-beam-flash	9	0	0	0	0																		
mcp2k	18259	1	173048	0	6.584	1.958	7	501208	0	cosmic-tagged	15	1	1	0	0																		
mcp2k	18259	1	173049	0	9.773	5.404	11	1127640	0	nu-candidate	6	1	1	1	0	1.844	50.0	3	-182.13718	127.71298	470.599	3.453247	-15.0	1.0	0.0	0.7	0.0	358.70993	1.3761516	0.0	1.3761516	1	3.2587442
mcp2k	18259	1	173054	0	7.477	1.524	9	482204	0	cosmic-tagged	14	1	1	0	0																		
mcp2k	18259	1	173086	0	6.137	1.063	8	374528	0	cosmic-tagged	11	1	1	0	0																		
mcp2k	18259	1	173093	0	10.281	6.207	12	1205428	0	nu-candidate	9	1	1	1	0	1.878	21.5	24	-5.0287747	-12.690782	299.04053	-0.86149275	-15.0	1.0	0.0	0.7	0.0	426.20892	1.1356096	0.0	1.1356096	1	123.70413
mcp2k	18259	1	173108	0	8.889	6.425	9	1393464	0	nu-candidate	20	1	1	1	0	1.924	39.3	5	-100.26253	178.22336	12.255778	2.216725	-15.0	1.0	0.0	0.7	0.0	400.8912	1.7776417	0.0	1.7776417	1	4.5297084
mcp2k	18259	1	173180	0	6.000	1.961	6	451292	0	cosmic-tagged	12	1	1	0	0																		
mcp2k	18259	1	173218	0	5.209	1.999	7	591592	0	cosmic-tagged	18	1	1	0	0																		
mcp2k	18259	1	173240	0	4.963	1.005	7	396112	0	nu-candidate	16	1	1	0	0																		
mcp2k	18259	1	173277	0	5.174	0.929	8	365348	0	cosmic-tagged	11	1	1	0	0																		
mcp2k	18259	1	173340	0	9.009	5.956	10	1194808	0	nu-candidate	16	1	1	1	0	1.513	88.4	3	-66.1291	187.91956	43.71813	-0.28824848	-15.0	1.0	0.0	0.7	0.0	342.0709	0.0	0.0	0.0	0	3.4653492
mcp2k	18259	1	173438	0	8.695	5.023	9	1167296	0	nu-candidate	10	1	1	1	0	1.950	1.7	2	-192.61043	-78.14117	177.90517	-2.5555077	-15.0	1.0	0.0	0.7	0.0	108.36084	0.0	0.0	0.0	0	1.9231441
mcp2k	18259	1	173450	0	11.150	6.823	13	1211688	0	nu-candidate	10	1	1	1	0	0.792	279.9	1	83.797325	199.93573	96.78955	-3.4922519	-15.0	1.0	1.0	0.7	0.0	790.71857	1.7406572	0.0	1.7406572	1	0.0
mcp2k	18259	1	173466	0	4.893	0.977	5	379096	0	no-bundle	9	0	1	0	0																		
mcp2k	18259	1	173488	0	8.564	5.036	9	1170624	0	nu-candidate	8	1	1	1	0	1.171	3.9	10	16.871073	172.39734	14.474641	-1.0263753	-15.0	1.0	0.0	0.7	0.0	54.13643	6.994406	0.0	6.994406	5	7.261632
mcp2k	18259	1	173495	0	11.145	6.821	12	1335636	0	nu-candidate	15	1	1	1	0	1.622	35.3	6	-1.1170549	199.0533	459.4702	-1.0929017	-15.0	1.0	1.0	0.7	0.0	362.28455	43.496315	43.496315	0.0	1	2.6047974
mcp2k	18259	1	173577	0	5.102	0.930	7	366288	0	no-beam-flash	8	0	0	0	0																		
mcp2k	18259	1	173582	0	4.965	0.904	7	372584	0	no-beam-flash	14	0	0	0	0																		
mcp2k	18259	1	173585	0	11.522	7.009	13	1192396	0	nu-candidate	12	1	1	1	0	0.683	198.5	5	-54.5789	-131.06638	231.67998	4.748263	-15.0	1.0	0.0	0.7	0.0	668.8883	1.3271763	0.0	1.3271763	1	5.7303314
mcp2k	18259	1	173620	0	9.203	6.303	11	1189536	0	nu-candidate	9	1	1	1	0	1.268	113.3	12	49.476395	162.20116	255.33022	-0.34443903	-15.0	1.0	0.0	0.7	0.0	580.3329	2.0205555	0.0	2.0205555	2	11.9864435
mcp2k	18259	1	173636	0	4.882	0.766	6	349960	0	cosmic-tagged	15	1	1	0	0																		
mcp2k	18259	1	173643	0	9.884	5.826	10	1202960	0	nu-candidate	10	1	1	1	0	1.297	141.3	10	-105.5621	-114.9949	391.80386	3.3327107	-15.0	1.0	0.0	0.7	0.0	604.6158	0.0	0.0	0.0	0	143.54909
mcp2k	18259	1	173665	0	5.877	1.327	6	446256	0	no-beam-flash	11	0	0	0	0																		
mcp2k	18259	1	173671	0	11.210	7.494	12	1234660	0	nu-candidate	12	1	1	1	0	1.500	369.5	0	1.8594747	-105.845085	105.89287	2.8972394	-15.0	1.0	0.0	0.7	0.0	972.8137	0.0	0.0	0.0	0	0.0
mcp2k	18259	1	173692	0	5.891	1.547	6	467688	0	cosmic-tagged	11	1	1	0	0																		
mcp2k	18259	1	173717	0	5.736	0.913	6	370084	0	no-bundle	12	0	1	0	0																		
mcp2k	18259	1	173781	0	5.358	1.125	7	401424	0	no-beam-flash	10	0	0	0	0																		
mcp2k	18259	1	173790	0	4.797	1.682	5	416068	0	cosmic-tagged	10	1	1	0	0																		
mcp2k	18259	1	173819	0	9.689	7.464	10	1174808	0	nu-candidate	11	1	1	1	0	0.688	79.9	11	92.322174	175.32875	380.3978	1.5617298	-15.0	1.0	1.0	0.7	0.0	1200.5138	1.0328624	0.0	1.0328624	2	261.44067
mcp2k	18259	1	173827	0	7.494	5.096	8	1192936	0	nu-candidate	18	1	1	1	0	0.836	4.1	1	60.72919	144.46301	35.435417	-0.7793263	-15.0	1.0	0.0	0.7	0.0	100.979034	0.0	0.0	0.0	0	0.8784075
mcp2k	18259	1	173862	0	5.043	0.674	7	319632	0	nu-candidate	7	1	1	0	0																		
mcp2k	18259	1	173869	0	5.138	1.153	7	386176	0	cosmic-tagged	10	1	1	0	0																		
mcp2k	18259	1	173906	0	5.125	1.037	7	367920	0	cosmic-tagged	8	1	1	0	0																		
mcp2k	18259	1	173912	0	9.730	5.342	11	1155460	0	nu-candidate	6	1	1	1	0	1.675	57.4	8	-181.90135	154.28244	451.91034	2.1859195	-15.0	1.0	0.0	0.7	0.0	517.6465	0.0	0.0	0.0	0	7.6712065
mcp2k	18259	1	173915	0	6.066	2.000	7	541776	0	cosmic-tagged	14	1	1	0	0																		
mcp2k	18259	1	173978	0	9.546	5.518	10	1164532	0	nu-candidate	10	1	1	1	0	0.587	25.4	9	107.89279	-71.67143	103.65819	-1.2371174	-15.0	1.0	1.0	0.7	0.0	210.94714	32.488987	32.488987	0.0	3	10.427211
mcp2k	18259	1	174000	0	5.724	1.152	6	419500	0	cosmic-tagged	13	1	1	0	0																		
mcp2k	18259	1	174132	0	5.778	1.266	6	418692	0	no-beam-flash	9	0	0	0	0																		
mcp2k	18259	1	174149	0	5.968	0.820	7	336740	0	nu-candidate	11	1	2	0	0																		
mcp2k	18259	1	174164	0	15.877	11.891	16	1189988	0	nu-candidate	10	1	1	1	0	1.407	260.1	13	12.520235	-98.050896	239.13235	4.653715	-8.729444	1.0	0.0	0.7	0.0	923.3265	2.0323775	0.0	2.0323775	1	0.0
mcp2k	18259	1	174170	0	4.943	1.542	6	422352	0	cosmic-tagged	10	1	1	0	0																		
mcp2k	18259	1	174221	0	4.942	0.829	6	348632	0	cosmic-tagged	14	1	1	0	0																		
mcp2k	18259	1	174230	0	4.942	1.180	6	411976	0	cosmic-tagged	10	1	1	0	0																		
mcp2k	18259	1	174258	0	5.018	0.809	7	349024	0	no-bundle	11	0	1	0	0																		
mcp2k	18259	1	174265	0	4.823	1.101	5	398816	0	cosmic-tagged	9	1	1	0	0																		
mcp2k	18259	1	174280	0	6.031	0.813	8	351312	0	no-bundle	10	0	1	0	0																		
mcp2k	18259	1	174302	0	9.970	5.767	12	1210492	0	nu-candidate	13	1	1	1	0	1.475	93.9	3	-22.468422	-8.805332	151.72958	0.8869276	-15.0	1.0	0.0	0.7	0.0	456.71698	0.0	0.0	0.0	0	113.40404
mcp2k	18259	1	174311	0	11.455	6.401	13	1207252	0	nu-candidate	13	2	2	1	0	1.560	86.5	3	-81.46435	6.3659773	449.16702	2.9390984	-15.0	1.0	0.0	0.7	0.0	604.38617	0.0	0.0	0.0	0	4.727822
mcp2k	18259	1	174330	0	6.161	1.268	8	445564	0	no-beam-flash	14	0	0	0	0																		
mcp2k	18259	1	174352	0	10.019	6.459	12	1179232	0	nu-candidate	11	1	1	1	0	0.836	66.8	16	-82.92809	-76.56104	237.70541	1.4505501	-15.0	1.0	0.0	0.7	0.0	551.09155	2.982824	0.0	2.982824	2	92.524025
mcp2k	18259	1	174443	0	5.895	0.763	7	330716	0	nu-candidate	11	1	1	0	0																		
mcp2k	18259	1	174465	0	6.130	0.897	8	366752	0	cosmic-tagged	13	1	1	0	0																		
mcp2k	18259	1	174506	0	4.814	1.006	6	387232	0	nu-candidate	13	1	1	0	0																		
mcp2k	18259	1	174551	0	4.836	0.886	6	362156	0	cosmic-tagged	12	1	1	0	0																		
mcp2k	18259	1	174573	0	6.313	1.298	8	419832	0	cosmic-tagged	13	1	1	0	0																		
mcp2k	18259	1	174589	0	6.135	1.646	7	456524	0	cosmic-tagged	12	1	1	0	0																		
mcp2k	18259	1	174617	0	4.567	0.758	5	344920	0	cosmic-tagged	8	1	1	0	0																		
mcp2k	18259	1	174661	0	11.238	7.102	13	1223620	0	nu-candidate	11	2	2	1	0	0.945	130.1	8	100.97681	40.339798	114.942314	3.6442246	-15.0	1.0	0.0	0.7	0.0	619.9725	0.0	0.0	0.0	0	0.0
mcp2k	18259	1	174704	0	6.051	1.207	7	358612	0	cosmic-tagged	8	1	1	0	0																		
mcp2k	18259	1	174720	0	5.960	0.744	6	330048	0	nu-candidate	9	1	1	0	0																		
mcp2k	18259	1	174736	0	4.986	1.062	6	367856	0	cosmic-tagged	10	1	1	0	0																		
mcp2k	18259	1	174770	0	7.659	4.784	9	1138888	0	nu-candidate	7	1	1	1	0	1.361	3.0	3	-185.57924	6.9441	56.77772	-1.1178308	-15.0	1.0	1.0	0.7	0.0	168.6684	0.0	0.0	0.0	0	3.218881
mcp2k	18259	1	174771	0	17.144	14.251	19	1299572	0	nu-candidate	13	1	1	1	0	1.482	290.2	42	142.60576	47.908047	221.50726	3.893827	-12.281477	1.0	0.0	0.7	0.0	1912.6396	122.58595	0.0	122.58595	6	285.72928
mcp2k	18259	1	174795	0	10.593	6.349	12	1230720	0	nu-candidate	14	1	1	1	0	1.672	201.6	2	-51.26862	-195.844	381.61002	2.183978	-15.0	1.0	0.0	0.7	0.0	609.9256	1.4145585	0.0	1.4145585	1	1.5850371
mcp2k	18259	1	174839	0	5.979	0.653	6	322984	0	cosmic-tagged	13	1	1	0	0																		
mcp2k	18259	1	174896	0	14.334	9.820	15	1228176	0	nu-candidate	10	1	1	1	0	0.840	212.2	29	-98.80319	-41.922398	296.00113	3.3039048	-15.0	1.0	0.0	0.7	0.0	984.9494	168.38512	160.88602	7.4991007	6	34.06313
mcp2k	18259	1	174902	0	6.017	1.019	6	386692	0	nu-candidate	10	1	1	0	0																		
mcp2k	18259	1	174993	0	10.240	5.766	11	1155928	0	nu-candidate	13	1	1	1	0	1.744	134.2	4	104.248184	-157.72667	235.85703	1.6294522	-15.0	1.0	0.0	0.7	0.0	498.93744	0.0	0.0	0.0	0	10.2854805
mcp2k	18259	1	175006	0	5.677	0.706	6	330648	0	cosmic-tagged	8	1	1	0	0																		
mcp2k	18259	1	175057	0	14.238	10.301	16	1302212	0	nu-candidate	13	1	1	1	0	1.448	237.7	2	128.53467	-24.330439	282.35776	5.922237	-15.0	1.0	0.0	0.7	0.0	969.88763	0.0	0.0	0.0	0	20.85882
mcp2k	18259	1	175094	0	8.921	5.525	10	1145720	0	nu-candidate	5	2	2	1	0	0.639	18.1	4	-116.66195	-4.7598658	73.72691	4.252089	-15.0	1.0	0.0	0.7	0.0	507.37943	4.6356187	0.0	4.6356187	4	8.34509
mcp2k	18259	1	175100	0	5.410	1.209	7	421212	0	no-bundle	10	0	1	0	0																		
mcp2k	18259	1	175101	0	5.551	1.302	7	441164	0	no-bundle	14	0	1	0	0																		
mcp2k	18259	1	175117	0	9.363	5.663	11	1209124	0	nu-candidate	14	1	1	1	0	1.179	33.1	8	39.71883	29.831457	323.15625	0.7401059	-15.0	1.0	0.0	0.7	0.0	494.0781	5.636217	0.0	5.636217	4	8.85874
mcp2k	18259	1	175147	0	4.269	1.037	6	392288	0	no-bundle	10	0	1	0	0																		
mcp2k	18259	1	175189	0	6.480	1.449	7	466944	0	no-beam-flash	15	0	0	0	0																		
mcp2k	18259	1	175242	0	5.191	0.945	6	358128	0	cosmic-tagged	12	1	1	0	0																		
mcp2k	18259	1	175380	0	5.171	1.036	6	394248	0	no-beam-flash	12	0	0	0	0																		
mcp2k	18259	1	175689	0	5.184	0.899	6	366740	0	no-beam-flash	13	0	0	0	0																		
mcp2k	18259	1	175777	0	4.927	0.761	6	342456	0	no-beam-flash	12	0	0	0	0																		
mcp2k	18259	1	175814	0	9.912	7.621	11	1224116	0	nu-candidate	10	1	1	1	0	1.681	391.4	3	71.82424	167.62093	131.27919	5.840407	-15.0	1.0	0.0	0.7	0.0	1133.2072	2.2468495	0.0	2.2468495	1	2.9841104
mcp2k	18259	1	175829	0	7.250	0.834	9	351932	0	no-bundle	8	0	1	0	0																		
mcp2k	18259	1	175848	0	5.665	0.815	6	341448	0	no-beam-flash	6	0	0	0	0																		
mcp2k	18259	1	175864	0	7.022	0.933	8	356016	0	cosmic-tagged	6	1	1	0	0																		
mcp2k	18259	1	175871	0	5.983	1.117	7	422724	0	nu-candidate	11	1	1	0	0																		
mcp2k	18259	1	175893	0	9.843	5.687	11	1195644	0	nu-candidate	13	1	1	1	0	0.842	22.3	13	151.4541	52.90929	379.81537	-1.2477021	-15.0	1.0	0.0	0.7	0.0	344.48602	0.0	0.0	0.0	0	47.429543
mcp2k	18259	1	175931	0	4.421	1.049	5	411856	0	cosmic-tagged	10	1	1	0	0																		
mcp2k	18259	1	175936	0	4.098	1.065	5	393160	0	cosmic-tagged	13	1	1	0	0																		
mcp2k	18259	1	175952	0	18.929	14.468	20	1179072	0	nu-candidate	6	1	1	1	0	1.271	299.8	7	-157.74345	-33.622307	229.91937	4.468541	-15.0	1.0	0.0	0.7	0.0	1426.4832	105.9376	103.295425	2.642171	4	1.9176378
mcp2k	18259	1	175959	0	11.083	7.030	12	1187052	0	cosmic-tagged	11	1	1	1	0	1.021	187.7	1	5.5941105	-134.89041	175.95967	3.5526814	-15.0	1.0	0.0	0.7	0.0	668.1023	0.0	0.0	0.0	0	1.6402184
mcp2k	18259	1	176137	0	4.650	0.852	5	356084	0	no-bundle	8	0	1	0	0																		
mcp2k	18259	1	176150	0	10.788	5.894	11	1200244	0	nu-candidate	12	1	1	1	0	1.132	132.3	2	-44.52017	-0.0623903	0.945321	-2.6972876	-15.0	1.0	1.0	-0.22451743	0.0	488.60022	0.0	0.0	0.0	0	329.23248
mcp2k	18259	1	176159	0	4.799	1.176	6	389128	0	cosmic-tagged	11	1	1	0	0																		
mcp2k	18259	1	176181	0	4.895	0.870	6	349000	0	nu-candidate	11	1	1	0	0																		
mcp2k	18259	1	176260	0	12.984	8.789	15	1254576	0	nu-candidate	13	1	1	1	0	1.888	303.1	10	-165.30197	82.5815	74.37277	3.7448368	-12.759798	1.0	0.0	0.7	0.0	952.8256	0.0	0.0	0.0	0	4.4612656
mcp2k	18259	1	176333	0	6.428	2.071	8	472548	0	cosmic-tagged	12	1	1	0	0																		
mcp2k	18259	1	176399	0	5.912	0.692	7	330552	0	cosmic-tagged	8	1	1	0	0																		
mcp2k	18259	1	176423	0	4.685	0.994	5	380144	0	no-beam-flash	9	0	0	0	0																		
mcp2k	18259	1	176502	0	83.706	78.611	85	1424308	0	nu-candidate	14	1	1	1	0	0.753	165.3	103	127.41925	-31.29689	118.54423	-0.0066150394	4.358649	1.0	0.0	0.7	0.0	4347.486	18.77152	0.0	18.77152	4	1189.6776
mcp2k	18259	1	176533	0	11.619	8.256	12	1191412	0	nu-candidate	9	1	1	1	0	1.957	65.0	43	-156.1056	-127.214836	378.67484	-0.16025604	14.95459	1.0	0.0	0.7	0.0	756.5741	184.82343	38.636284	146.18713	11	3.7351327
mcp2k	18259	1	176575	0	5.680	0.720	6	329984	0	no-bundle	10	0	1	0	0																		
mcp2k	18259	1	176628	0	5.451	1.770	7	500376	0	cosmic-tagged	16	1	1	0	0																		
mcp2k	18259	1	176707	0	7.807	4.665	9	1136092	0	nu-candidate	12	1	1	1	0	1.616	2.0	6	-114.763565	-112.762825	287.3246	-2.5030656	-15.0	1.0	0.0	0.7	0.0	19.423187	3.1404946	0.0	3.1404946	2	6.3239937
mcp2k	18259	1	176731	0	5.075	0.954	7	374516	0	cosmic-tagged	10	1	1	0	0																		
mcp2k	18259	1	176775	0	3.693	0.795	4	339020	0	cosmic-tagged	8	1	1	0	0																		
mcp2k	18259	1	176810	0	7.730	5.046	8	1169232	0	nu-candidate	14	1	1	1	0	0.589	12.8	0	93.15696	-2.4475129	115.43407	-3.2841809	-15.0	1.0	0.0	0.7	0.0	131.89946	0.0	0.0	0.0	0	0.0
mcp2k	18259	1	176914	0	4.063	0.833	6	358724	0	cosmic-tagged	7	1	1	0	0																		
mcp2k	18259	1	176926	0	2.800	0.552	4	309836	0	nu-candidate	6	1	1	0	0																		
mcp2k	18259	1	176948	0	10.266	5.657	11	1205004	0	nu-candidate	15	1	1	1	0	1.365	40.7	7	-73.26043	37.803448	118.889244	-1.7377336	-15.0	1.0	0.0	0.7	0.0	352.0407	7.230925	0.0	7.230925	3	4.701234
mcp2k	18259	1	176951	0	6.147	1.190	7	396208	0	cosmic-tagged	11	1	1	0	0																		
mcp2k	18259	1	176970	0	6.099	0.931	7	346880	0	cosmic-tagged	11	1	1	0	0																		
mcp2k	18259	1	176973	0	6.161	0.990	7	359804	0	cosmic-tagged	13	1	1	0	0																		
mcp2k	18259	1	176980	0	6.098	0.997	7	372732	0	nu-candidate	9	1	1	0	0																		
mcp2k	18259	1	176986	0	9.948	5.501	11	1155168	0	nu-candidate	9	1	1	1	0	0.589	20.7	28	29.466904	15.501562	316.72537	-0.72413355	-15.0	1.0	0.0	0.7	0.0	345.72446	0.0	0.0	0.0	0	2.8046322
mcp2k	18259	1	177037	0	5.238	1.145	7	405496	0	no-beam-flash	10	0	0	0	0																		
mcp2k	18259	1	177068	0	10.043	5.909	11	1203700	0	nu-candidate	12	1	1	1	0	0.922	32.9	10	-97.53188	113.44595	5.7653875	-0.81452507	-15.0	1.0	0.0	0.7	0.0	412.86066	4.5213203	4.5213203	0.0	1	0.0
mcp2k	18259	1	177102	0	3.945	1.228	6	366444	0	cosmic-tagged	7	1	1	0	0																		
mcp2k	18259	1	177149	0	8.845	5.295	10	1176828	0	nu-candidate	9	1	1	1	0	1.652	21.2	10	-64.12497	-111.0611	205.07402	-1.4734429	-15.0	1.0	0.0	0.7	0.0	297.48004	3.5076404	0.0	3.5076404	1	11.126546
mcp2k	18259	1	177156	0	5.099	1.025	7	393336	0	cosmic-tagged	14	1	1	0	0																		
mcp2k	18259	1	177171	0	5.034	0.782	7	345080	0	no-bundle	9	0	1	0	0																		
mcp2k	18259	1	177178	0	8.765	5.637	10	1228100	0	nu-candidate	11	1	1	1	0	1.457	101.6	2	-183.7645	-40.897133	157.96277	3.4432642	-15.0	1.0	0.0	0.7	0.0	476.59497	2.4989464	0.0	2.4989464	2	0.0
mcp2k	18259	1	177193	0	4.802	1.062	5	412196	0	nu-candidate	12	1	1	0	0																		
mcp2k	18259	1	177266	0	9.711	5.611	10	1196224	0	nu-candidate	12	1	1	1	0	1.630	34.8	1	-122.58412	-19.31925	185.7848	-0.6865054	-15.0	1.0	0.0	0.7	0.0	402.53894	0.0	0.0	0.0	0	2.2157862
mcp2k	18259	1	177278	0	5.813	0.949	6	363780	0	nu-candidate	14	1	1	0	0																		
mcp2k	18259	1	177294	0	5.860	1.028	6	385944	0	no-beam-flash	13	0	0	0	0																		
mcp2k	18259	1	177301	0	5.861	1.028	6	384352	0	no-beam-flash	9	0	0	0	0																		
mcp2k	18259	1	177360	0	7.244	4.729	8	1119512	0	nu-candidate	8	1	1	1	0	1.956	5.3	3	-174.62228	-156.42278	364.72226	-1.2314161	-15.0	1.0	0.0	0.7	0.0	12.855516	0.0	0.0	0.0	0	6.6061554
mcp2k	18259	1	177366	0	8.693	5.912	10	1257400	0	nu-candidate	12	1	1	1	0	1.585	34.1	6	98.997375	-127.34529	483.16162	2.803297	-15.0	1.0	0.0	0.7	0.0	587.558	0.48723844	0.0	0.48723844	1	6.1483603
mcp2k	18259	1	177404	0	4.873	1.162	6	417036	0	no-bundle	12	0	1	0	0																		
mcp2k	18259	1	177413	0	5.858	0.958	6	371824	0	no-beam-flash	11	0	0	0	0																		
mcp2k	18259	1	177455	0	7.266	4.931	8	1157852	0	nu-candidate	10	1	1	1	0	2.030	4.4	7	-170.04034	42.581593	280.35913	-1.1926521	-15.0	1.0	0.0	0.7	0.0	82.98947	1.9585298	0.0	1.9585298	2	7.236765
mcp2k	18259	1	177477	0	4.667	1.154	5	402264	0	no-beam-flash	12	0	0	0	0																		
mcp2k	18259	1	177521	0	8.725	6.164	9	1246172	0	nu-candidate	7	1	1	1	0	1.742	72.0	18	-142.35602	-136.32426	153.8433	3.344533	-15.0	1.0	0.0	0.7	0.0	472.59875	9.025671	0.0	9.025671	4	64.52585
mcp2k	18259	1	177530	0	4.702	0.739	6	340376	0	cosmic-tagged	8	1	1	0	0																		
mcp2k	18259	1	177536	0	12.449	9.972	14	1259640	0	nu-candidate	12	1	1	1	0	0.688	296.2	6	56.858128	48.19638	172.1635	3.9991162	-15.0	1.0	0.0	0.7	0.0	1231.0479	33.924133	0.0	33.924133	3	1.0889676
mcp2k	18259	1	177574	0	6.489	1.119	7	395692	0	nu-candidate	12	1	1	0	0																		
mcp2k	18259	1	177589	0	6.088	0.961	7	376812	0	nu-candidate	9	1	1	0	0																		
mcp2k	18259	1	177787	0	6.331	0.758	7	334620	0	cosmic-tagged	7	1	1	0	0																		
mcp2k	18259	1	177873	0	6.386	0.980	7	359856	0	cosmic-tagged	9	1	1	0	0																		
mcp2k	18259	1	177875	0	4.614	0.829	6	352112	0	cosmic-tagged	15	1	1	0	0																		
mcp2k	18259	1	177910	0	4.552	0.765	6	342520	0	nu-candidate	13	1	1	0	0																		
mcp2k	18259	1	177917	0	4.960	1.423	6	464404	0	no-beam-flash	19	0	0	0	0																		
mcp2k	18259	1	177939	0	8.351	5.010	9	1182312	0	nu-candidate	10	1	1	1	0	0.582	28.8	2	-117.98281	116.76197	4.3709702	-1.169545	-15.0	1.0	0.0	0.49931553	0.0	206.73108	3.2950323	0.0	3.2950323	1	1.788675
mcp2k	18259	1	177961	0	9.477	5.593	10	1187044	0	nu-candidate	12	1	1	1	0	0.771	25.3	1	17.190598	143.84921	485.59167	0.6139025	-6.680114	1.0	0.0	0.7	0.0	310.84265	0.0	0.0	0.0	0	0.0
mcp2k	18259	1	178042	0	4.648	1.046	5	371528	0	no-beam-flash	10	0	0	0	0																		
mcp2k	18259	1	178115	0	7.929	7.093	10	1194656	0	nu-candidate	10	1	1	1	0	0.761	69.9	2	189.39494	166.60414	376.40714	2.7151856	-5.3793416	1.0	0.0	0.7	0.0	576.32153	58.996876	58.996876	0.0	1	4.7756906
mcp2k	18259	1	178146	0	4.007	0.964	6	361768	0	cosmic-tagged	10	1	1	0	0																		
mcp2k	18259	1	178152	0	4.044	1.199	6	426576	0	cosmic-tagged	15	1	1	0	0																		
mcp2k	18259	1	178225	0	7.384	5.592	8	1166368	0	nu-candidate	8	1	1	1	0	0.994	92.6	10	-24.727306	137.22897	428.70844	0.77231914	-15.0	1.0	0.0	0.7	0.0	535.7373	9.861581	0.0	9.861581	6	6.8612585
mcp2k	18259	1	178240	0	4.998	1.490	7	437048	0	cosmic-tagged	12	1	1	0	0																		
mcp2k	18259	1	178328	0	5.146	1.539	7	489796	0	cosmic-tagged	10	1	1	0	0																		
mcp2k	18259	1	178337	0	5.027	1.061	6	404588	0	no-bundle	15	0	1	0	0																		
mcp2k	18259	1	178350	0	10.003	5.730	11	1220884	0	nu-candidate	12	1	1	1	0	1.558	144.2	1	-46.142033	-178.33723	359.20886	2.5775244	-15.0	1.0	0.0	0.7	0.0	472.48358	1.4559457	0.0	1.4559457	1	0.0
mcp2k	18259	1	178381	0	4.719	0.800	5	354836	0	no-bundle	13	0	1	0	0																		
mcp2k	18259	1	178388	0	9.820	5.759	10	1177136	0	nu-candidate	8	1	1	1	0	1.290	39.8	5	32.85771	15.809922	206.66092	1.9268574	-15.0	1.0	0.0	0.7	0.0	307.20074	0.0	0.0	0.0	0	9.102235
mcp2k	18259	1	178410	0	5.941	1.561	6	499684	0	cosmic-tagged	16	1	1	0	0																		
mcp2k	18259	1	178445	0	8.635	5.524	10	1168924	0	nu-candidate	10	1	1	1	0	0.634	42.4	9	7.961127	198.97154	379.78442	-1.0766017	-15.0	1.0	1.0	0.7	0.0	279.4995	127.71072	120.5006	7.2101145	6	6.0383596
mcp2k	18259	1	178476	0	5.017	1.016	6	376736	0	cosmic-tagged	11	1	1	0	0																		
mcp2k	18259	1	178513	0	3.628	0.638	5	316408	0	no-beam-flash	8	0	0	0	0																		
mcp2k	18259	1	178535	0	6.268	4.768	8	1127136	0	nu-candidate	7	1	1	1	0	1.842	17.0	2	-186.54837	-186.1672	330.76205	-1.107135	-8.579065	1.0	0.0	0.7	0.0	80.50918	0.0	0.0	0.0	0	0.0
mcp2k	18259	1	178548	0	8.833	5.524	9	1198560	0	nu-candidate	11	1	1	1	0	0.793	99.9	8	111.36381	-100.99683	293.3464	1.1855605	-15.0	1.0	0.0	0.7	0.0	389.32666	2.2813773	0.0	2.2813773	2	8.5832205
mcp2k	18259	1	178570	0	11.187	6.332	13	1184432	0	nu-candidate	11	1	1	1	0	1.923	74.5	10	-64.78632	-137.50018	457.63275	2.3640263	-15.0	1.0	0.0	0.7	0.0	675.7471	1.5165772	0.0	1.5165772	2	10.996664
mcp2k	18259	1	178577	0	6.771	0.852	8	341748	0	cosmic-tagged	10	1	1	0	0																		
mcp2k	18259	1	178601	0	6.643	1.434	8	415116	0	cosmic-tagged	12	1	1	0	0																		
mcp2k	18259	1	178645	0	11.196	6.248	13	1254980	0	nu-candidate	15	1	1	1	0	1.009	93.3	3	197.78627	-56.728085	248.73122	2.005498	-15.0	1.0	1.0	0.7	0.0	349.28455	0.0	0.0	0.0	0	2.4557173
mcp2k	18259	1	178841	0	9.653	7.925	10	1244464	0	nu-candidate	12	1	1	1	0	0.960	366.2	10	-183.03578	152.42531	102.67633	4.7259674	-15.0	1.0	0.0	0.7	0.0	1023.9455	11.1691	0.0	11.1691	8	0.0
mcp2k	18259	1	178865	0	10.907	6.241	11	1212456	0	nu-candidate	10	1	1	1	0	1.193	220.3	2	-163.68958	73.408875	243.5228	3.6295595	-15.0	1.0	0.0	0.7	0.0	632.62054	0.0	0.0	0.0	0	1.5762255
mcp2k	18259	1	178872	0	6.469	1.187	7	420304	0	nu-candidate	16	1	1	0	0																		
mcp2k	18259	1	178885	0	12.102	7.436	13	1207784	0	nu-candidate	12	1	1	1	0	1.060	188.2	9	60.309277	-88.3674	135.2827	-1.9253364	-15.0	1.0	0.0	0.7	0.0	153.99973	470.84756	0.0	470.84756	3	12.229137
mcp2k	18259	1	178907	0	8.753	5.547	10	1229440	0	nu-candidate	11	1	1	1	0	0.965	47.5	3	172.12784	-191.8731	121.53204	3.6016145	-15.0	1.0	0.0	0.7	0.0	412.72638	0.0	0.0	0.0	0	3.4373188
mcp2k	18259	1	178931	0	8.402	5.450	9	1172624	0	nu-candidate	10	2	2	1	0	1.140	29.1	10	89.975296	-68.68054	257.03378	-0.18718903	-15.0	1.0	0.0	0.7	0.0	455.46472	0.0	0.0	0.0	0	17.123083
mcp2k	18259	1	178938	0	3.025	0.639	4	309752	0	cosmic-tagged	10	1	1	0	0																		
mcp2k	18259	1	178966	0	8.305	3.972	9	790572	0	cosmic-tagged	11	1	1	1	0	1.765	1.4	0	0.0	0.0	0.0	-1.9416895	-15.0	1.0	0.0	0.7	0.0	0.0	0.0	0.0	0.0	0	0.0
mcp2k	18259	1	178982	0	3.921	0.892	6	365188	0	nu-candidate	10	1	1	0	0																		
mcp2k	18259	1	178995	0	4.180	1.357	6	448276	0	no-beam-flash	14	0	0	0	0																		
mcp2k	18259	1	179048	0	14.564	11.249	16	1282124	0	nu-candidate	12	1	1	1	0	0.686	311.2	5	164.81538	105.286156	151.98889	1.2885492	-14.4105215	1.0	0.0	0.7	0.0	803.5719	3.6099749	0.0	3.6099749	1	7.801137
mcp2k	18259	1	179054	0	15.543	10.418	16	1324028	0	nu-candidate	18	2	2	1	0	0.972	110.5	3	-123.971436	5.247551	217.65973	0.7264907	-15.0	1.0	0.0	0.7	0.0	1066.5575	132.3341	132.3341	0.0	1	10.679258
mcp2k	18259	1	179246	0	8.807	5.531	9	1191596	0	nu-candidate	11	1	1	1	0	0.533	156.5	10	60.12592	-98.77113	300.7701	-1.5655987	-15.0	1.0	0.0	0.7	0.0	100.11576	378.19708	0.0	378.19708	2	11.782049
mcp2k	18259	1	179303	0	8.865	5.442	9	1199336	0	nu-candidate	12	1	1	1	0	1.353	2.5	13	54.448532	8.9594	381.84683	-3.101253	-15.0	1.0	0.0	0.7	0.0	31.753881	8.4850445	0.0	8.4850445	8	4.626402
mcp2k	18259	1	179325	0	4.925	0.850	5	339080	0	cosmic-tagged	8	1	1	0	0																		
mcp2k	18259	1	179356	0	5.858	1.415	6	387720	0	cosmic-tagged	10	1	1	0	0																		
mcp2k	18259	1	179369	0	24.274	20.607	25	1380604	0	nu-candidate	9	2	2	1	0	0.280	114.9	42	4.928953	58.29135	105.96082	3.5333562	-15.0	1.0	0.0	0.7	0.0	1456.9701	75.00941	0.0	75.00941	7	57.41808
mcp2k	18259	1	179435	0	4.815	1.064	5	391412	0	nu-candidate	14	1	1	0	0																		
mcp2k	18259	1	179604	0	16.933	13.048	18	1205216	0	nu-candidate	7	1	1	1	0	1.986	409.1	5	-180.71344	163.28479	35.171436	4.9183574	-15.0	1.0	0.0	0.7	0.0	1509.6562	3.9951308	0.0	3.9951308	3	6.2311363
mcp2k	18259	1	179611	0	11.544	6.711	12	1270032	0	nu-candidate	11	1	1	1	0	1.844	58.2	16	44.096325	21.41503	422.95328	1.5351253	-14.357993	1.0	0.0	0.7	0.0	503.7515	11.84832	0.0	11.84832	6	3.0559678
mcp2k	18259	1	179752	0	10.298	6.416	11	1176312	0	nu-candidate	10	1	1	1	0	1.946	69.1	8	-184.15834	-14.691987	44.856213	1.5549562	-15.0	1.0	0.0	0.7	0.0	695.2765	2.6462684	0.0	2.6462684	2	51.126083
mcp2k	18259	1	179765	0	8.596	6.066	9	1159864	0	nu-candidate	8	1	1	1	0	1.693	90.7	1	148.50862	29.921852	419.7945	0.41161963	-15.0	1.0	0.0	0.7	0.0	304.5327	201.89064	201.89064	0.0	1	0.30009106
mcp2k	18259	1	179840	0	8.883	5.251	9	1170004	0	nu-candidate	12	2	2	1	0	0.825	1.3	2	-122.63784	32.777195	334.1191	-1.623586	-15.0	1.0	0.0	0.7	0.0	107.85566	0.0	0.0	0.0	0	0.28784144
mcp2k	18259	1	179897	0	9.466	7.601	11	1240252	0	nu-candidate	18	1	1	1	0	1.953	119.8	7	13.932831	116.34739	217.54391	0.6910862	-15.0	1.0	0.0	0.7	0.0	828.92395	0.0	0.0	0.0	0	21.19043
mcp2k	18259	1	179912	0	7.368	5.972	8	1234496	0	nu-candidate	9	1	1	1	0	1.008	90.2	8	-182.55109	114.010605	352.7904	2.0382912	-15.0	1.0	0.0	0.7	0.0	445.7944	0.0	0.0	0.0	0	7.7883034
mcp2k	18259	1	179928	0	3.096	0.963	5	380592	0	cosmic-tagged	10	1	1	0	0																		
mcp2k	18259	1	179963	0	5.014	1.622	6	498824	0	cosmic-tagged	19	1	1	0	0																		
mcp2k	18259	1	180000	0	4.449	1.220	5	440280	0	no-beam-flash	12	0	0	0	0																		
mcp2k	18259	1	180044	0	4.447	1.188	5	434176	0	cosmic-tagged	8	1	1	0	0																		
mcp2k	18259	1	180088	0	7.606	5.378	8	1190324	0	nu-candidate	12	1	1	1	0	1.055	6.0	3	-2.2029285	-153.9553	39.2619	-1.0724442	-15.0	1.0	0.0	0.7	0.0	144.03973	0.0	0.0	0.0	0	1.4090238
mcp2k	18259	1	180117	0	14.169	10.688	16	1238140	0	nu-candidate	10	1	1	1	0	1.266	400.7	3	-181.41452	-25.653244	231.97726	4.2779	-15.0	1.0	0.0	0.7	0.0	1302.5397	0.0	0.0	0.0	0	3.4354668
mcp2k	18259	1	180308	0	4.136	1.078	5	391864	0	no-beam-flash	11	0	0	0	0																		
mcp2k	18259	1	180403	0	10.831	7.513	12	1193904	0	nu-candidate	12	1	1	1	0	1.208	125.2	1	-184.48697	41.13187	6.936001	3.048562	-14.115741	1.0	0.0	0.7	0.0	527.9456	0.0	0.0	0.0	0	0.0
mcp2k	18259	1	180462	0	5.045	0.860	6	365980	0	cosmic-tagged	7	1	1	0	0																		
mcp2k	18259	1	180544	0	8.375	5.642	9	1170172	0	nu-candidate	7	1	1	1	0	0.550	37.1	11	-177.75102	-33.59967	274.788	2.0582693	-15.0	1.0	0.0	0.7	0.0	578.4791	7.0443172	0.0	7.0443172	5	4.0505114
mcp2k	18259	1	180566	0	4.921	0.845	6	359980	0	cosmic-tagged	10	1	1	0	0																		
mcp2k	18259	1	180645	0	8.316	5.643	9	1166180	0	nu-candidate	10	2	2	1	0	1.582	141.7	5	-115.44976	172.9702	470.31168	-0.9986103	-15.0	1.0	0.0	0.7	0.0	327.50372	150.46562	0.0	150.46562	1	322.94797
mcp2k	18259	1	180698	0	11.803	7.676	13	1173240	0	nu-candidate	9	1	1	1	0	1.283	251.9	9	-158.46085	183.15459	1.0602391	-5.0942626	-15.0	1.0	1.0	-0.49937558	0.0	734.7078	6.950486	0.0	6.950486	6	8.148346
mcp2k	18259	1	180720	0	5.092	0.919	6	368616	0	cosmic-tagged	8	1	1	0	0																		
mcp2k	18259	1	180764	0	4.872	0.852	5	350980	0	no-bundle	9	0	1	0	0																		
mcp2k	18259	1	180777	0	4.737	0.685	5	323736	0	cosmic-tagged	8	1	1	0	0																		
mcp2k	18259	1	180918	0	5.084	1.173	6	393128	0	cosmic-tagged	13	1	1	0	0																		
mcp2k	18259	1	181050	0	8.038	6.381	9	1218516	0	nu-candidate	11	1	1	1	0	1.995	46.9	29	-41.292316	182.14867	487.17343	-0.20981233	-3.3719077	1.0	0.0	0.7	0.0	491.89777	0.0	0.0	0.0	0	83.35458
mcp2k	18259	1	181072	0	3.381	1.168	5	409080	0	cosmic-tagged	15	1	1	0	0																		
mcp2k	18259	1	181094	0	7.614	3.504	8	725876	0	cosmic-tagged	8	1	1	1	0	0.702	1.2	0	0.0	0.0	0.0	-1.9416895	-15.0	1.0	0.0	0.7	0.0	0.0	0.0	0.0	0.0	0	0.0
mcp2k	18259	1	181160	0	5.087	1.073	6	376256	0	cosmic-tagged	11	1	1	0	0																		
mcp2k	18259	1	181226	0	5.072	0.945	6	389760	0	no-beam-flash	13	0	0	0	0																		
mcp2k	18259	1	181248	0	6.389	1.761	8	491928	0	cosmic-tagged	12	1	1	0	0																		
mcp2k	18259	1	181402	0	7.472	0.833	9	360800	0	cosmic-tagged	8	1	1	0	0																		
mcp2k	18259	1	181776	0	7.220	0.774	8	345152	0	no-beam-flash	12	0	0	0	0																		
mcp2k	18259	1	181930	0	5.958	0.765	6	349288	0	nu-candidate	8	1	1	0	0																		
mcp2k	18259	1	236192	0	10.103	5.514	11	1204632	0	nu-candidate	8	1	1	1	0	0.682	106.5	5	126.35106	-164.28104	180.3744	2.5708587	-15.0	1.0	1.0	0.7	0.0	379.03833	1.6897215	0.0	1.6897215	1	9.078632
mcp2k	18259	1	236500	0	7.606	1.154	9	402980	0	no-bundle	15	0	1	0	0																		
mcp2k	18259	1	236610	0	9.875	5.709	10	1236884	0	nu-candidate	11	1	1	1	0	0.750	37.9	1	156.32712	22.221989	478.3869	2.753337	-15.0	1.0	0.0	0.7	0.0	526.9519	0.0	0.0	0.0	0	4.1287065
mcp2k	18259	1	236742	0	3.481	0.772	4	346360	0	no-bundle	10	0	1	0	0																		
mcp2k	18259	1	236852	0	5.242	1.451	7	482128	0	no-beam-flash	14	0	0	0	0																		
mcp2k	18259	1	237028	0	6.176	1.287	7	445300	0	no-beam-flash	10	0	0	0	0																		
mcp2k	18259	1	237292	0	11.208	6.389	12	1203804	0	nu-candidate	9	1	1	1	0	1.354	55.9	21	-68.08494	-69.37962	375.66483	1.6540383	-15.0	1.0	0.0	0.7	0.0	543.4763	3.8230696	0.0	3.8230696	1	287.6884
mcp2k	18259	1	237380	0	10.056	5.273	11	1232384	0	nu-candidate	11	1	2	1	0	1.743	19.3	2	-191.99124	-61.919563	258.6862	0.27571112	-15.0	1.0	0.0	0.7	0.0	175.97217	0.0	0.0	0.0	0	0.9035289
mcp2k	18259	1	237446	0	10.062	5.666	11	1237852	0	nu-candidate	12	1	1	1	0	1.585	48.2	1	193.36346	-184.86322	190.9851	2.5757787	-15.0	1.0	0.0	0.7	0.0	424.63885	0.0	0.0	0.0	0	2.8515816
mcp2k	18259	1	237688	0	5.098	0.926	7	372972	0	no-beam-flash	13	0	0	0	0																		
mcp2k	18259	1	237710	0	9.672	6.119	10	1260832	0	nu-candidate	13	1	1	1	0	1.713	104.7	8	-9.952947	-111.825745	396.1707	2.3659976	-15.0	1.0	0.0	0.7	0.0	399.4798	4.422519	0.0	4.422519	3	9.821173
mcp2k	18259	1	237798	0	12.218	8.587	13	1205492	0	cosmic-tagged	7	1	2	1	0	1.567	245.6	8	-121.70533	38.190342	68.72838	4.504019	-15.0	1.0	0.0	0.7	0.0	786.9502	8.564955	0.0	8.564955	2	1.6690291
mcp2k	18259	1	237930	0	4.788	0.840	5	353124	0	no-beam-flash	8	0	0	0	0																		
mcp2k	18259	1	238018	0	4.872	0.838	6	343520	0	cosmic-tagged	6	1	1	0	0																		
mcp2k	18259	1	238062	0	6.235	2.100	8	464008	0	cosmic-tagged	11	1	1	0	0																		
mcp2k	18259	1	238106	0	4.911	0.813	6	349552	0	no-beam-flash	13	0	0	0	0																		
mcp2k	18259	1	238502	0	4.914	1.183	5	407864	0	no-bundle	12	0	1	0	0																		
mcp2k	18259	1	239118	0	8.423	4.877	9	1161944	0	nu-candidate	14	1	1	1	0	0.752	10.6	1	-137.42284	61.10405	20.101078	-2.7967474	-15.0	1.0	0.0	0.7	0.0	120.09424	0.0	0.0	0.0	0	0.2810747
mcp2k	18259	1	239162	0	4.784	0.882	5	359312	0	no-bundle	12	0	1	0	0																		
mcp2k	18259	1	239206	0	5.698	0.873	6	361432	0	no-beam-flash	11	0	0	0	0																		
mcp2k	18259	1	239404	0	11.216	7.293	12	1266780	0	nu-candidate	15	1	1	1	0	0.530	109.6	2	165.79291	62.92078	80.44275	1.9163953	-15.0	1.0	0.0	0.7	0.0	413.8156	0.6633879	0.0	0.6633879	1	0.0
mcp2k	18259	1	239712	0	5.901	1.374	6	448684	0	no-bundle	10	0	1	0	0																		
mcp2k	18259	1	239932	0	4.929	1.462	6	454432	0	cosmic-tagged	10	1	1	0	0																		
mcp2k	18259	1	240196	0	8.848	5.355	10	1218092	0	nu-candidate	11	1	1	1	0	1.331	32.5	0	-179.46819	47.08193	375.70352	2.0617464	-15.0	1.0	0.0	0.7	0.0	277.27722	0.0	0.0	0.0	0	0.0
mcp2k	18259	1	240306	0	4.989	1.460	6	473856	0	cosmic-tagged	14	1	1	0	0																		
mcp2k	18259	1	240372	0	10.899	7.528	12	1177356	0	nu-candidate	12	1	1	1	0	0.797	146.8	8	10.075954	111.544655	62.139515	1.2413675	-15.0	1.0	0.0	0.7	0.0	982.0673	0.21549663	0.0	0.21549663	1	3.6348488
mcp2k	18259	1	240504	0	4.939	1.056	5	405484	0	cosmic-tagged	14	1	1	0	0																		
mcp2k	18259	1	240636	0	14.218	9.421	16	1203452	0	nu-candidate	9	1	1	1	0	1.801	263.4	6	-21.98476	0.34700155	262.14273	3.30837	-15.0	1.0	0.0	0.7	0.0	918.6505	0.5609416	0.0	0.5609416	1	9.824277
mcp2k	18259	1	240922	0	6.046	0.780	7	353296	0	nu-candidate	13	1	1	0	0																		
mcp2k	18259	1	240966	0	5.067	0.649	7	327656	0	cosmic-tagged	12	1	1	0	0																		
mcp2k	18259	1	240988	0	6.296	1.502	7	445264	0	cosmic-tagged	12	1	1	0	0																		
mcp2k	18259	1	241186	0	6.283	1.192	7	440668	0	cosmic-tagged	17	1	1	0	0																		
mcp2k	18259	1	241274	0	6.179	0.798	8	346048	0	nu-candidate	10	1	1	0	0																		
mcp2k	18259	1	241340	0	7.220	0.838	8	364884	0	no-beam-flash	12	0	0	0	0																		
mcp2k	18259	1	241626	0	9.986	6.254	12	1278216	0	nu-candidate	11	1	1	1	0	1.263	131.1	3	-175.93906	95.57214	33.807194	1.7256854	-15.0	1.0	0.0	0.7	0.0	430.04535	43.775864	41.744114	2.031753	3	0.3189358
mcp2k	18259	1	242000	0	11.614	7.007	12	1281436	0	nu-candidate	11	1	1	1	0	1.456	167.9	2	56.750923	130.01764	86.6732	2.2060921	-15.0	1.0	0.0	0.7	0.0	650.5192	0.0	0.0	0.0	0	1.1024154
mcp2k	18259	1	242022	0	11.485	7.732	12	1234280	0	nu-candidate	11	1	1	1	0	1.653	321.8	9	-116.81223	-15.919911	192.48874	4.1762342	-15.0	1.0	0.0	0.7	0.0	884.1928	3.854788	0.0	3.854788	3	7.2606425
mcp2k	18259	1	242264	0	5.982	0.777	6	351404	0	no-beam-flash	9	0	0	0	0																		
mcp2k	18259	1	242286	0	4.843	0.927	6	381040	0	no-bundle	11	0	1	0	0																		
mcp2k	18259	1	242484	0	8.944	5.669	11	1150216	0	nu-candidate	8	1	1	1	0	1.954	264.6	9	-169.2926	184.97603	208.17531	3.309321	-15.0	1.0	0.0	0.7	0.0	744.0509	33.345673	27.821348	5.524324	5	6.591382
mcp2k	18259	1	242550	0	14.583	11.818	16	1213256	0	nu-candidate	10	1	1	1	0	0.740	346.9	5	-77.786125	115.245445	165.42296	4.3509502	-15.0	1.0	0.0	0.7	0.0	1661.9386	129.79356	125.642395	4.1511784	4	0.0
mcp2k	18259	1	242726	0	10.959	7.752	13	1177244	0	nu-candidate	13	1	1	1	0	1.836	208.2	8	-50.223175	114.615005	169.34561	3.5271678	-15.0	1.0	0.0	0.7	0.0	1041.5759	0.0	0.0	0.0	0	6.807189
mcp2k	18259	1	242748	0	7.711	5.179	8	1150824	0	nu-candidate	10	1	1	1	0	1.493	56.0	2	77.45156	-114.13629	37.199024	1.8051023	-15.0	1.0	1.0	0.7	0.0	286.86972	0.0	0.0	0.0	0	0.0
mcp2k	18259	1	242770	0	9.675	6.118	10	1291404	0	nu-candidate	13	1	1	1	0	1.200	28.3	13	75.9162	-165.34023	375.46152	0.18473151	-15.0	1.0	0.0	0.7	0.0	458.55438	0.0	0.0	0.0	0	68.98203
mcp2k	18259	1	242814	0	9.730	7.027	11	1280008	0	nu-candidate	12	1	1	1	0	1.539	35.9	7	196.19478	-14.033052	438.62778	0.9270079	-6.579625	1.0	0.0	0.7	0.0	366.74377	0.0	0.0	0.0	0	17.013826
mcp2k	18259	1	242858	0	4.173	1.069	6	341004	0	cosmic-tagged	8	1	1	0	0																		
mcp2k	18259	1	242968	0	3.842	0.792	5	357416	0	no-beam-flash	8	0	0	0	0																		
mcp2k	18259	1	243210	0	5.385	0.991	6	380716	0	no-beam-flash	10	0	0	0	0																		
mcp2k	18259	1	243408	0	5.333	0.933	6	374264	0	cosmic-tagged	15	1	1	0	0																		
mcp2k	18259	1	243628	0	11.861	8.197	12	1211280	0	nu-candidate	14	1	1	1	0	1.119	156.7	22	-101.340164	-65.89507	273.25677	2.285838	-15.0	1.0	0.0	0.7	0.0	1240.3876	35.212807	29.441559	5.771246	6	14.6860485
mcp2k	18255	1	273559	0	4.161	0.959	5	359744	0	no-bundle	8	0	1	0	0																		
mcp2k	18255	1	273845	0	4.124	0.729	6	312468	0	cosmic-tagged	6	1	1	0	0																		
mcp2k	18255	1	274505	0	5.188	1.058	6	407372	0	no-beam-flash	10	0	0	0	0																		
mcp2k	18255	1	274681	0	5.103	0.828	6	363504	0	cosmic-tagged	12	1	1	0	0																		
mcp2k	18255	1	275011	0	11.469	5.850	13	1181292	0	nu-candidate	10	1	1	1	0	0.543	25.5	16	-191.00967	94.7029	101.39256	1.0508579	-8.158567	1.0	0.0	0.7	0.0	362.59216	1.5547816	0.0	1.5547816	1	21.880293
mcp2k	18255	1	275187	0	8.427	3.145	9	508336	0	cosmic-tagged	14	1	1	0	0																		
mcp2k	18255	1	275231	0	19.214	15.478	20	1207820	0	nu-candidate	6	1	1	1	0	1.736	523.8	9	171.62654	105.18437	27.242165	5.810068	-15.0	1.0	0.0	0.7	0.0	1789.5924	35.504932	0.0	35.504932	4	6.6908135
mcp2k	18255	1	275385	0	11.365	5.885	12	1240768	0	nu-candidate	12	1	1	1	0	0.690	151.6	6	-156.0159	-100.8436	317.42422	3.273691	-15.0	1.0	0.0	0.7	0.0	490.47662	1.5957427	0.0	1.5957427	1	8.786974
mcp2k	18255	1	275429	0	7.004	0.960	8	375552	0	no-beam-flash	14	0	0	0	0																		
mcp2k	18255	1	275451	0	5.697	0.876	6	367064	0	cosmic-tagged	10	1	1	0	0																		
mcp2k	18255	1	275539	0	10.006	5.609	11	1196676	0	nu-candidate	9	1	1	1	0	1.619	84.7	10	-16.301714	-16.412714	455.32977	1.6724774	-15.0	1.0	0.0	0.7	0.0	418.3396	12.846274	12.846274	0.0	1	12.896766
mcp2k	18255	1	275671	0	5.750	1.053	6	402676	0	cosmic-tagged	14	1	1	0	0																		
mcp2k	18255	1	275825	0	5.723	0.982	6	400296	0	cosmic-tagged	15	1	1	0	0																		
mcp2k	18255	1	276309	0	5.772	1.114	6	407944	0	cosmic-tagged	15	1	1	0	0																		
mcp2k	18255	1	276331	0	3.780	1.001	5	372632	0	no-beam-flash	7	0	0	0	0																		
mcp2k	18255	1	276925	0	9.183	6.507	11	1146356	0	nu-candidate	7	1	1	1	0	1.785	75.7	19	-41.013744	177.78865	207.73308	2.4622133	-15.0	1.0	0.0	0.7	0.0	484.28464	18.223917	3.739769	14.484147	7	17.323732
mcp2k	18255	1	277013	0	4.058	0.953	6	372260	0	no-beam-flash	12	0	0	0	0																		
mcp2k	18255	1	277123	0	9.107	5.741	11	1167856	0	nu-candidate	8	1	1	1	0	1.739	164.8	9	63.136993	24.715208	147.67535	2.7389963	-15.0	1.0	0.0	0.7	0.0	504.55743	14.18804	0.0	14.18804	7	3.2542517
mcp2k	18255	1	277189	0	5.186	1.244	7	377204	0	cosmic-tagged	8	1	1	0	0																		
mcp2k	18255	1	277277	0	5.134	0.749	7	330988	0	cosmic-tagged	7	1	2	0	0																		
mcp2k	18255	1	278487	0	5.002	1.473	6	403916	0	cosmic-tagged	11	1	1	0	0																		
mcp2k	18255	1	278509	0	9.031	6.162	10	1249028	0	nu-candidate	11	2	2	1	0	1.853	86.3	9	65.47749	-14.782638	2.1826313	-1.6101338	-15.0	1.0	1.0	0.6105276	0.0	338.6432	28.48816	28.48816	0.0	1	13.810281
mcp2k	18255	1	279213	0	8.875	5.243	10	1141512	0	nu-candidate	6	1	1	1	0	1.298	43.7	9	-126.83247	112.332306	471.87625	1.3403438	-15.0	1.0	0.0	0.7	0.0	236.8083	10.605096	0.0	10.605096	7	3.8414536
mcp2k	18255	1	279273	0	4.946	0.823	5	343864	0	cosmic-tagged	10	1	1	0	0																		
mcp2k	18255	1	279537	0	10.082	5.942	12	1156072	0	nu-candidate	10	1	1	1	0	1.787	67.2	3	19.726553	149.47673	354.38205	0.7934996	-15.0	1.0	0.0	0.7	0.0	500.84467	0.0	0.0	0.0	0	3.6367357
mcp2k	18255	1	279713	0	6.262	1.038	8	370596	0	cosmic-tagged	11	1	1	0	0																		
mcp2k	18255	1	279823	0	4.987	0.628	6	314836	0	no-beam-flash	12	0	0	0	0																		
mcp2k	18255	1	279829	0	6.137	1.310	7	457300	0	cosmic-tagged	12	1	1	0	0																		
mcp2k	18255	1	279955	0	11.443	7.971	13	1250360	0	nu-candidate	11	1	1	1	0	1.158	215.3	3	-98.6105	130.28668	268.3012	3.5614872	-15.0	1.0	0.0	0.7	0.0	611.53595	5.057889	0.0	5.057889	2	1.4778227
mcp2k	18255	1	279977	0	8.844	5.681	10	1202508	0	nu-candidate	10	2	2	1	0	0.897	47.9	4	75.35661	-109.01652	458.13824	3.9710171	-15.0	1.0	0.0	0.7	0.0	397.7571	3.432994	0.0	3.432994	3	1.2537384
mcp2k	18255	1	280043	0	4.890	1.078	6	396000	0	no-bundle	12	0	1	0	0																		
mcp2k	18255	1	280153	0	7.352	4.738	8	1123128	0	nu-candidate	7	1	1	1	0	1.763	38.9	0	-176.33089	63.325195	353.7039	0.04648564	-15.0	1.0	0.0	0.7	0.0	396.844	0.0	0.0	0.0	0	0.0
mcp2k	18255	1	280159	0	21.902	17.913	23	1269092	0	nu-candidate	8	1	1	1	0	1.315	169.3	45	-180.5555	162.74539	356.453	1.5412043	-8.947097	1.0	0.0	0.7	0.0	1421.8358	722.0157	715.6235	6.392252	8	27.61657
mcp2k	18255	1	280225	0	6.020	1.138	6	388280	0	cosmic-tagged	14	1	1	0	0																		
mcp2k	18255	1	280329	0	9.781	5.843	10	1170744	0	nu-candidate	9	1	2	1	0	1.643	94.9	10	166.38393	-186.69725	29.23184	-0.41683188	-15.0	1.0	0.0	0.7	0.0	662.28815	34.089607	0.0	34.089607	6	62.728
mcp2k	18255	1	280351	0	8.596	5.029	9	1143860	0	nu-candidate	10	1	1	1	0	0.752	31.5	8	126.66357	-27.81454	481.42752	2.6881888	-15.0	1.0	0.0	0.7	0.0	326.39285	9.059099	0.0	9.059099	7	0.17608395
mcp2k	18255	1	280461	0	4.852	0.724	6	327740	0	cosmic-tagged	7	1	1	0	0																		
mcp2k	18255	1	280637	0	6.231	1.228	8	428244	0	no-bundle	15	0	1	0	0																		
mcp2k	18255	1	280709	0	10.218	5.630	11	1165600	0	nu-candidate	8	1	1	1	0	1.624	25.0	17	-191.53212	94.30883	187.3871	-0.76047784	-15.0	1.0	1.0	0.7	0.0	318.49567	6.3507857	0.0	6.3507857	4	38.630394
mcp2k	18255	1	280769	0	6.027	1.367	7	376164	0	cosmic-tagged	9	1	1	0	0																		
mcp2k	18255	1	280819	0	8.872	5.075	9	1178324	0	nu-candidate	11	1	1	1	0	1.868	2.4	5	-31.506035	-86.16586	30.220848	-2.2472527	-15.0	1.0	1.0	0.7	0.0	119.918434	6.92129	0.0	6.92129	3	6.0870433
mcp2k	18255	1	280857	0	5.982	1.336	6	373656	0	cosmic-tagged	8	1	1	0	0																		
mcp2k	18255	1	280885	0	4.526	0.536	5	309904	0	cosmic-tagged	4	1	1	0	0																		
mcp2k	18255	1	280923	0	5.045	2.167	5	465752	0	cosmic-tagged	17	1	1	0	0																		
mcp2k	18255	1	280929	0	3.917	0.891	4	359144	0	nu-candidate	11	1	1	0	0																		
mcp2k	18255	1	280945	0	8.656	5.577	9	1153672	0	nu-candidate	8	1	1	1	0	1.994	105.1	6	-38.12742	174.22238	276.13055	1.9755834	-15.0	1.0	1.0	0.7	0.0	381.50812	0.0	0.0	0.0	0	7.9209404
mcp2k	18255	1	280967	0	5.156	1.355	7	401848	0	cosmic-tagged	12	1	1	0	0																		
mcp2k	18255	1	280995	0	5.098	0.809	7	353668	0	no-bundle	11	0	1	0	0																		
mcp2k	18255	1	281165	0	11.665	8.006	13	1241896	0	no-bundle	9	0	1	1	0	0.861	138.4	20	-25.580992	-137.23836	386.06943	3.5400023	-15.0	1.0	0.0	0.7	0.0	960.0433	0.0	0.0	0.0	0	44.152145
mcp2k	18255	1	281215	0	5.955	0.703	7	324352	0	cosmic-tagged	13	1	1	0	0																		
mcp2k	18255	1	281253	0	4.882	1.608	6	434428	0	cosmic-tagged	13	1	1	0	0																		
mcp2k	18255	1	281325	0	10.015	5.690	11	1170668	0	nu-candidate	9	1	1	1	0	0.703	17.3	21	130.91966	149.86943	237.67984	-1.2503299	-9.429416	1.0	0.0	0.7	0.0	349.456	33.78356	0.0	33.78356	7	8.336922
mcp2k	18255	1	281341	0	5.890	0.675	7	318784	0	cosmic-tagged	8	1	1	0	0																		
mcp2k	18255	1	281347	0	7.152	1.680	8	504396	0	cosmic-tagged	18	1	1	0	0																		
mcp2k	18255	1	281479	0	4.622	0.807	5	355436	0	nu-candidate	9	1	1	0	0																		
mcp2k	18255	1	281561	0	6.984	1.443	7	386312	0	cosmic-tagged	11	1	1	0	0																		
mcp2k	18255	1	281567	0	19.036	14.403	20	1253768	0	nu-candidate	8	1	1	1	0	1.550	43.8	77	-72.89724	-104.803734	79.73628	-0.48991913	-15.0	1.0	0.0	0.7	0.0	1475.313	290.7321	272.19678	18.535309	14	69.79304
mcp2k	18255	1	281743	0	4.709	0.891	6	363808	0	no-beam-flash	10	0	0	0	0																		
mcp2k	18255	1	281781	0	11.767	8.473	13	1294804	0	nu-candidate	13	1	1	1	0	2.008	35.1	54	-102.06631	142.8422	224.0073	1.4658644	-15.0	1.0	0.0	0.7	0.0	991.6437	4.908086	0.0	4.908086	2	304.18536
mcp2k	18255	1	281853	0	5.124	1.092	7	390824	0	cosmic-tagged	13	1	1	0	0																		
mcp2k	18255	1	281875	0	4.862	1.294	5	390384	0	cosmic-tagged	8	1	1	0	0																		
mcp2k	18255	1	281985	0	8.884	6.494	10	1273660	0	nu-candidate	12	1	1	1	0	1.469	67.7	4	47.222836	76.88447	471.54083	2.3384871	-15.0	1.0	0.0	0.7	0.0	525.51855	0.20065898	0.0	0.20065898	1	3.3741035
mcp2k	18255	1	282067	0	7.817	5.097	9	1157032	0	nu-candidate	10	1	1	1	0	1.738	48.6	6	115.99473	-43.94971	142.80133	-0.107573055	-8.686434	1.0	0.0	0.7	0.0	336.0407	4.690841	0.0	4.690841	3	0.0
mcp2k	18255	1	282155	0	4.226	1.409	6	468296	0	no-beam-flash	11	0	0	0	0																		
mcp2k	18255	1	282271	0	9.128	6.818	11	1158032	0	nu-candidate	8	1	1	1	0	1.552	79.0	44	42.176624	45.018528	57.181576	1.1535891	0.37597656	1.0	0.0	0.7	0.0	737.5985	108.252045	103.23332	5.01872	5	155.47621
mcp2k	18255	1	282469	0	4.139	0.964	6	382188	0	cosmic-tagged	13	1	1	0	0																		
mcp2k	18255	1	282491	0	7.692	5.490	9	1156748	0	nu-candidate	10	1	1	1	0	1.363	119.7	3	-143.96318	32.46574	161.84348	1.7236848	-15.0	1.0	0.0	0.7	0.0	420.71942	0.7361716	0.0	0.7361716	1	5.8820343
mcp2k	18255	1	282529	0	4.879	0.989	6	408680	0	cosmic-tagged	9	2	2	0	0																		
mcp2k	18255	1	282689	0	4.960	0.997	6	395716	0	no-bundle	8	0	1	0	0																		
mcp2k	18255	1	282749	0	10.251	7.253	12	1183076	0	nu-candidate	11	1	1	1	0	2.021	104.4	7	107.08649	-68.95445	27.300064	1.80748	-15.0	1.0	0.0	0.7	0.0	896.8191	1.9450018	0.0	1.9450018	2	7.7542224
mcp2k	18255	1	282837	0	9.928	7.470	11	1224724	0	nu-candidate	15	1	1	1	0	1.348	139.0	10	-92.20482	-53.5275	156.79947	3.7582433	-5.18589	1.0	0.0	0.7	0.0	543.40533	0.0	0.0	0.0	0	0.0
mcp2k	18255	1	282909	0	12.786	9.446	13	1261148	0	nu-candidate	13	1	1	1	0	0.773	46.8	34	-177.73618	-186.52238	100.49228	1.2083993	-5.181407	1.0	0.0	0.7	0.0	1080.1737	0.0	0.0	0.0	0	40.027763
mcp2k	18255	1	283013	0	9.745	5.333	10	1186880	0	nu-candidate	12	1	1	1	0	1.382	113.8	2	-126.875786	-199.13023	81.3938	-1.2705939	-15.0	1.0	1.0	0.7	0.0	391.8888	2.9159222	0.0	2.9159222	2	0.0
mcp2k	18255	1	283035	0	9.843	5.430	10	1236492	0	nu-candidate	12	1	1	1	0	1.204	1.5	4	120.49331	-150.28607	443.4782	-1.210368	-15.0	1.0	0.0	0.7	0.0	107.933784	0.0	0.0	0.0	0	1.0705667
mcp2k	18255	1	283129	0	4.754	0.786	5	344964	0	no-beam-flash	9	0	0	0	0																		
mcp2k	18255	1	283150	0	5.261	1.567	7	493036	0	no-bundle	13	0	1	0	0																		
mcp2k	18255	1	283211	0	3.894	0.776	5	342208	0	nu-candidate	11	1	1	0	0																		
mcp2k	18255	1	283216	0	4.836	1.024	5	401304	0	nu-candidate	14	1	1	0	0																		
mcp2k	18255	1	283299	0	13.939	10.145	15	1257636	0	nu-candidate	11	1	1	1	0	1.541	275.2	25	-19.826529	20.829075	222.91946	3.7387257	-15.0	1.0	0.0	0.7	0.0	960.19037	28.891562	0.0	28.891562	1	37.832966
mcp2k	18255	1	283370	0	4.759	0.893	5	361336	0	no-bundle	7	0	1	0	0																		
mcp2k	18255	1	283525	0	8.662	4.936	9	1172864	0	nu-candidate	9	1	1	1	0	1.311	1.9	6	-158.33453	-63.29231	487.12	-0.88382673	-15.0	1.0	0.0	0.7	0.0	110.50194	1.0305268	0.0	1.0305268	1	3.3937795
mcp2k	18255	1	283568	0	11.660	8.139	12	1244708	0	nu-candidate	12	1	1	1	0	1.554	122.0	23	-141.19408	119.576614	225.20908	1.6134412	-15.0	1.0	0.0	0.7	0.0	1176.813	6.029299	0.0	6.029299	2	54.095318
mcp2k	18255	1	283585	0	6.028	1.339	7	415052	0	cosmic-tagged	17	1	1	0	0																		
mcp2k	18255	1	283590	0	8.544	5.095	9	1133784	0	nu-candidate	9	1	1	1	0	1.518	10.4	9	-132.42111	-180.90291	250.16113	-0.9523113	-15.0	1.0	0.0	0.7	0.0	200.59998	1.7896914	0.0	1.7896914	1	3.5436368
mcp2k	18255	1	283591	0	11.343	7.882	12	1246548	0	nu-candidate	8	1	1	1	0	0.977	268.4	0	-79.613815	126.422134	26.322315	4.1617055	-15.0	1.0	0.0	0.7	0.0	836.179	0.0	0.0	0.0	0	0.0
mcp2k	18255	1	283700	0	2.751	0.820	4	332212	0	cosmic-tagged	12	1	1	0	0																		
mcp2k	18255	1	283723	0	5.001	0.707	7	327960	0	no-beam-flash	8	0	0	0	0																		
mcp2k	18255	1	283761	0	5.069	0.715	6	327208	0	no-beam-flash	7	0	0	0	0																		
mcp2k	18255	1	283833	0	19.544	13.863	20	1397180	0	nu-candidate	10	1	1	1	0	0.459	433.2	17	-57.558502	-157.50159	1.4113601	-1.480849	-15.0	1.0	1.0	0.65866005	0.0	1404.5297	83.673874	0.0	83.673874	6	15.313861
mcp2k	18255	1	283849	0	9.912	7.383	11	1191080	0	nu-candidate	7	1	1	1	0	1.351	128.2	2	47.7149	-14.140958	399.9789	4.28604	-15.0	1.0	0.0	0.7	0.0	642.51685	1.8533256	0.0	1.8533256	2	0.0
mcp2k	18255	1	283876	0	4.958	0.907	5	366384	0	nu-candidate	11	1	1	0	0																		
mcp2k	18255	1	284025	0	4.775	0.730	5	321776	0	nu-candidate	7	1	1	0	0																		
mcp2k	18255	1	284030	0	4.890	0.847	5	349256	0	nu-candidate	7	1	1	0	0																		
mcp2k	18255	1	284047	0	8.795	5.091	10	1176920	0	nu-candidate	8	1	1	1	0	1.335	19.6	0	141.16957	-65.86578	425.00165	-2.6241677	-15.0	1.0	0.0	0.7	0.0	182.20427	0.0	0.0	0.0	0	0.0
mcp2k	18255	1	284096	0	5.001	1.167	6	405724	0	cosmic-tagged	12	1	1	0	0																		
mcp2k	18255	1	284206	0	9.991	7.248	11	1154796	0	nu-candidate	8	1	1	1	0	1.823	33.4	7	-166.15471	-102.945816	392.86777	0.25108114	1.4616377	1.0	0.0	0.7	0.0	561.1084	4.390661	0.0	4.390661	3	0.0
mcp2k	18255	1	284294	0	4.874	0.834	6	362536	0	no-bundle	13	0	1	0	0																		
mcp2k	18255	1	284382	0	5.961	1.086	6	408560	0	no-beam-flash	12	0	0	0	0																		
mcp2k	18255	1	284866	0	12.634	8.755	13	1334464	0	nu-candidate	17	2	2	1	0	0.704	339.0	1	108.35703	4.0051746	180.07477	5.0160336	-15.0	1.0	0.0	0.7	0.0	1054.7799	0.0	0.0	0.0	0	0.0
mcp2k	18255	1	284905	0	4.500	1.031	5	387056	0	nu-candidate	11	1	1	0	0																		
mcp2k	18255	1	284971	0	4.830	1.376	5	444708	0	cosmic-tagged	11	1	1	0	0																		
mcp2k	18255	1	285059	0	5.082	1.602	7	475868	0	cosmic-tagged	12	1	1	0	0																		
mcp2k	18255	1	285323	0	5.006	0.994	6	381088	0	cosmic-tagged	15	1	1	0	0																		
mcp2k	18255	1	285350	0	8.480	5.660	9	1184660	0	nu-candidate	16	1	2	1	0	1.728	80.1	4	120.91134	84.747604	318.4865	3.7607596	-15.0	1.0	0.0	0.7	0.0	464.60962	1.944523	0.0	1.944523	1	4.357772
mcp2k	18255	1	285372	0	4.862	0.969	6	343544	0	cosmic-tagged	7	1	1	0	0																		
mcp2k	18255	1	285416	0	5.083	1.000	7	386396	0	nu-candidate	10	1	1	0	0																		
mcp2k	18255	1	285438	0	6.357	1.209	8	425832	0	nu-candidate	13	1	1	0	0																		
mcp2k	18255	1	285460	0	5.404	1.013	7	400300	0	cosmic-tagged	15	1	1	0	0																		
mcp2k	18255	1	285521	0	7.654	1.957	8	614004	0	cosmic-tagged	19	1	1	0	0																		
mcp2k	18255	1	285680	0	9.816	6.044	11	1197508	0	nu-candidate	10	1	1	1	0	0.546	83.2	5	-21.191624	138.48615	78.42434	1.1518517	-15.0	1.0	0.0	0.7	0.0	991.00305	0.0	0.0	0.0	0	3.8465629
mcp2k	18255	1	285724	0	7.245	1.021	8	404544	0	cosmic-tagged	11	1	1	0	0																		
mcp2k	18255	1	285851	0	7.499	1.245	9	443664	0	no-beam-flash	14	0	0	0	0																		
mcp2k	18255	1	285878	0	6.202	1.137	7	427580	0	no-bundle	16	0	1	0	0																		
mcp2k	18255	1	285895	0	6.075	0.794	7	364332	0	cosmic-tagged	12	1	1	0	0																		
mcp2k	18255	1	285961	0	5.065	1.120	7	391996	0	cosmic-tagged	11	1	1	0	0																		
mcp2k	18255	1	286049	0	6.128	1.099	7	412760	0	nu-candidate	17	1	1	0	0																		
mcp2k	18255	1	286076	0	8.916	5.487	11	1242028	0	nu-candidate	9	1	1	1	0	0.644	2.7	15	-33.897415	-55.258736	14.461846	-2.3435447	-15.0	1.0	1.0	0.7	0.0	119.13849	7.8115134	0.0	7.8115134	7	10.691708
mcp2k	18255	1	286120	0	8.791	5.092	10	1179980	0	nu-candidate	14	1	1	1	0	0.568	1.6	1	106.5753	-48.211994	300.4663	-2.017287	-15.0	1.0	0.0	0.7	0.0	107.583885	0.0	0.0	0.0	0	0.0
mcp2k	18255	1	286225	0	5.773	1.238	7	450116	0	cosmic-tagged	15	1	1	0	0																		
mcp2k	18255	1	286269	0	6.112	0.907	8	353076	0	nu-candidate	11	1	1	0	0																		
mcp2k	18255	1	286296	0	8.627	5.177	10	1162180	0	cosmic-tagged	13	1	1	1	0	1.413	15.8	21	-201.10818	-90.831535	44.508957	-1.278614	-15.0	1.0	1.0	0.7	0.0	282.79172	38.887314	0.0	38.887314	19	0.0
mcp2k	18255	1	286450	0	5.730	0.681	6	314568	0	nu-candidate	9	1	1	0	0																		
mcp2k	18255	1	286489	0	8.188	5.543	9	1182100	0	nu-candidate	11	1	1	1	0	0.931	47.9	4	-174.00687	-185.7699	135.56696	2.3064685	-15.0	1.0	0.0	0.7	0.0	625.2176	0.5455715	0.0	0.5455715	1	4.0897107
mcp2k	18255	1	286555	0	5.845	0.750	7	336016	0	no-beam-flash	9	0	0	0	0																		
mcp2k	18255	1	286582	0	5.808	2.466	6	437992	0	cosmic-tagged	8	1	1	0	0																		
mcp2k	18255	1	286621	0	5.852	0.786	7	340060	0	cosmic-tagged	7	1	1	0	0																		
mcp2k	18255	1	286670	0	5.917	1.034	7	399804	0	cosmic-tagged	13	1	1	0	0																		
mcp2k	18255	1	286802	0	7.291	1.556	9	502620	0	no-beam-flash	15	0	0	0	0																		
mcp2k	18255	1	287090	0	5.790	1.203	6	431488	0	no-beam-flash	11	0	0	0	0																		
mcp2k	18255	1	287110	0	5.737	1.121	6	417612	0	nu-candidate	12	1	1	0	0																		
mcp2k	18255	1	287132	0	8.151	3.233	9	727336	0	cosmic-tagged	11	1	1	1	0	0.549	0.9	0	0.0	0.0	0.0	-1.9416895	-15.0	1.0	0.0	0.7	0.0	0.0	0.0	0.0	0.0	0	0.0
mcp2k	18255	1	287244	0	5.725	1.386	6	410832	0	no-bundle	9	0	1	0	0																		
mcp2k	18255	1	287332	0	7.557	5.196	9	1157200	0	cosmic-tagged	10	1	1	1	0	1.916	67.5	5	59.541504	166.05278	0.029604862	-2.210783	-15.0	1.0	1.0	0.64800686	0.0	284.33954	15.821392	0.0	15.821392	5	0.0
mcp2k	18255	1	287374	0	9.040	5.660	11	1188940	0	nu-candidate	13	2	2	1	0	1.448	121.1	6	-191.54695	-126.212524	421.9732	2.5074873	-15.0	1.0	1.0	0.7	0.0	421.3764	6.9679365	0.0	6.9679365	2	1.7860272
mcp2k	18255	1	287464	0	7.841	5.236	9	1141460	0	nu-candidate	6	1	1	1	0	1.308	48.3	19	120.90788	183.17772	237.58423	2.1462579	-15.0	1.0	1.0	0.7	0.0	434.85333	72.38671	0.0	72.38671	15	181.18733
mcp2k	18255	1	287550	0	6.555	1.020	8	400732	0	cosmic-tagged	13	1	1	0	0																		
mcp2k	18255	1	287596	0	6.486	0.800	8	353980	0	no-bundle	12	0	1	0	0																		
mcp2k	18255	1	287638	0	10.237	6.596	11	1231956	0	nu-candidate	11	2	2	1	0	1.092	16.8	10	-106.04646	-117.58855	416.199	2.7619934	-15.0	1.0	0.0	0.7	0.0	385.68005	0.0	0.0	0.0	0	6.8498096
mcp2k	18255	1	287662	0	8.938	5.767	10	1202388	0	nu-candidate	14	1	1	1	0	1.159	52.1	12	-75.4125	126.63604	195.10316	0.057855967	-15.0	1.0	0.0	0.7	0.0	465.80325	21.799501	0.0	21.799501	9	9.156605
mcp2k	18255	1	287682	0	4.108	0.723	6	331976	0	no-beam-flash	15	0	0	0	0																		
mcp2k	18255	1	287770	0	9.013	6.273	10	1235248	0	nu-candidate	14	1	1	1	0	0.929	158.7	3	23.94259	89.46242	177.47379	4.7446575	-15.0	1.0	0.0	0.7	0.0	715.6922	0.0	0.0	0.0	0	3.9602466
mcp2k	18255	1	287794	0	11.963	8.408	14	1276088	0	nu-candidate	13	1	1	1	0	0.632	139.3	4	-161.47482	-179.70732	393.27774	2.5391476	-13.864685	1.0	0.0	0.7	0.0	654.71985	294.72742	294.72742	0.0	1	6.1225047
mcp2k	18255	1	287926	0	12.971	7.964	15	1213788	0	nu-candidate	13	1	1	1	0	0.550	375.9	11	-149.23866	-139.27228	187.15112	4.8956857	-15.0	1.0	0.0	0.7	0.0	1128.5415	7.2535133	0.0	7.2535133	4	13.978199
mcp2k	18255	1	287970	0	6.886	1.441	8	487960	0	no-beam-flash	15	0	0	0	0																		
mcp2k	18255	1	288012	0	10.601	5.860	12	1163104	0	nu-candidate	6	1	1	1	0	0.626	154.9	10	-159.88869	36.900814	111.523506	4.6173296	-15.0	1.0	0.0	0.7	0.0	766.96	1.924683	0.0	1.924683	2	106.72015
mcp2k	18255	1	288056	0	6.776	1.201	8	421968	0	cosmic-tagged	11	1	1	0	0																		
mcp2k	18255	1	288080	0	5.354	0.746	6	340044	0	no-bundle	7	0	1	0	0																		
mcp2k	18255	1	288124	0	4.900	0.750	6	345008	0	cosmic-tagged	11	1	1	0	0																		
mcp2k	18255	1	288278	0	6.365	0.936	8	363316	0	cosmic-tagged	11	1	1	0	0																		
mcp2k	18255	1	288716	0	6.337	1.204	7	420140	0	cosmic-tagged	11	1	1	0	0																		
mcp2k	18255	1	288914	0	6.182	1.075	7	399320	0	cosmic-tagged	16	1	1	0	0																		
mcp2k	18255	1	289158	0	4.770	0.674	5	326436	0	nu-candidate	9	2	2	0	0																		
mcp2k	18255	1	289202	0	6.250	2.330	8	538300	0	cosmic-tagged	16	1	1	0	0																		
mcp2k	18255	1	289246	0	8.653	7.354	9	1251236	0	nu-candidate	11	1	1	1	0	0.843	110.0	27	-134.12393	22.460651	443.19797	4.0727277	-15.0	1.0	0.0	0.7	0.0	820.7185	0.7864917	0.0	0.7864917	1	9.123835
mcp2k	18255	1	289290	0	5.012	1.047	6	384036	0	cosmic-tagged	14	1	1	0	0																		
mcp2k	18255	1	289312	0	7.261	0.928	8	376744	0	no-beam-flash	12	0	0	0	0																		
mcp2k	18255	1	289376	0	6.248	0.897	7	372316	0	no-bundle	10	0	1	0	0																		
mcp2k	18255	1	289464	0	13.835	8.926	14	1196284	0	nu-candidate	11	1	1	1	0	1.349	293.7	6	72.092384	-145.23611	139.3247	3.8775845	-15.0	1.0	0.0	0.7	0.0	1370.4875	0.0	0.0	0.0	0	7.452617
mcp2k	18255	1	289508	0	12.694	7.903	13	1207296	0	nu-candidate	13	1	1	1	0	1.433	97.0	13	-141.53487	13.995533	484.02902	2.8498445	-15.0	1.0	0.0	0.7	0.0	998.1422	49.128555	44.431835	4.6967177	4	10.944401
mcp2k	18255	1	289596	0	4.800	0.943	5	379412	0	no-bundle	12	0	1	0	0																		
mcp2k	18255	1	289818	0	7.333	1.102	8	409740	0	cosmic-tagged	19	1	1	0	0																		
mcp2k	18255	1	289840	0	3.752	1.223	5	446156	0	cosmic-tagged	13	1	1	0	0																		
mcp2k	18255	1	289862	0	7.849	4.847	9	1166344	0	nu-candidate	11	1	1	1	0	1.942	16.4	1	-195.66428	-63.281624	11.895005	-1.9289896	-15.0	1.0	0.0	0.7	0.0	188.20517	0.0	0.0	0.0	0	0.0
mcp2k	18255	1	290168	0	6.635	1.159	8	423240	0	no-beam-flash	12	0	0	0	0																		
mcp2k	18255	1	290192	0	4.175	0.827	6	358372	0	no-bundle	10	0	1	0	0																		
mcp2k	18255	1	290476	0	6.748	1.678	8	476896	0	cosmic-tagged	14	1	1	0	0																		
mcp2k	18255	1	290542	0	10.349	5.997	12	1227792	0	nu-candidate	12	1	1	1	0	1.428	166.3	2	-50.129738	58.846107	366.1535	3.5560708	-15.0	1.0	0.0	0.7	0.0	898.8362	0.0	0.0	0.0	0	131.41023
mcp2k	18255	1	290566	0	5.140	0.856	7	369608	0	cosmic-tagged	9	1	1	0	0																		
mcp2k	18255	1	290588	0	13.016	7.096	15	1192788	0	nu-candidate	9	1	1	1	0	0.831	70.0	21	-47.259182	138.61534	199.18002	3.1599915	-15.0	1.0	0.0	0.7	0.0	699.7329	10.618134	0.0	10.618134	6	45.418087
mcp2k	18255	1	290654	0	14.290	7.756	16	1313876	0	nu-candidate	20	1	1	1	0	0.785	165.8	9	-73.58739	123.38718	367.3796	2.0874143	-15.0	1.0	0.0	0.7	0.0	771.4508	396.7774	0.0	396.7774	1	137.36786
mcp2k	18255	1	290676	0	7.706	1.475	9	476192	0	cosmic-tagged	12	1	1	0	0																		
mcp2k	18255	1	290718	0	12.956	8.965	15	1303856	0	nu-candidate	11	1	1	1	0	0.625	476.9	2	-23.659105	141.73857	32.740475	4.7814665	-15.0	1.0	0.0	0.7	0.0	1249.9557	0.0	0.0	0.0	0	5.554656
mcp2k	18255	1	290740	0	6.214	1.797	7	509692	0	cosmic-tagged	12	1	1	0	0																		
mcp2k	18255	1	290742	0	6.033	0.795	6	358516	0	cosmic-tagged	13	1	1	0	0																		
mcp2k	18255	1	290762	0	6.110	1.024	7	396276	0	nu-candidate	11	1	1	0	0																		
mcp2k	18255	1	290786	0	6.029	0.744	6	338412	0	no-beam-flash	10	0	0	0	0																		
mcp2k	18255	1	290874	0	6.497	1.649	8	415332	0	cosmic-tagged	13	1	1	0	0																		
mcp2k	18255	1	290938	0	5.022	1.811	6	498752	0	cosmic-tagged	15	1	1	0	0																		
mcp2k	18255	1	291006	0	3.774	0.777	4	335864	0	no-bundle	11	0	1	0	0																		
mcp2k	18255	1	291072	0	11.100	9.380	13	1355600	0	nu-candidate	19	1	1	1	0	1.543	47.3	26	153.16087	118.3404	405.15314	-0.061739698	9.696811	1.0	0.0	0.7	0.0	779.39685	0.0	0.0	0.0	0	6.9608564
mcp2k	18255	1	291248	0	5.247	0.979	7	380820	0	nu-candidate	13	1	1	0	0																		
mcp2k	18255	1	291754	0	5.206	0.886	7	360604	0	nu-candidate	11	1	1	0	0																		
mcp2k	18255	1	291820	0	6.058	1.051	7	405672	0	no-beam-flash	11	0	0	0	0																		
mcp2k	18255	1	292370	0	10.593	6.328	11	1180536	0	nu-candidate	14	1	1	1	0	1.756	149.4	2	168.93903	-55.938698	123.20569	3.8688288	-15.0	1.0	0.0	0.7	0.0	577.5611	0.0	0.0	0.0	0	0.45397285
mcp2k	18255	1	292436	0	12.325	8.104	13	1220280	0	nu-candidate	11	1	1	1	0	1.499	231.3	11	75.341255	-8.251411	497.8515	1.2993729	-15.0	1.0	0.0	0.7	0.0	834.9155	171.46262	124.63382	46.828804	4	0.35523015
mcp2k	18255	1	292524	0	15.948	11.261	17	1281292	0	nu-candidate	11	1	1	1	0	1.950	176.5	20	174.56119	84.66574	155.15031	2.6070304	-15.0	1.0	0.0	0.7	0.0	1038.1239	0.0	0.0	0.0	0	9.2891445
mcp2k	18255	1	292568	0	15.772	10.411	16	1161204	0	nu-candidate	9	1	1	1	0	1.611	263.3	18	34.96802	-96.38188	285.50458	3.5249946	-15.0	1.0	0.0	0.7	0.0	1012.25916	102.551575	89.121284	13.430286	13	6.6962423
mcp2k	18255	1	292612	0	6.059	1.115	7	407500	0	no-bundle	9	0	1	0	0																		
mcp2k	18255	1	292722	0	10.528	6.991	11	1192560	0	nu-candidate	10	1	1	1	0	0.944	102.2	6	8.175289	62.68271	51.525005	2.7797532	-15.0	1.0	0.0	0.7	0.0	569.5254	2.0688384	0.0	2.0688384	1	13.305008
mcp2k	18255	1	292788	0	9.174	6.693	10	1139636	0	nu-candidate	9	1	1	1	0	0.569	141.9	5	152.68478	93.49297	127.6485	3.9313104	-15.0	1.0	0.0	0.7	0.0	752.49365	2.3069086	0.0	2.3069086	2	3.4510899
mcp2k	18255	1	292810	0	8.713	6.164	10	1181652	0	nu-candidate	13	1	1	1	0	0.781	44.4	10	-13.761695	-124.44261	176.49838	-0.8357135	-15.0	1.0	1.0	0.7	0.0	625.1385	0.0	0.0	0.0	0	14.240873
mcp2k	18255	1	293470	0	8.704	6.129	10	1199320	0	nu-candidate	12	1	1	1	0	1.817	158.6	10	-67.18599	-170.81277	115.64732	3.0695875	-15.0	1.0	1.0	0.7	0.0	527.7665	0.691226	0.0	0.691226	1	32.60399
mcp2k	18255	1	293492	0	3.940	1.087	4	389264	0	cosmic-tagged	12	1	1	0	0																		
mcp2k	18255	1	293536	0	9.679	6.418	10	1260660	0	nu-candidate	15	1	1	1	0	1.553	32.7	8	-8.036506	162.4404	93.56147	0.2971568	-2.6754324	1.0	0.0	0.7	0.0	449.81696	0.0	0.0	0.0	0	6.775945
mcp2k	18255	1	293734	0	7.292	5.655	8	1168228	0	nu-candidate	8	1	1	1	0	1.410	60.2	1	-150.18474	-194.52328	474.61716	3.5742314	-15.0	1.0	0.0	0.7	0.0	600.98706	0.5967899	0.0	0.5967899	1	0.0
mcp2k	18255	1	294064	0	4.065	0.929	5	360284	0	cosmic-tagged	11	1	1	0	0																		
mcp2k	18255	1	294174	0	20.575	17.181	21	1281656	0	nu-candidate	11	1	1	1	0	0.876	25.5	0	122.88794	-15.392002	159.37357	3.1069932	-5.881027	1.0	0.0	0.7	0.0	1313.3176	264.48706	0.0	264.48706	6	19.285496
mcp2k	18255	1	294284	0	2.540	0.694	3	329348	0	no-beam-flash	7	0	0	0	0																		
mcp2k	18255	1	294438	0	2.937	0.800	3	341728	0	cosmic-tagged	10	1	1	0	0																		
mcp2k	18255	1	294922	0	7.461	4.772	8	1141520	0	nu-candidate	6	1	1	1	0	0.791	5.1	29	-135.36813	-40.90692	430.37357	0.093335815	-15.0	1.0	0.0	0.7	0.0	46.70539	17.629803	0.0	17.629803	15	15.966591
mcp2k	18255	1	315955	0	8.731	5.268	9	1197048	0	nu-candidate	12	1	1	1	0	0.686	76.8	4	-146.00444	149.67424	321.9121	1.1381047	-15.0	1.0	0.0	0.7	0.0	544.8015	1.3396078	0.0	1.3396078	1	1.6226846
mcp2k	18255	1	316021	0	9.151	7.442	10	1199216	0	nu-candidate	11	1	1	1	0	0.658	124.4	2	-62.41697	-39.657932	4.259013	1.9526228	-15.0	1.0	0.0	0.7	0.0	819.1266	0.0	0.0	0.0	0	1.3946519
mcp2k	18255	1	316043	0	5.939	1.637	7	435192	0	cosmic-tagged	11	1	1	0	0																		
mcp2k	18255	1	316065	0	10.682	5.694	12	1131572	0	nu-candidate	8	1	1	1	0	0.814	76.0	4	19.271511	-69.3248	2.8673973	-0.24731058	-15.0	1.0	0.0	0.37974018	0.0	483.5726	1.1962024	0.0	1.1962024	1	0.0
mcp2k	18255	1	316197	0	7.447	5.022	8	1167840	0	nu-candidate	14	1	1	1	0	0.997	35.0	2	-30.943142	195.4213	470.58047	0.5582077	-15.0	1.0	1.0	0.7	0.0	216.29831	1.5148835	0.0	1.5148835	1	0.07038261
mcp2k	18255	1	316261	0	5.793	1.186	6	405908	0	cosmic-tagged	12	1	1	0	0																		
mcp2k	18255	1	316329	0	7.120	2.284	8	449540	0	cosmic-tagged	11	1	1	0	0																		
mcp2k	18255	1	316571	0	4.688	0.917	6	378140	0	cosmic-tagged	10	1	1	0	0																		
mcp2k	18255	1	316615	0	5.778	1.432	6	390692	0	cosmic-tagged	11	1	1	0	0																		
mcp2k	18255	1	316769	0	4.713	0.817	6	363260	0	nu-candidate	15	1	1	0	0																		
mcp2k	18255	1	316811	0	10.666	5.820	12	1151040	0	nu-candidate	8	1	1	1	0	2.010	80.8	16	-92.050415	-26.69297	199.06906	2.2156146	-15.0	1.0	0.0	0.7	0.0	513.852	2.8643003	0.0	2.8643003	3	10.862503
mcp2k	18255	1	316879	0	5.196	1.237	6	404908	0	cosmic-tagged	11	1	1	0	0																		
mcp2k	18255	1	316987	0	10.515	8.087	11	1198972	0	nu-candidate	7	1	1	1	0	1.385	153.2	7	-91.4994	165.74716	181.50546	2.652364	-15.0	1.0	0.0	0.7	0.0	998.3808	3.8105676	0.0	3.8105676	2	3.3610673
mcp2k	18255	1	317009	0	3.916	0.935	4	367096	0	no-beam-flash	12	0	0	0	0																		
mcp2k	18255	1	317077	0	7.925	5.091	9	1170160	0	nu-candidate	10	1	1	1	0	0.919	16.0	12	-91.326004	-69.63599	444.93893	-1.5990849	-3.9258814	1.0	0.0	0.7	0.0	111.68065	70.30698	0.0	70.30698	2	0.0
mcp2k	18255	1	317297	0	6.617	1.065	7	414240	0	cosmic-tagged	14	1	1	0	0																		
mcp2k	18255	1	317341	0	8.145	4.406	9	856672	0	cosmic-tagged	15	1	1	1	0	0.593	1.2	0	0.0	0.0	0.0	-1.9416895	-15.0	1.0	0.0	0.7	0.0	0.0	0.0	0.0	0.0	0	0.0
mcp2k	18255	1	317407	0	13.317	9.204	15	1216568	0	nu-candidate	13	1	1	1	0	1.951	365.1	10	184.02765	-186.91498	67.286934	3.7757707	-15.0	1.0	0.0	0.7	0.0	1210.3743	4.784271	0.0	4.784271	3	15.578904
mcp2k	18255	1	317427	0	5.411	1.742	7	498388	0	cosmic-tagged	16	1	1	0	0																		
mcp2k	18255	1	317515	0	6.290	1.286	7	448836	0	cosmic-tagged	12	1	1	0	0																		
mcp2k	18255	1	317539	0	10.495	6.528	11	1235012	0	nu-candidate	11	1	1	1	0	1.159	172.0	11	-9.951409	-173.36725	289.5602	2.0429196	-15.0	1.0	0.0	0.7	0.0	642.00415	1.1375726	0.0	1.1375726	1	117.249214
mcp2k	18255	1	317559	0	8.160	1.277	9	432592	0	no-beam-flash	12	0	0	0	0																		
mcp2k	18255	1	317693	0	6.145	0.771	7	347504	0	cosmic-tagged	8	1	1	0	0																		
mcp2k	18255	1	317911	0	10.495	6.006	11	1239200	0	nu-candidate	17	1	1	1	0	1.317	66.8	0	171.33488	136.2682	0.7592689	-1.714861	-15.0	1.0	1.0	0.739674	0.0	280.72534	0.0	0.0	0.0	0	0.0
mcp2k	18255	1	317957	0	8.448	5.257	11	1162060	0	nu-candidate	7	1	1	1	0	1.258	61.9	1	130.63037	173.53719	414.38367	-0.38882828	-15.0	1.0	1.0	0.7	0.0	276.7708	0.0	0.0	0.0	0	1.1120514
mcp2k	18255	1	317977	0	4.811	0.741	7	331440	0	nu-candidate	11	1	1	0	0																		
mcp2k	18255	1	318021	0	6.645	5.148	8	1190524	0	nu-candidate	13	1	1	1	0	0.926	24.0	3	-63.92283	-188.01495	96.38789	-1.496461	-15.0	1.0	0.0	0.7	0.0	331.41165	0.0	0.0	0.0	0	4.0051446
mcp2k	18255	1	318197	0	6.674	4.904	8	1183200	0	nu-candidate	11	1	1	1	0	1.783	2.8	13	-48.865246	174.98114	36.920918	-2.3987112	-15.0	1.0	0.0	0.7	0.0	121.46153	6.12095	0.0	6.12095	3	15.108435
mcp2k	18255	1	318549	0	8.903	4.871	10	1156008	0	nu-candidate	13	1	1	1	0	1.336	9.3	1	-61.62278	172.26314	359.61487	-1.8840135	-15.0	1.0	0.0	0.7	0.0	106.660835	0.0	0.0	0.0	0	1.0816183
mcp2k	18255	1	318593	0	4.748	0.535	5	309528	0	cosmic-tagged	5	1	1	0	0																		
mcp2k	18255	1	318703	0	15.719	13.222	16	1255144	0	nu-candidate	9	1	1	1	0	1.762	302.3	28	-50.01789	-32.999607	252.24844	5.6168866	-8.373963	1.0	0.0	0.7	0.0	1015.7785	17.162191	0.0	17.162191	11	15.5540905
mcp2k	18255	1	318749	0	7.574	3.446	9	718232	0	cosmic-tagged	7	1	1	1	0	1.123	1.0	0	0.0	0.0	0.0	-1.9416895	-15.0	1.0	0.0	0.7	0.0	0.0	0.0	0.0	0.0	0	0.0
mcp2k	18255	1	318769	0	12.740	8.818	13	1312352	0	nu-candidate	17	1	1	1	0	1.651	54.2	60	194.96191	-13.604829	248.80609	0.3885542	-15.0	1.0	0.0	0.7	0.0	681.76074	458.86343	0.0	458.86343	10	234.78152
mcp2k	18255	1	318857	0	8.495	4.743	9	1119760	0	nu-candidate	12	1	1	1	0	1.599	12.9	5	92.67552	-114.24595	371.55472	-2.2159133	-15.0	1.0	0.0	0.7	0.0	195.13228	1.423539	0.0	1.423539	1	2.2363262
mcp2k	18255	1	319013	0	4.700	0.835	5	348568	0	cosmic-tagged	8	1	1	0	0																		
mcp2k	18255	1	319057	0	8.682	3.963	9	761072	0	cosmic-tagged	13	1	1	1	0	1.541	1.5	0	0.0	0.0	0.0	-1.9416895	-15.0	1.0	0.0	0.7	0.0	0.0	0.0	0.0	0.0	0	0.0
mcp2k	18255	1	319099	0	5.081	1.259	7	385124	0	cosmic-tagged	11	1	1	0	0																		
mcp2k	18255	1	319275	0	10.441	7.166	12	1228068	0	cosmic-tagged	10	1	1	1	0	1.607	155.9	3	121.85647	199.4091	93.09651	-2.8104029	-15.0	1.0	1.0	0.7	0.0	539.0599	3.850473	0.0	3.850473	1	2.3597414
mcp2k	18255	1	319321	0	5.542	3.194	7	734280	0	cosmic-tagged	12	1	1	1	0	0.699	2.9	0	0.0	0.0	0.0	-1.9416895	-15.0	1.0	0.0	0.7	0.0	0.0	0.0	0.0	0.0	0	0.0
mcp2k	18255	1	319363	0	4.089	0.965	6	372204	0	cosmic-tagged	10	1	1	0	0																		
mcp2k	18255	1	319453	0	5.369	1.312	6	421348	0	no-bundle	14	0	1	0	0																		
mcp2k	18255	1	319473	0	5.235	1.083	6	397300	0	no-bundle	11	0	1	0	0																		
mcp2k	18255	1	319475	0	10.178	5.869	11	1189284	0	nu-candidate	13	1	2	1	0	0.870	68.6	23	132.03183	163.8631	282.46695	0.37378216	-15.0	1.0	0.0	0.7	0.0	733.6969	82.0203	0.0	82.0203	1	35.819633
mcp2k	18255	1	319871	0	8.768	6.256	9	1277756	0	nu-candidate	20	1	1	1	0	1.718	83.4	8	-142.1308	174.65877	122.52084	2.739616	-15.0	1.0	0.0	0.7	0.0	537.5824	3.0418859	0.0	3.0418859	1	18.342552
mcp2k	18255	1	319913	0	7.762	5.188	9	1138784	0	nu-candidate	6	1	1	1	0	0.745	64.4	9	-36.513718	-87.28914	330.54932	1.014769	-15.0	1.0	0.0	0.7	0.0	307.85278	8.204365	0.0	8.204365	8	2.9543319
mcp2k	18255	1	320023	0	5.116	1.416	7	474352	0	cosmic-tagged	15	1	1	0	0																		
mcp2k	18255	1	320091	0	7.480	4.884	8	1205552	0	nu-candidate	13	1	1	1	0	1.163	6.2	2	196.01852	101.45723	495.10678	-0.20799382	-15.0	1.0	0.0	0.7	0.0	139.98949	0.0	0.0	0.0	0	1.0846844
mcp2k	18255	1	320289	0	8.728	5.842	9	1235204	0	nu-candidate	14	1	1	1	0	1.951	53.1	16	-85.29607	-193.11667	258.92847	1.276413	-15.0	1.0	0.0	0.7	0.0	515.0248	8.1551075	0.0	8.1551075	5	9.708001
mcp2k	18255	1	320485	0	7.443	6.129	8	1188348	0	nu-candidate	16	1	1	1	0	1.965	128.2	9	102.34004	-106.21887	42.137897	3.3894432	-15.0	1.0	0.0	0.7	0.0	742.2837	5.3483396	0.0	5.3483396	4	5.0565414
mcp2k	18255	1	320575	0	7.088	4.787	8	1117460	0	nu-candidate	5	1	1	1	0	1.436	9.0	10	151.89767	121.33482	45.475895	-2.131156	-15.0	1.0	0.0	0.7	0.0	177.96107	7.2093577	0.0	7.2093577	5	10.605245
mcp2k	18255	1	320619	0	4.500	0.697	5	320180	0	nu-candidate	6	1	1	0	0																		
mcp2k	18255	1	320639	0	4.763	1.351	5	446532	0	no-beam-flash	15	0	0	0	0																		
mcp2k	18255	1	320663	0	5.073	1.175	7	420108	0	no-beam-flash	14	0	0	0	0																		
mcp2k	18255	1	320729	0	4.951	0.843	6	339232	0	nu-candidate	7	1	1	0	0																		
mcp2k	18255	1	320773	0	4.994	1.038	6	345540	0	cosmic-tagged	8	1	1	0	0																		
mcp2k	18255	1	320925	0	8.628	4.760	10	1162064	0	nu-candidate	13	2	2	1	0	1.848	2.0	4	20.027836	46.118885	360.22897	-2.3590086	-15.0	1.0	1.0	0.7	0.0	115.635155	0.0	0.0	0.0	0	7.293909
mcp2k	18255	1	320927	0	5.876	0.954	6	378104	0	cosmic-tagged	11	1	1	0	0																		
mcp2k	18255	1	321015	0	12.957	9.044	15	1204276	0	nu-candidate	9	1	1	1	0	1.846	146.5	19	132.49582	67.13113	361.15228	2.2354562	-15.0	1.0	0.0	0.7	0.0	419.46387	554.20526	553.9759	0.22934632	5	10.274134
mcp2k	18255	1	321035	0	5.970	1.243	7	435752	0	no-beam-flash	15	0	0	0	0																		
mcp2k	18255	1	321057	0	5.921	0.656	7	328868	0	no-beam-flash	8	0	0	0	0																		
mcp2k	18255	1	321101	0	6.097	1.103	8	418720	0	no-beam-flash	17	0	0	0	0																		
mcp2k	18255	1	321169	0	10.350	6.407	12	1199348	0	nu-candidate	11	1	1	1	0	0.817	32.1	20	-83.06715	130.16162	228.58928	-2.959882	-15.0	0.0	1.0	0.7	0.0	307.38583	1.1193279	0.0	1.1193279	1	106.42253
mcp2k	18255	1	321235	0	14.713	11.091	16	1249164	0	nu-candidate	10	1	1	1	0	1.515	232.4	2	61.2236	33.509438	0.19059892	-2.3276658	-15.0	1.0	1.0	-0.4902827	0.0	1458.5139	2.0493958	0.0	2.0493958	1	0.0
mcp2k	18255	1	321299	0	6.037	1.068	8	400420	0	no-beam-flash	9	0	0	0	0																		
mcp2k	18255	1	321343	0	5.723	0.973	6	395668	0	nu-candidate	11	1	1	0	0																		
mcp2k	18255	1	321367	0	9.524	6.436	11	1165172	0	nu-candidate	6	1	1	1	0	1.902	54.3	22	14.856622	68.23254	456.80698	3.270471	-15.0	1.0	0.0	0.7	0.0	885.1726	10.412746	0.0	10.412746	4	5.55611
mcp2k	18255	1	321519	0	4.898	0.673	6	332052	0	no-bundle	6	0	1	0	0																		
mcp2k	18255	1	321629	0	10.572	7.337	11	1141052	0	nu-candidate	6	1	1	1	0	0.925	180.4	20	-130.08705	52.482094	210.19073	4.219457	-15.0	1.0	0.0	0.7	0.0	820.51025	15.059299	0.0	15.059299	9	9.999513
mcp2k	18255	1	321673	0	4.960	0.850	6	360076	0	cosmic-tagged	9	1	1	0	0																		
mcp2k	18255	1	321741	0	9.603	6.275	11	1211896	0	nu-candidate	13	1	1	1	0	1.947	132.4	3	44.28656	-155.70233	7.132783	-1.0203575	-15.0	1.0	0.0	0.7	0.0	325.77274	418.58344	0.0	418.58344	2	205.4273
mcp2k	18255	1	321849	0	12.170	8.225	14	1278088	0	nu-candidate	12	1	1	1	0	0.728	176.4	22	188.3397	62.960773	16.470615	2.3950562	-15.0	1.0	0.0	0.7	0.0	670.49744	653.8456	0.0	653.8456	19	4.6743016
mcp2k	18255	1	321895	0	8.453	6.366	10	1166164	0	nu-candidate	10	1	1	1	0	1.441	95.1	1	68.64017	41.703957	236.99768	2.4620056	-15.0	1.0	0.0	0.7	0.0	870.34265	0.0	0.0	0.0	0	0.70725113
mcp2k	18255	1	321937	0	8.555	6.863	10	1270660	0	nu-candidate	15	1	1	1	0	1.406	232.7	4	115.0642	33.32045	270.87415	4.6010056	-15.0	1.0	1.0	0.7	0.0	675.29175	2.5891824	0.0	2.5891824	3	1.6617594
mcp2k	18255	1	321983	0	9.281	5.511	10	1213064	0	nu-candidate	10	1	1	1	0	1.171	7.1	19	-43.46604	-2.6047113	11.582036	-1.4109198	-15.0	1.0	0.0	0.7	0.0	176.45163	80.96133	0.0	80.96133	10	85.98007
mcp2k	18255	1	322003	0	5.369	1.087	6	399532	0	no-beam-flash	11	0	0	0	0																		
mcp2k	18255	1	322027	0	3.908	0.652	4	322896	0	no-beam-flash	11	0	0	0	0																		
mcp2k	18255	1	322113	0	5.275	1.144	6	418372	0	cosmic-tagged	13	1	1	0	0																		
mcp2k	18255	1	322135	0	13.245	9.846	14	1277312	0	nu-candidate	10	1	1	1	0	1.740	245.8	13	-153.1494	135.77844	8.77422	2.7853034	-15.0	1.0	0.0	0.7	0.0	1019.16315	3.394381	0.0	3.394381	2	13.914369
mcp2k	18255	1	322181	0	7.802	5.390	9	1184892	0	nu-candidate	12	1	1	1	0	1.345	75.0	0	105.935326	-144.7301	207.72339	2.288825	-15.0	1.0	0.0	0.7	0.0	395.48438	0.0	0.0	0.0	0	0.0
mcp2k	18255	1	322269	0	10.293	6.525	12	1193240	0	nu-candidate	11	2	2	1	0	1.724	142.0	3	86.38223	-126.232834	250.89941	4.188443	-15.0	1.0	0.0	0.7	0.0	558.0569	0.0	0.0	0.0	0	3.7921574
mcp2k	18255	1	322399	0	4.666	0.710	5	324420	0	nu-candidate	7	1	1	0	0																		
mcp2k	18255	1	322487	0	4.647	0.763	5	341660	0	cosmic-tagged	10	1	1	0	0																		
mcp2k	18255	1	322509	0	6.133	2.014	7	489260	0	cosmic-tagged	12	1	1	0	0																		
mcp2k	18255	1	322663	0	11.605	8.198	12	1280864	0	nu-candidate	12	1	1	1	0	1.710	149.1	19	-179.31964	165.12555	334.8771	2.4554012	-15.0	1.0	0.0	0.7	0.0	734.8474	0.0	0.0	0.0	0	24.69054
mcp2k	18255	1	322707	0	10.253	7.152	11	1174408	0	nu-candidate	9	1	1	1	0	1.029	116.5	11	67.01127	-87.44151	329.69287	2.521846	-15.0	1.0	0.0	0.7	0.0	1063.4863	0.0	0.0	0.0	0	4.712445
mcp2k	18255	1	322731	0	4.729	0.672	5	327696	0	no-beam-flash	8	0	0	0	0																		
mcp2k	18255	1	322861	0	10.130	6.474	11	1272104	0	nu-candidate	16	1	1	1	0	2.026	85.9	0	81.90058	133.83205	336.09406	-0.9933364	-15.0	1.0	1.0	0.7	0.0	371.76508	0.0	0.0	0.0	0	0.0
mcp2k	18255	1	322885	0	11.324	6.953	12	1211432	0	nu-candidate	11	1	1	1	0	1.440	227.0	18	-152.6312	178.85469	45.288918	2.0915947	-15.0	1.0	0.0	0.7	0.0	882.2594	7.857143	0.0	7.857143	7	14.364664
mcp2k	18255	1	322907	0	11.308	6.976	12	1206192	0	nu-candidate	12	1	1	1	0	1.488	161.5	6	-110.756195	194.25284	29.164625	3.8986068	-15.0	1.0	0.0	0.7	0.0	815.3974	1.5613376	0.0	1.5613376	1	7.1776433
mcp2k	18255	1	323061	0	3.838	0.898	5	368352	0	no-bundle	13	0	1	0	0																		
mcp2k	18255	1	323125	0	9.005	5.696	11	1188732	0	nu-candidate	11	1	1	1	0	1.960	30.0	3	146.68599	-103.520035	468.24377	-0.004736421	-15.0	1.0	0.0	0.7	0.0	497.6098	1.356452	0.0	1.356452	1	2.597151
mcp2k	18255	1	323171	0	10.550	7.044	12	1348272	0	nu-candidate	16	1	1	1	0	0.643	164.3	7	-156.9775	-56.812122	54.498676	1.3636649	-15.0	1.0	0.0	0.7	0.0	707.69855	4.7342343	0.0	4.7342343	2	4.6794715
mcp2k	18255	1	323215	0	3.874	0.931	4	376280	0	no-beam-flash	11	0	0	0	0																		
mcp2k	18255	1	323237	0	3.844	0.844	4	357188	0	nu-candidate	13	1	1	0	0																		
mcp2k	18255	1	323301	0	15.430	11.340	16	1332932	0	cosmic-tagged	12	1	1	1	0	1.949	220.5	10	-115.608055	21.88705	57.96972	0.9004649	-15.0	1.0	1.0	0.7	0.0	891.78314	34.889397	0.0	34.889397	9	272.50986
mcp2k	18255	1	323345	0	3.448	0.769	4	347080	0	no-beam-flash	8	0	0	0	0																		
mcp2k	18255	1	323369	0	9.102	7.480	11	1251100	0	nu-candidate	11	1	1	1	0	1.867	237.0	4	29.87199	-16.982784	134.39923	-1.2865714	-15.0	1.0	0.0	0.7	0.0	881.24414	2.1047118	0.0	2.1047118	1	2.7658632
mcp2k	18255	1	323543	0	3.905	0.874	6	359820	0	no-bundle	8	0	2	0	0																		
mcp2k	18255	1	323917	0	8.965	5.725	10	1233092	0	cosmic-tagged	17	1	1	1	0	0.976	20.3	5	-139.21368	-67.13461	399.51056	-1.0825403	-9.946055	1.0	0.0	0.7	0.0	93.99182	2.6644168	0.0	2.6644168	2	0.0
mcp2k	18255	1	324225	0	4.980	0.791	5	351328	0	no-bundle	10	0	1	0	0																		
mcp2k	18255	1	346746	0	8.707	5.924	9	1192572	0	nu-candidate	9	1	1	1	0	1.452	105.6	9	-167.12892	99.85471	477.74908	0.45701793	-15.0	1.0	0.0	0.7	0.0	490.63837	3.3457775	0.0	3.3457775	4	6.3511024
mcp2k	18255	1	346878	0	8.757	5.867	9	1208664	0	nu-candidate	12	1	1	1	0	1.446	108.9	7	-174.80171	134.15887	316.9194	1.6564783	-15.0	1.0	0.0	0.7	0.0	589.23737	3.8615837	0.0	3.8615837	2	206.07893
mcp2k	18255	1	347142	0	5.901	1.147	6	409608	0	cosmic-tagged	11	1	1	0	0																		
mcp2k	18255	1	347164	0	4.726	0.741	5	344476	0	no-beam-flash	8	0	0	0	0																		
mcp2k	18255	1	347384	0	9.368	6.882	11	1255068	0	nu-candidate	9	1	1	1	0	1.603	262.1	3	-24.718834	-185.76807	95.86147	5.429485	-15.0	1.0	0.0	0.7	0.0	984.633	0.80791914	0.0	0.80791914	1	2.4676409
mcp2k	18255	1	347802	0	6.230	1.002	8	391136	0	nu-candidate	16	1	2	0	0																		
mcp2k	18255	1	347824	0	14.646	11.470	15	1289728	0	nu-candidate	15	1	1	1	0	1.648	157.1	36	96.72585	118.909454	278.4563	1.8792281	-15.0	1.0	0.0	0.7	0.0	1570.239	160.21152	156.60298	3.6085346	3	6.5767426
mcp2k	18255	1	347890	0	9.050	5.541	10	1133960	0	nu-candidate	4	1	1	1	0	0.817	179.7	7	-11.472231	-51.587322	234.67084	1.8319855	-15.0	1.0	0.0	0.7	0.0	746.9239	3.852139	0.0	3.852139	3	0.0
mcp2k	18255	1	348088	0	10.586	7.878	11	1171276	0	nu-candidate	10	1	1	1	0	1.671	295.4	3	-41.442684	-141.9324	209.58517	4.337795	-15.0	1.0	0.0	0.7	0.0	840.43524	1.1272657	0.0	1.1272657	1	3.1348732
mcp2k	18255	1	348198	0	9.094	5.578	10	1238692	0	nu-candidate	11	1	1	1	0	1.655	44.6	5	-71.60258	-43.67793	286.2191	-1.7524453	-15.0	1.0	0.0	0.7	0.0	264.78036	0.0	0.0	0.0	0	10.946782
mcp2k	18255	1	348374	0	4.960	0.895	5	377816	0	no-beam-flash	15	0	0	0	0																		
mcp2k	18255	1	348594	0	6.982	6.521	9	1232000	0	nu-candidate	14	1	1	1	0	1.314	72.2	3	-179.32272	108.6359	436.4678	1.0769846	-15.0	1.0	0.0	0.7	0.0	716.3664	1.3187653	0.0	1.3187653	1	2.233836
mcp2k	18255	1	348638	0	7.035	5.952	9	1284952	0	nu-candidate	20	1	1	1	0	1.020	127.7	0	3.859216	-69.96798	204.12732	-0.27637887	-15.0	1.0	1.0	0.7	0.0	438.7757	0.0	0.0	0.0	0	0.0
mcp2k	18255	1	348682	0	10.873	6.850	12	1211828	0	nu-candidate	12	1	1	1	0	0.605	270.8	14	-88.4072	-72.93648	94.53034	3.6451027	-15.0	1.0	0.0	0.7	0.0	755.8031	0.0	0.0	0.0	0	14.8520355
mcp2k	18255	1	349034	0	5.130	1.385	6	450924	0	nu-candidate	13	2	2	0	0																		
mcp2k	18255	1	349056	0	9.489	6.624	10	1191784	0	nu-candidate	9	1	1	1	0	1.263	173.9	3	23.875652	-15.694598	422.3968	3.1274157	-15.0	1.0	0.0	0.7	0.0	810.35864	2.4977136	0.0	2.4977136	2	2.313589
mcp2k	18255	1	349122	0	3.607	1.031	4	378512	0	cosmic-tagged	10	1	1	0	0																		
mcp2k	18255	1	349276	0	12.589	9.986	14	1361532	0	nu-candidate	13	1	1	1	0	1.274	415.9	4	-92.37025	192.59584	13.461993	5.4763527	-15.0	1.0	0.0	0.7	0.0	1120.9048	18.166313	0.0	18.166313	3	4.540807
mcp2k	18255	1	349320	0	7.882	5.034	9	1161976	0	nu-candidate	13	1	1	1	0	1.793	2.7	4	120.38943	-7.7465143	145.65216	-2.779199	-15.0	1.0	0.0	0.7	0.0	48.450584	0.0	0.0	0.0	0	3.637956
mcp2k	18255	1	349386	0	4.041	0.901	5	357540	0	cosmic-tagged	11	1	1	0	0																		
mcp2k	18255	1	350112	0	4.094	0.707	6	331052	0	no-beam-flash	7	0	0	0	0																		
mcp2k	18255	1	350266	0	6.721	3.901	8	771472	0	cosmic-tagged	11	1	1	1	0	0.606	4.0	0	0.0	0.0	0.0	-1.9416895	-15.0	1.0	0.0	0.7	0.0	0.0	0.0	0.0	0.0	0	0.0
mcp2k	18255	1	350354	0	14.372	10.913	15	1283908	0	nu-candidate	12	1	1	1	0	0.915	76.3	46	119.93577	142.2478	348.2576	0.6892362	-15.0	1.0	1.0	0.7	0.0	965.83203	7.0580797	0.0	7.0580797	4	248.6169
mcp2k	18255	1	350420	0	7.651	2.025	8	430812	0	cosmic-tagged	10	1	1	0	0																		
mcp2k	18255	1	350596	0	9.002	5.116	10	1152472	0	nu-candidate	11	1	1	1	0	1.786	27.1	13	193.90234	-39.246025	349.36304	-1.642769	-15.0	1.0	0.0	0.7	0.0	307.8145	7.2195683	0.0	7.2195683	6	91.90399
mcp2k	18255	1	350772	0	6.388	0.963	7	379332	0	no-beam-flash	11	0	0	0	0																		
mcp2k	18255	1	350816	0	7.622	1.191	8	422664	0	cosmic-tagged	12	1	1	0	0																		
mcp2k	18255	1	350882	0	7.563	1.103	8	409788	0	cosmic-tagged	13	1	1	0	0																		
mcp2k	18255	1	350948	0	4.904	0.656	5	321056	0	cosmic-tagged	7	1	1	0	0																		
mcp2k	18255	1	351564	0	16.730	12.566	17	1224420	0	nu-candidate	11	2	2	1	0	1.404	277.6	7	-62.52022	70.179855	209.45284	5.2743783	-15.0	1.0	0.0	0.7	0.0	903.4382	0.34851024	0.0	0.34851024	1	0.0
mcp2k	18255	1	351740	0	7.165	3.169	8	739484	0	cosmic-tagged	14	1	1	1	0	0.833	2.3	0	0.0	0.0	0.0	-1.9416895	-15.0	1.0	0.0	0.7	0.0	0.0	0.0	0.0	0.0	0	0.0
mcp2k	18255	1	352136	0	7.829	4.263	9	765176	0	cosmic-tagged	11	1	1	1	0	0.972	1.2	0	0.0	0.0	0.0	-1.9416895	-15.0	1.0	0.0	0.7	0.0	0.0	0.0	0.0	0.0	0	0.0
mcp2k	18255	1	352202	0	7.837	5.120	9	1158852	0	nu-candidate	9	1	1	1	0	0.718	21.9	1	14.534932	-14.271255	138.8943	-3.2137482	-15.0	1.0	0.0	0.7	0.0	180.90701	1.5145236	0.0	1.5145236	1	0.0
mcp2k	18255	1	352246	0	4.024	1.240	5	401420	0	cosmic-tagged	14	1	1	0	0																		
mcp2k	18255	1	352510	0	8.674	4.752	9	1146956	0	nu-candidate	8	1	1	1	0	0.581	5.1	0	144.46608	-157.4879	343.30252	-1.3296293	-15.0	1.0	0.0	0.7	0.0	125.303696	0.0	0.0	0.0	0	0.0
mcp2k	18255	1	352664	0	10.623	7.207	11	1219720	0	nu-candidate	12	1	1	1	0	1.592	244.8	3	-149.41434	-104.85836	317.212	3.645976	-15.0	1.0	0.0	0.7	0.0	979.85547	0.0	0.0	0.0	0	5.672147
mcp2k	18255	1	352730	0	7.173	4.725	8	1145500	0	nu-candidate	7	1	1	1	0	1.872	3.9	2	37.55227	144.92654	23.824287	-0.6000036	-15.0	1.0	1.0	0.7	0.0	135.67429	0.0	0.0	0.0	0	1.1077595
mcp2k	18255	1	352796	0	9.099	6.535	11	1224576	0	nu-candidate	14	1	1	1	0	0.700	171.2	4	87.88864	83.318634	114.36701	4.4245105	-15.0	1.0	0.0	0.7	0.0	661.84705	0.0	0.0	0.0	0	8.346498
mcp2k	18255	1	352862	0	5.103	1.223	7	423864	0	cosmic-tagged	12	1	1	0	0																		
mcp2k	18255	1	352906	0	4.618	0.826	5	365752	0	no-beam-flash	13	0	0	0	0																		
mcp2k	18255	1	353214	0	4.589	0.888	5	373900	0	cosmic-tagged	11	1	1	0	0																		
mcp2k	18255	1	354248	0	15.256	10.847	16	1297320	0	nu-candidate	17	1	1	1	0	1.288	375.9	11	96.578766	81.62782	265.64294	0.40453595	-15.0	1.0	1.0	0.7	0.0	503.53796	1141.2706	198.13875	943.13196	8	319.5563
mcp2k	18255	1	354270	0	4.833	1.068	5	405316	0	no-beam-flash	11	0	0	0	0																		
mcp2k	18255	1	354578	0	10.001	5.611	11	1185844	0	nu-candidate	11	2	2	1	0	1.617	40.7	2	46.159092	183.24095	366.46948	-0.9562445	-3.6018376	1.0	0.0	0.7	0.0	222.10577	0.0	0.0	0.0	0	3.5760813
mcp2k	18255	1	354622	0	5.106	1.035	6	382128	0	no-beam-flash	14	0	0	0	0																		
mcp2k	18255	1	355040	0	4.868	0.726	5	340408	0	cosmic-tagged	12	1	2	0	0																		
mcp2k	18255	1	355106	0	11.179	7.776	12	1259488	0	nu-candidate	11	1	1	1	0	0.485	352.6	2	152.19997	-110.18197	257.23273	-0.44639102	-15.0	1.0	1.0	0.7	0.0	1139.7565	0.0	0.0	0.0	0	0.0
mcp2k	18255	1	355238	0	9.931	6.356	11	1209056	0	nu-candidate	9	1	1	1	0	0.816	121.6	1	-66.94562	-97.17185	298.15366	3.1579542	-15.0	1.0	0.0	0.7	0.0	636.74036	0.0	0.0	0.0	0	2.3364937
mcp2k	18255	1	355326	0	4.909	1.062	6	404380	0	no-beam-flash	13	0	0	0	0																		
mcp2k	18255	1	355612	0	4.735	0.710	6	341020	0	nu-candidate	10	1	1	0	0																		
mcp2k	18255	1	388323	0	9.821	7.786	10	1240316	0	nu-candidate	14	1	1	1	0	0.899	219.6	16	-43.85861	-197.56944	309.85532	1.5564141	-15.0	1.0	0.0	0.7	0.0	654.90405	148.92279	0.0	148.92279	6	12.06739
mcp2k	18255	1	388433	0	4.529	1.291	5	423684	0	cosmic-tagged	13	1	1	0	0																		
mcp2k	18255	1	388499	0	5.039	1.266	7	431880	0	nu-candidate	15	1	1	0	0																		
mcp2k	18255	1	388543	0	4.892	0.887	6	359364	0	no-beam-flash	8	0	0	0	0																		
mcp2k	18255	1	388587	0	4.796	0.896	6	347712	0	cosmic-tagged	9	1	1	0	0																		
mcp2k	18255	1	388675	0	6.336	1.696	8	482732	0	no-bundle	11	0	1	0	0																		
mcp2k	18255	1	388807	0	6.018	0.832	7	360256	0	no-bundle	13	0	1	0	0																		
mcp2k	18255	1	389225	0	9.819	7.138	11	1190764	0	nu-candidate	10	1	1	1	0	2.016	196.8	21	-58.24811	-106.80606	384.14767	4.3397336	-15.0	1.0	0.0	0.7	0.0	760.75385	53.501034	29.18527	24.315763	15	6.9304466
mcp2k	18255	1	389379	0	8.607	5.707	10	1162384	0	nu-candidate	9	1	1	1	0	1.954	156.1	12	190.98558	-63.949066	298.04407	2.170145	-15.0	1.0	1.0	0.7	0.0	490.1789	5.826191	0.0	5.826191	5	7.233156
mcp2k	18255	1	389423	0	5.080	1.124	7	419348	0	no-beam-flash	17	0	0	0	0																		
mcp2k	18255	1	389533	0	4.501	0.863	5	341736	0	cosmic-tagged	10	1	1	0	0																		
mcp2k	18255	1	389687	0	4.513	0.536	5	308804	0	cosmic-tagged	3	1	1	0	0																		
mcp2k	18255	1	390215	0	8.389	4.879	9	1137620	0	nu-candidate	5	1	1	1	0	0.312	4.6	5	112.539246	111.20818	226.68724	-1.0959631	-15.0	1.0	1.0	0.7	0.0	157.11058	0.92964774	0.0	0.92964774	1	6.6362247
mcp2k	18255	1	390216	0	13.031	8.319	14	1229640	0	nu-candidate	11	1	1	1	0	1.878	207.2	18	70.44201	65.348656	281.72363	4.3023405	-15.0	1.0	0.0	0.7	0.0	1101.5569	35.386127	29.997566	5.3885593	3	198.23874
mcp2k	18255	1	390282	0	6.200	1.080	8	386712	0	cosmic-tagged	7	1	1	0	0																		
mcp2k	18255	1	390370	0	11.953	8.198	14	1182592	0	nu-candidate	7	1	1	1	0	1.582	210.1	11	129.33723	22.209522	22.161255	1.6314794	-15.0	1.0	0.0	0.7	0.0	892.9992	40.300804	36.27703	4.0237727	3	11.076316
mcp2k	18255	1	390391	0	10.859	6.333	12	1223808	0	nu-candidate	11	1	1	1	0	1.977	76.9	2	-139.61824	94.66489	441.46063	2.7684355	-15.0	1.0	0.0	0.7	0.0	452.57886	0.0	0.0	0.0	0	3.6539364
mcp2k	18255	1	390392	0	4.546	0.565	5	306512	0	nu-candidate	8	1	1	0	0																		
mcp2k	18255	1	390611	0	4.642	0.875	5	368568	0	no-bundle	10	0	1	0	0																		
mcp2k	18255	1	390634	0	10.593	8.933	11	1214668	0	nu-candidate	9	1	1	1	0	1.897	156.9	21	-162.36687	-170.66234	220.83705	1.8539069	-15.0	1.0	0.0	0.7	0.0	707.9171	186.48334	186.40607	0.07728226	5	35.138306
mcp2k	18255	1	390655	0	4.572	0.859	5	368988	0	no-beam-flash	11	0	0	0	0																		
mcp2k	18255	1	390700	0	5.477	0.937	7	388916	0	no-beam-flash	9	0	0	0	0																		
mcp2k	18255	1	390743	0	10.997	6.191	13	1212716	0	nu-candidate	12	1	1	1	0	1.888	64.7	8	-60.39998	-94.44106	21.917534	1.6628661	-15.0	1.0	0.0	0.7	0.0	571.16486	62.959324	0.0	62.959324	1	10.849952
mcp2k	18255	1	390744	0	10.971	6.634	13	1169432	0	nu-candidate	10	1	1	1	0	1.324	227.4	14	146.66179	-158.92638	176.33325	1.665137	-15.0	1.0	0.0	0.7	0.0	947.8531	2.5431588	0.0	2.5431588	1	143.16458
mcp2k	18255	1	390810	0	8.265	5.201	10	1166420	0	nu-candidate	8	1	1	1	0	0.532	30.4	4	-195.09967	-140.27472	229.11844	1.674805	-15.0	1.0	0.0	0.7	0.0	206.39517	1.9473871	0.0	1.9473871	2	2.9149427
mcp2k	18255	1	390821	0	5.260	0.996	6	394560	0	no-beam-flash	13	0	0	0	0																		
mcp2k	18255	1	390853	0	4.377	0.892	6	373352	0	no-beam-flash	12	0	0	0	0																		
mcp2k	18255	1	390875	0	4.416	1.002	6	381264	0	cosmic-tagged	7	1	1	0	0																		
mcp2k	18255	1	390919	0	6.917	1.509	7	426620	0	cosmic-tagged	14	1	1	0	0																		
mcp2k	18255	1	390931	0	6.892	1.121	7	401792	0	nu-candidate	17	1	1	0	0																		
mcp2k	18255	1	390942	0	10.541	5.306	11	1161376	0	nu-candidate	8	1	1	1	0	1.822	37.3	20	-126.95013	-5.8794074	287.84402	-0.6713141	-15.0	1.0	0.0	0.7	0.0	399.25433	9.299351	0.0	9.299351	1	39.781525
mcp2k	18255	1	391063	0	10.689	5.565	11	1267716	0	nu-candidate	14	1	1	1	0	0.876	7.4	9	102.45892	119.34585	196.46234	-1.5807682	-15.0	1.0	0.0	0.7	0.0	107.79757	9.347714	0.0	9.347714	3	14.543883
mcp2k	18255	1	391294	0	6.664	0.790	7	344932	0	no-beam-flash	11	0	0	0	0																		
mcp2k	18255	1	391415	0	8.840	5.540	10	1168428	0	nu-candidate	11	1	1	1	0	1.147	86.3	3	183.8651	60.56731	441.36246	2.7634566	-15.0	1.0	0.0	0.7	0.0	482.65222	0.0	0.0	0.0	0	5.6627083
mcp2k	18255	1	391448	0	6.373	1.318	8	416924	0	cosmic-tagged	17	1	1	0	0																		
mcp2k	18255	1	391459	0	6.060	0.887	7	365160	0	cosmic-tagged	11	1	1	0	0																		
mcp2k	18255	1	391513	0	12.653	8.570	13	1217256	0	nu-candidate	11	1	1	1	0	1.400	408.3	3	122.666985	-172.81975	69.65373	4.1121116	-15.0	1.0	0.0	0.7	0.0	1252.8042	0.5510127	0.0	0.5510127	1	1.7686534
mcp2k	18255	1	391525	0	8.349	3.553	9	706464	0	cosmic-tagged	7	1	1	1	0	1.491	0.8	0	0.0	0.0	0.0	-1.9416895	-15.0	1.0	0.0	0.7	0.0	0.0	0.0	0.0	0.0	0	0.0
mcp2k	18255	1	391580	0	6.103	1.314	7	418420	0	cosmic-tagged	11	1	1	0	0																		
mcp2k	18255	1	391635	0	6.080	1.205	8	430200	0	no-beam-flash	15	0	0	0	0																		
mcp2k	18255	1	391646	0	5.980	0.869	7	358736	0	no-bundle	8	0	1	0	0																		
mcp2k	18255	1	391701	0	5.922	0.804	7	344092	0	cosmic-tagged	9	1	1	0	0																		
mcp2k	18255	1	391723	0	6.058	0.870	7	362844	0	cosmic-tagged	9	1	1	0	0																		
mcp2k	18255	1	391756	0	8.708	4.656	9	1137960	0	nu-candidate	13	1	1	1	0	1.375	21.1	2	151.66449	147.98586	467.04953	-0.0020700304	-15.0	1.0	0.0	0.7	0.0	361.34238	0.0	0.0	0.0	0	1.3880781
mcp2k	18255	1	391777	0	10.192	6.021	11	1190564	0	nu-candidate	11	1	1	1	0	0.698	52.3	7	-74.0145	-10.043003	88.888695	0.82480556	-15.0	1.0	0.0	0.7	0.0	809.4022	2.316286	0.0	2.316286	1	9.407639
mcp2k	18255	1	391778	0	4.678	0.832	5	361824	0	no-beam-flash	9	0	0	0	0																		
mcp2k	18255	1	391843	0	8.752	5.132	9	1135756	0	nu-candidate	7	1	1	1	0	0.767	32.9	14	191.66078	-40.642063	67.81071	2.8866744	-15.0	1.0	0.0	0.7	0.0	310.49847	0.81925404	0.0	0.81925404	1	22.577213
mcp2k	18255	1	391877	0	5.340	0.933	7	403652	0	cosmic-tagged	14	1	1	0	0																		
mcp2k	18255	1	391899	0	11.963	8.418	14	1185768	0	nu-candidate	6	1	1	1	0	1.122	197.8	9	-182.82042	141.05243	344.83243	4.905675	-15.0	1.0	0.0	0.7	0.0	1045.375	5.2920246	0.0	5.2920246	4	5.5189238
mcp2k	18255	1	392009	0	13.094	9.230	15	1236300	0	nu-candidate	7	1	1	1	0	1.395	250.9	7	150.27681	178.26996	166.7464	3.902436	-15.0	1.0	0.0	0.7	0.0	1390.9609	139.61908	0.0	139.61908	7	1.8869101
mcp2k	18255	1	392107	0	6.970	1.148	8	418516	0	no-beam-flash	10	0	0	0	0																		
mcp2k	18255	1	392163	0	5.686	0.974	7	383712	0	no-bundle	9	0	1	0	0																		
mcp2k	18255	1	392174	0	10.358	5.211	12	1197052	0	nu-candidate	12	1	1	1	0	1.677	39.7	5	-187.76825	76.33936	12.013542	2.6910505	-15.0	1.0	0.0	0.7	0.0	314.7793	0.0	0.0	0.0	0	6.64244
mcp2k	18255	1	392218	0	5.091	0.787	6	354212	0	cosmic-tagged	13	1	1	0	0																		
mcp2k	18255	1	392262	0	10.214	5.736	11	1262656	0	nu-candidate	14	1	1	1	0	1.998	43.6	4	-56.55528	-41.451206	461.56616	1.6523675	-15.0	1.0	0.0	0.7	0.0	244.39339	0.0	0.0	0.0	0	4.791765
mcp2k	18255	1	392327	0	11.343	6.618	12	1203344	0	nu-candidate	13	1	1	1	0	0.719	139.3	23	174.79385	55.718166	95.64194	2.7569997	-15.0	1.0	0.0	0.7	0.0	761.32385	12.337403	0.0	12.337403	10	16.270922
mcp2k	18255	1	392371	0	6.615	2.066	7	577872	0	cosmic-tagged	15	1	1	0	0																		
mcp2k	18255	1	392373	0	6.428	1.012	7	397444	0	no-bundle	12	0	1	0	0																		
mcp2k	18255	1	392393	0	6.754	1.231	8	439824	0	cosmic-tagged	17	1	1	0	0																		
mcp2k	18255	1	392407	0	4.634	0.909	6	391708	0	cosmic-tagged	10	1	1	0	0																		
mcp2k	18255	1	392417	0	10.009	7.350	11	1236856	0	nu-candidate	14	1	1	1	0	1.559	117.9	5	-52.42546	-130.27432	446.83627	3.6943815	-15.0	1.0	0.0	0.7	0.0	1226.5212	3.4075987	0.0	3.4075987	2	14.868656
mcp2k	18255	1	392483	0	4.673	0.900	6	383576	0	nu-candidate	9	1	1	0	0																		
mcp2k	18255	1	392527	0	10.324	5.971	12	1235188	0	nu-candidate	12	1	1	1	0	0.822	101.2	3	94.07641	-58.037853	454.44104	1.1861105	-15.0	1.0	0.0	0.7	0.0	460.83728	32.745003	32.745003	0.0	1	4.08364
mcp2k	18255	1	392539	0	4.787	0.702	6	334756	0	cosmic-tagged	12	1	1	0	0																		
mcp2k	18255	1	392603	0	5.008	0.901	6	347796	0	cosmic-tagged	7	1	1	0	0																		
mcp2k	18255	1	392637	0	4.748	0.783	5	350040	0	nu-candidate	11	1	1	0	0																		
mcp2k	18255	1	392649	0	10.029	5.355	11	1174112	0	nu-candidate	6	1	1	1	0	1.079	109.0	9	47.02046	0.7609097	132.52016	2.2716782	-15.0	1.0	0.0	0.7	0.0	386.8703	3.432562	0.0	3.432562	3	5.568555
mcp2k	18255	1	392669	0	8.862	7.325	10	1137060	0	nu-candidate	8	1	1	1	0	0.692	105.4	8	-155.33173	-18.242302	438.40652	5.204083	-15.0	1.0	0.0	0.7	0.0	727.9441	4.839332	0.0	4.839332	1	13.419449
mcp2k	18255	1	392679	0	5.022	0.931	6	378912	0	no-bundle	10	0	1	0	0																		
mcp2k	18255	1	392680	0	5.084	0.987	7	349472	0	cosmic-tagged	5	1	1	0	0																		
mcp2k	18255	1	392693	0	10.508	7.263	12	1219744	0	nu-candidate	10	1	1	1	0	0.951	274.4	6	184.43909	-128.2314	115.14604	1.8585675	-15.0	1.0	0.0	0.7	0.0	778.27783	3.263496	0.0	3.263496	2	3.242991
mcp2k	18255	1	392723	0	5.120	1.142	7	374696	0	cosmic-tagged	11	1	1	0	0																		
mcp2k	18255	1	392746	0	6.145	1.353	7	489036	0	cosmic-tagged	13	1	1	0	0																		
mcp2k	18255	1	392759	0	10.026	6.645	11	1156164	0	nu-candidate	9	1	1	1	0	1.192	123.0	20	-53.69779	-155.19565	83.29725	1.9631896	-15.0	1.0	0.0	0.7	0.0	636.5563	2.9033542	0.0	2.9033542	2	105.725716
mcp2k	18255	1	392891	0	10.098	6.773	11	1195952	0	nu-candidate	13	1	1	1	0	1.576	222.8	4	42.621586	-158.10356	248.62627	3.7111652	-15.0	1.0	0.0	0.7	0.0	659.5346	0.8248896	0.0	0.8248896	1	2.8457794
mcp2k	18255	1	392900	0	8.808	5.098	10	1183796	0	nu-candidate	11	1	1	1	0	1.230	42.3	3	101.66055	-160.62222	148.92775	2.6614997	-15.0	1.0	0.0	0.7	0.0	278.03326	0.0	0.0	0.0	0	3.732454
mcp2k	18255	1	392901	0	13.224	8.939	15	1369580	0	cosmic-tagged	13	1	1	1	0	1.882	42.3	9	-8.090496	162.43127	56.254845	-0.8736806	-15.0	1.0	1.0	0.7	0.0	250.67978	15.508741	0.0	15.508741	6	4.2954874
mcp2k	18255	1	392921	0	19.436	14.512	21	485436	0	cosmic-tagged	7	1	1	0	0																		
mcp2k	18255	1	392988	0	8.991	5.491	11	1174932	0	nu-candidate	12	1	1	1	0	1.960	42.5	6	144.94838	-184.46799	453.76843	2.4412863	-15.0	1.0	0.0	0.7	0.0	399.16232	8.408514	0.0	8.408514	6	0.0
mcp2k	18255	1	393089	0	8.860	5.123	10	1181792	0	nu-candidate	12	1	1	1	0	1.300	18.3	3	-127.926125	113.49943	487.95584	2.298609	-15.0	1.0	0.0	0.7	0.0	285.5348	56.23868	0.0	56.23868	1	1.5190357
mcp2k	18255	1	393098	0	2.800	0.856	4	375140	0	cosmic-tagged	11	1	1	0	0																		
mcp2k	18255	1	393119	0	6.976	6.553	8	1158752	0	nu-candidate	7	1	1	1	0	0.653	174.5	21	-91.99285	128.43152	336.78864	3.0335197	-15.0	1.0	0.0	0.7	0.0	904.4839	3.1778922	0.0	3.1778922	3	31.18866
mcp2k	18255	1	393133	0	7.883	5.026	8	1174116	0	nu-candidate	13	1	1	1	0	0.846	6.8	19	3.5307257	197.55948	349.05957	-1.5979502	-15.0	1.0	0.0	0.7	0.0	88.10009	31.529293	0.0	31.529293	5	15.492395
mcp2k	18255	1	393175	0	3.777	0.614	4	324532	0	nu-candidate	10	1	1	0	0																		
mcp2k	18255	1	393265	0	4.987	1.236	5	418996	0	cosmic-tagged	10	1	1	0	0																		
mcp2k	18255	1	393329	0	3.754	0.580	4	309632	0	no-beam-flash	9	0	0	0	0																		
mcp2k	18255	1	393375	0	5.295	1.171	7	409432	0	no-bundle	11	0	1	0	0																		
mcp2k	18255	1	393485	0	8.868	6.137	9	1232744	0	nu-candidate	13	1	1	1	0	1.823	148.4	0	-104.94893	-91.5884	407.96457	3.9920635	-15.0	1.0	0.0	0.7	0.0	712.5998	0.0	0.0	0.0	0	0.0
mcp2k	18255	1	393505	0	11.653	9.814	13	1255032	0	nu-candidate	13	1	1	1	0	1.085	276.7	12	160.14682	-18.279856	326.14062	2.9144797	-15.0	1.0	1.0	0.7	0.0	574.77515	769.8912	0.0	769.8912	5	6.760455
mcp2k	18255	1	393515	0	4.929	1.310	5	466384	0	cosmic-tagged	11	1	1	0	0																		
mcp2k	18255	1	393538	0	11.764	8.782	12	1191444	0	nu-candidate	6	1	1	1	0	1.462	285.5	8	-168.00409	-73.66718	227.91693	4.580923	-15.0	1.0	0.0	0.7	0.0	1045.7634	3.1452134	0.0	3.1452134	4	2.9498596
mcp2k	18255	1	393581	0	6.377	4.758	7	1108488	0	nu-candidate	6	1	1	1	0	1.940	74.0	10	-12.74881	29.790588	431.9199	2.2348635	-15.0	1.0	0.0	0.7	0.0	315.03397	0.72917503	0.0	0.72917503	1	12.334253
mcp2k	18255	1	393703	0	5.051	0.985	6	405276	0	cosmic-tagged	11	1	1	0	0																		
mcp2k	18255	1	393727	0	10.591	6.992	11	1387824	0	nu-candidate	14	1	1	1	0	1.379	140.5	1	177.00435	-38.811016	8.610358	1.2354468	-15.0	1.0	0.0	0.7	0.0	450.81427	1.6826587	0.0	1.6826587	1	0.0
mcp2k	18255	1	393758	0	9.957	5.376	11	1200892	0	nu-candidate	12	1	1	1	0	0.869	56.0	1	-180.4042	-93.20634	133.8331	3.3880987	-15.0	1.0	0.0	0.7	0.0	370.5033	0.2911172	0.0	0.2911172	1	0.0
mcp2k	18255	1	393791	0	10.488	7.094	12	1253588	0	nu-candidate	9	1	1	1	0	0.859	124.9	10	-32.13319	139.56992	239.25735	2.7656002	-15.0	1.0	0.0	0.7	0.0	665.50415	0.883404	0.0	0.883404	1	10.111145
mcp2k	18255	1	393823	0	7.336	3.777	9	764708	0	cosmic-tagged	11	1	1	1	0	0.691	1.4	0	0.0	0.0	0.0	-1.9416895	-15.0	1.0	0.0	0.7	0.0	0.0	0.0	0.0	0.0	0	0.0
mcp2k	18255	1	393835	0	9.120	6.675	11	1243176	0	nu-candidate	11	1	1	1	0	1.788	210.0	3	-17.998728	-50.969017	295.13794	3.9543388	-15.0	1.0	0.0	0.7	0.0	619.15955	3.2500324	0.0	3.2500324	2	3.1833825
mcp2k	18255	1	393845	0	3.508	0.744	5	327488	0	cosmic-tagged	8	1	1	0	0																		
mcp2k	18255	1	393935	0	9.101	6.922	10	1246552	0	nu-candidate	16	1	1	1	0	1.292	289.2	1	35.78197	-28.195457	209.88385	3.9566293	-15.0	1.0	0.0	0.7	0.0	789.4398	0.0	0.0	0.0	0	4.5246935
mcp2k	18255	1	393967	0	3.865	0.726	5	346672	0	cosmic-tagged	10	1	1	0	0																		
mcp2k	18255	1	394131	0	6.531	3.886	7	778388	0	cosmic-tagged	17	1	1	1	0	1.077	0.8	0	0.0	0.0	0.0	-1.9416895	-15.0	1.0	0.0	0.7	0.0	0.0	0.0	0.0	0.0	0	0.0
mcp2k	18255	1	394154	0	3.709	1.012	4	407304	0	cosmic-tagged	13	1	1	0	0																		
mcp2k	18255	1	394167	0	9.875	6.484	10	1148200	0	nu-candidate	9	1	1	1	0	0.699	54.1	22	169.2597	-59.476593	33.009468	-0.7584121	6.838202	1.0	0.0	0.7	0.0	448.50427	8.520875	0.0	8.520875	7	0.0
mcp2k	18255	1	394175	0	3.723	1.325	4	432120	0	cosmic-tagged	12	1	1	0	0																		
mcp2k	18255	1	394255	0	8.918	5.637	9	1246564	0	nu-candidate	10	1	1	1	0	1.090	6.5	12	161.04967	99.87939	18.089184	-2.8208005	-15.0	1.0	0.0	0.7	0.0	64.530304	3.4241815	0.0	3.4241815	2	29.545368
mcp2k	18255	1	394329	0	3.959	1.512	4	444436	0	cosmic-tagged	12	1	1	0	0																		
mcp2k	18255	1	394363	0	8.448	5.463	9	1217612	0	nu-candidate	13	1	1	1	0	1.164	88.7	6	-95.031296	-115.90519	415.3849	1.8950267	-15.0	1.0	0.0	0.7	0.0	347.16055	2.5817606	0.0	2.5817606	3	1.9036834
mcp2k	18255	1	394375	0	5.715	1.284	6	388640	0	cosmic-tagged	10	1	1	0	0																		
mcp2k	18255	1	394396	0	9.707	6.174	10	1172868	0	nu-candidate	8	1	1	1	0	1.522	170.5	7	-91.59893	26.388784	386.106	3.3918664	-15.0	1.0	0.0	0.7	0.0	531.6529	0.0	0.0	0.0	0	18.793957
mcp2k	18255	1	394407	0	11.178	8.123	12	1286116	0	nu-candidate	12	1	1	1	0	1.592	335.7	11	0.9261801	199.92746	52.364483	-2.7549732	-15.0	1.0	1.0	0.7	0.0	907.86957	604.82495	0.0	604.82495	5	2.3661442
mcp2k	18255	1	394417	0	5.791	0.873	6	366948	0	nu-candidate	11	1	2	0	0																		
mcp2k	18255	1	394463	0	5.651	0.524	6	307328	0	no-beam-flash	12	0	0	0	0																		
mcp2k	18255	1	394475	0	5.711	0.675	6	337180	0	nu-candidate	11	1	1	0	0																		
mcp2k	18255	1	394483	0	5.775	0.968	6	388692	0	cosmic-tagged	6	1	1	0	0																		
mcp2k	18255	1	394605	0	11.265	6.530	13	1173168	0	cosmic-tagged	12	1	1	1	0	1.356	100.8	1	28.108671	-70.43493	366.97647	3.1102736	-15.0	1.0	0.0	0.7	0.0	745.64166	1.1744274	0.0	1.1744274	1	0.0
mcp2k	18255	1	394629	0	7.566	1.180	9	435496	0	nu-candidate	15	1	2	0	0																		
mcp2k	18255	1	394651	0	7.622	1.247	9	437448	0	nu-candidate	13	1	1	0	0																		
mcp2k	18255	1	394660	0	5.138	0.844	7	367012	0	cosmic-tagged	9	1	1	0	0																		
mcp2k	18255	1	394717	0	12.658	8.576	14	1211428	0	cosmic-tagged	8	1	1	1	0	0.552	118.8	23	-114.90755	-53.47737	325.2505	1.9991788	-15.0	1.0	0.0	0.7	0.0	1073.3862	19.607515	0.0	19.607515	8	26.88131
mcp2k	18255	1	394814	0	6.221	0.894	8	366940	0	cosmic-tagged	13	1	1	0	0																		
mcp2k	18255	1	394836	0	7.624	4.827	9	1180552	0	nu-candidate	11	1	2	1	0	1.336	6.6	0	140.63936	189.5808	429.59232	-0.84791625	-15.0	1.0	0.0	0.7	0.0	82.71409	0.0	0.0	0.0	0	0.0
mcp2k	18255	1	394880	0	4.065	1.187	6	415236	0	cosmic-tagged	12	1	1	0	0																		
mcp2k	18255	1	394925	0	6.125	0.883	7	383132	0	cosmic-tagged	16	1	1	0	0																		
mcp2k	18255	1	394957	0	6.174	1.377	7	430720	0	cosmic-tagged	10	1	1	0	0																		
mcp2k	18255	1	394979	0	6.192	0.863	7	376704	0	nu-candidate	10	1	1	0	0																		
mcp2k	18255	1	395003	0	6.200	1.625	7	445564	0	cosmic-tagged	13	1	1	0	0																		
mcp2k	18255	1	395012	0	10.460	5.805	11	1129408	0	nu-candidate	9	1	1	1	0	2.025	55.3	13	-31.899622	102.6269	89.78256	2.2151423	-15.0	1.0	0.0	0.7	0.0	448.49023	9.921329	0.0	9.921329	5	10.565022
mcp2k	18255	1	395033	0	9.232	5.365	11	1186972	0	nu-candidate	11	1	1	1	0	1.206	47.2	3	186.74368	33.296154	155.4656	3.055405	-15.0	1.0	0.0	0.7	0.0	426.50754	0.0	0.0	0.0	0	5.802907
mcp2k	18255	1	395079	0	10.587	7.012	12	1301804	0	nu-candidate	13	1	1	1	0	1.975	208.4	10	38.81447	-21.867912	371.8987	0.027561873	-15.0	1.0	1.0	0.7	0.0	788.4627	3.843562	0.0	3.843562	3	178.16774
mcp2k	18255	1	395089	0	9.054	5.778	10	1241032	0	nu-candidate	15	1	1	1	0	1.332	31.8	12	-193.2804	193.47227	369.8351	1.1023334	-15.0	1.0	0.0	0.7	0.0	741.5833	2.4190762	0.0	2.4190762	2	2.5594223
mcp2k	18255	1	395123	0	8.988	5.632	10	1231032	0	cosmic-tagged	13	1	1	1	0	1.721	22.6	6	-11.857072	-142.88918	108.44032	-1.6631593	-8.524662	1.0	0.0	0.7	0.0	106.269806	3.8089004	0.0	3.8089004	1	5.124889
mcp2k	18255	1	395187	0	6.400	0.803	7	352240	0	cosmic-tagged	8	1	1	0	0																		
mcp2k	18255	1	395209	0	14.224	10.795	15	1253092	0	nu-candidate	8	1	1	1	0	0.998	421.8	1	-173.70148	182.24815	91.6506	6.691851	-15.0	1.0	0.0	0.7	0.0	1348.0167	0.0	0.0	0.0	0	0.21587843
mcp2k	18255	1	395223	0	5.532	1.047	7	411596	0	cosmic-tagged	10	1	1	0	0																		
mcp2k	18255	1	395265	0	5.616	1.158	7	419192	0	cosmic-tagged	11	1	1	0	0																		
mcp2k	18255	1	395277	0	10.455	5.659	11	1209192	0	nu-candidate	15	1	1	1	0	1.002	79.5	11	-147.9901	186.98993	134.22995	0.85792214	-15.0	1.0	1.0	0.7	0.0	328.14798	0.0	0.0	0.0	0	10.54997
mcp2k	18255	1	395289	0	5.293	0.781	6	352100	0	no-beam-flash	16	0	0	0	0																		
mcp2k	18255	1	395298	0	10.485	6.327	11	1238788	0	nu-candidate	11	1	1	1	0	1.762	180.8	8	107.18663	-48.158375	173.66437	0.85598516	-15.0	1.0	0.0	0.7	0.0	829.1663	3.4176016	0.0	3.4176016	2	7.314415
mcp2k	18255	1	395341	0	5.243	0.717	6	334704	0	no-beam-flash	9	0	0	0	0																		
mcp2k	18255	1	395443	0	11.542	6.658	12	1197768	0	nu-candidate	10	1	1	1	0	1.621	101.3	10	124.36186	101.63177	444.14944	1.162377	-15.0	1.0	0.0	0.7	0.0	770.6268	1.099706	0.0	1.099706	1	11.966004
mcp2k	18255	1	395465	0	5.568	1.104	6	394284	0	cosmic-tagged	11	1	1	0	0																		
mcp2k	18255	1	395485	0	10.187	5.490	11	1133808	0	nu-candidate	6	1	1	1	0	0.725	126.1	13	-160.77698	135.65671	324.32648	1.9868672	-15.0	1.0	0.0	0.7	0.0	432.07074	7.7350917	0.0	7.7350917	6	12.214701
mcp2k	18255	1	395562	0	5.193	1.186	7	443196	0	no-bundle	12	0	1	0	0																		
mcp2k	18255	1	395573	0	6.841	5.216	8	1189772	0	nu-candidate	8	1	1	1	0	1.780	15.1	19	136.91649	-137.53374	12.519641	-0.6252198	-15.0	1.0	0.0	0.7	0.0	270.22076	7.976872	0.0	7.976872	6	19.506203
mcp2k	18255	1	395597	0	13.276	10.473	14	1307028	0	nu-candidate	17	1	1	1	0	1.702	276.1	4	48.281437	8.420195	75.24507	-0.6765383	-10.284171	1.0	0.0	0.4855787	0.0	1498.026	1.1837845	0.0	1.1837845	1	41.329296
mcp2k	18255	1	395671	0	5.803	0.706	6	334132	0	cosmic-tagged	9	1	1	0	0																		
mcp2k	18255	1	395695	0	11.994	7.784	13	1204448	0	nu-candidate	11	1	1	1	0	1.074	102.9	14	181.44627	-68.36514	45.45786	3.938583	-15.0	1.0	0.0	0.7	0.0	912.3612	0.0	0.0	0.0	0	67.88728
mcp2k	18255	1	395707	0	4.589	0.737	5	356828	0	cosmic-tagged	7	1	1	0	0																		
mcp2k	18255	1	395717	0	10.567	6.589	11	1258624	0	nu-candidate	13	1	1	1	0	1.762	112.0	2	-88.32785	196.82632	89.59981	-0.9935813	-15.0	0.0	1.0	0.7	0.0	536.70483	1.5285728	0.0	1.5285728	1	0.0
mcp2k	18255	1	395837	0	10.453	5.602	11	1230544	0	nu-candidate	15	1	2	1	0	1.584	132.7	6	-201.37198	135.6052	420.44336	-2.6961253	-15.0	1.0	1.0	0.7	0.0	454.11932	75.895706	0.0	75.895706	1	22.304508
mcp2k	18255	1	395870	0	11.592	7.850	12	1223120	0	nu-candidate	13	1	1	1	0	0.909	297.3	23	67.126396	-89.91029	234.08243	5.3821006	-15.0	1.0	0.0	0.7	0.0	1184.4507	150.9487	0.0	150.9487	13	5.556562
mcp2k	18255	1	395959	0	4.567	0.682	5	334412	0	no-bundle	13	0	1	0	0																		
mcp2k	18255	1	396037	0	9.371	5.342	11	1224436	0	nu-candidate	10	1	1	1	0	0.980	23.7	17	-173.0317	141.70233	483.16864	0.48056206	-15.0	1.0	0.0	0.7	0.0	543.86816	2.638915	0.0	2.638915	2	198.33926
mcp2k	18255	1	396057	0	8.452	5.877	9	1213100	0	nu-candidate	10	1	1	1	0	0.931	58.0	3	117.15091	195.45645	402.70834	2.5884757	-15.0	1.0	0.0	0.7	0.0	501.1324	0.0	0.0	0.0	0	2.904764
mcp2k	18255	1	396090	0	5.496	1.502	6	404024	0	cosmic-tagged	13	1	1	0	0																		
mcp2k	18255	1	396091	0	7.263	6.689	8	1196104	0	nu-candidate	10	1	1	1	0	1.996	130.5	10	142.5636	52.63216	231.03148	3.2881682	-15.0	1.0	0.0	0.7	0.0	685.3012	0.0	0.0	0.0	0	18.717316
mcp2k	18255	1	396157	0	6.778	4.953	7	1188716	0	nu-candidate	11	1	1	1	0	1.582	9.5	3	-69.28591	-184.6205	75.135605	-2.7976358	-15.0	1.0	0.0	0.7	0.0	131.47568	0.0	0.0	0.0	0	4.310809
mcp2k	18255	1	396222	0	58.198	54.035	60	1347528	0	nu-candidate	9	1	1	1	0	1.920	150.1	113	121.7411	-164.39412	312.65475	0.088398084	0.89027405	1.0	0.0	0.7	0.0	3973.6987	123.47589	0.0	123.47589	6	1898.7278
mcp2k	18255	1	396255	0	4.023	0.588	5	323600	0	cosmic-tagged	10	1	1	0	0																		
mcp2k	18255	1	396301	0	5.318	1.788	6	405452	0	cosmic-tagged	9	1	1	0	0																		
mcp2k	18255	1	396323	0	10.581	6.346	11	1169260	0	nu-candidate	8	1	1	1	0	1.298	76.9	5	-59.99793	152.7389	418.33356	1.3957373	-15.0	1.0	0.0	0.7	0.0	584.922	130.35199	0.0	130.35199	8	0.0
mcp2k	18255	1	396333	0	4.908	0.694	5	336664	0	no-beam-flash	8	0	0	0	0																		
mcp2k	18255	1	396355	0	10.773	6.611	11	1281364	0	nu-candidate	15	1	1	1	0	0.768	109.1	7	-144.03693	-142.8506	462.6956	2.9176793	-15.0	1.0	0.0	0.7	0.0	597.74426	6.6928644	0.0	6.6928644	4	5.3022957
mcp2k	18255	1	396397	0	5.020	0.735	6	352060	0	no-bundle	13	0	1	0	0																		
mcp2k	18255	1	396411	0	5.079	0.762	6	353508	0	no-bundle	13	0	1	0	0																		
mcp2k	18255	1	396420	0	9.057	5.860	10	1174904	0	nu-candidate	8	1	1	1	0	1.826	73.4	11	-114.192696	160.1636	458.149	3.7955005	-15.0	1.0	0.0	0.7	0.0	448.80594	7.3268633	0.0	7.3268633	6	24.04233
mcp2k	18255	1	396521	0	6.311	4.758	7	1138412	0	nu-candidate	10	1	1	1	0	1.373	4.3	11	-159.22139	95.857635	329.4052	-0.8008111	-15.0	1.0	0.0	0.7	0.0	57.151184	0.0	0.0	0.0	0	18.173033
mcp2k	18255	1	396551	0	9.195	6.482	10	1224664	0	nu-candidate	15	1	1	1	0	0.548	168.7	7	-179.15515	106.9006	151.72545	0.8263325	-15.0	1.0	0.0	0.7	0.0	890.0006	0.0	0.0	0.0	0	6.03681
mcp2k	18255	1	396596	0	4.977	3.363	6	727248	0	cosmic-tagged	8	1	1	1	0	1.531	2.2	0	0.0	0.0	0.0	-1.9416895	-15.0	1.0	0.0	0.7	0.0	0.0	0.0	0.0	0.0	0	0.0
mcp2k	18255	1	396607	0	6.445	0.922	8	388132	0	nu-candidate	13	1	1	0	0																		
mcp2k	18255	1	396661	0	6.375	0.908	8	376928	0	no-bundle	16	0	1	0	0																		
mcp2k	18255	1	396663	0	6.619	1.789	8	457336	0	cosmic-tagged	16	1	1	0	0																		
mcp2k	18255	1	396705	0	5.290	0.809	7	357996	0	cosmic-tagged	14	1	1	0	0																		
mcp2k	18255	1	396761	0	10.628	6.838	12	1279280	0	nu-candidate	13	1	1	1	0	1.466	154.8	2	-56.76389	54.358963	379.4008	2.8222222	-15.0	1.0	0.0	0.7	0.0	479.96625	0.0	0.0	0.0	0	1.6888844
mcp2k	18255	1	396805	0	9.285	5.496	11	1172324	0	nu-candidate	10	1	1	1	0	0.729	49.9	0	188.59344	172.5093	255.88719	3.151099	-15.0	1.0	0.0	0.7	0.0	641.94794	0.0	0.0	0.0	0	0.0
mcp2k	18255	1	396816	0	10.235	5.620	11	1203760	0	nu-candidate	11	1	1	1	0	0.714	18.4	17	-83.895134	-60.622414	4.9285145	-0.9209629	-15.0	1.0	0.0	0.7	0.0	202.38779	126.39129	0.0	126.39129	3	18.808134
mcp2k	18255	1	396829	0	11.379	6.742	12	1204964	0	nu-candidate	13	1	1	1	0	1.585	120.9	18	136.38065	199.35666	233.15323	-2.0311198	-15.0	1.0	1.0	0.7	0.0	556.8249	6.8276644	0.0	6.8276644	4	145.02028
mcp2k	18255	1	396861	0	6.321	0.898	7	359992	0	cosmic-tagged	15	1	1	0	0																		
mcp2k	18255	1	396882	0	8.937	5.307	10	1162520	0	nu-candidate	8	1	1	1	0	1.638	57.7	3	22.70333	2.9298935	442.64713	1.2067317	-15.0	1.0	1.0	0.7	0.0	277.28314	1.9917642	0.0	1.9917642	1	9.28303
mcp2k	18255	1	396904	0	3.929	0.647	4	325560	0	no-beam-flash	6	0	0	0	0																		
mcp2k	18255	1	396927	0	8.622	5.849	9	1168236	0	nu-candidate	12	1	1	1	0	1.015	49.2	11	-13.006619	109.289505	478.37756	1.2689075	-15.0	1.0	0.0	0.7	0.0	748.1411	1.4445981	0.0	1.4445981	1	139.08717
mcp2k	18255	1	396949	0	8.749	6.343	9	1248104	0	nu-candidate	18	1	1	1	0	1.639	118.7	2	-47.943653	-89.12459	377.17426	2.1153693	-15.0	1.0	0.0	0.7	0.0	769.1913	0.9245041	0.0	0.9245041	1	1.4772748
mcp2k	18255	1	396971	0	7.859	5.763	9	1235320	0	nu-candidate	9	1	1	1	0	1.686	37.3	15	-122.274635	97.54511	226.52647	-0.9065147	-15.0	1.0	0.0	0.7	0.0	501.66025	5.3329363	0.0	5.3329363	4	115.70216
mcp2k	18255	1	396981	0	6.187	0.925	7	386388	0	no-beam-flash	11	0	0	0	0																		
mcp2k	18255	1	397005	0	10.374	6.497	11	1222248	0	nu-candidate	14	1	1	1	0	0.747	100.2	5	-65.96967	-89.56021	306.27527	3.0946145	-15.0	1.0	0.0	0.7	0.0	556.5126	62.968346	59.879604	3.0887425	4	6.273383
mcp2k	18255	1	397025	0	6.191	1.042	7	420228	0	cosmic-tagged	14	1	1	0	0																		
mcp2k	18255	1	397081	0	6.177	0.917	7	376352	0	cosmic-tagged	9	1	1	0	0																		
mcp2k	18255	1	397103	0	9.272	5.621	10	1240940	0	nu-candidate	12	1	1	1	0	0.866	40.1	8	99.808846	-176.73244	66.82972	2.6457725	-15.0	1.0	0.0	0.7	0.0	432.68613	0.0	0.0	0.0	0	29.557518
mcp2k	18255	1	397167	0	4.878	1.137	6	431984	0	cosmic-tagged	14	1	1	0	0																		
mcp2k	18255	1	397179	0	4.523	0.984	5	389804	0	cosmic-tagged	19	1	1	0	0																		
mcp2k	18255	1	397190	0	10.080	6.475	11	1222288	0	nu-candidate	10	1	1	1	0	1.370	165.5	6	-48.410187	-25.877438	346.7722	2.6126094	-15.0	1.0	0.0	0.7	0.0	487.58435	83.21729	60.053986	23.16331	6	1.3933251
mcp2k	18255	1	397311	0	3.944	0.910	4	370164	0	no-bundle	10	0	1	0	0																		
mcp2k	18255	1	397379	0	10.131	6.694	11	1251152	0	nu-candidate	17	1	1	1	0	1.630	150.9	3	55.0838	-95.27005	139.51082	5.0091605	-15.0	1.0	0.0	0.7	0.0	601.0569	0.0	0.0	0.0	0	6.155472
mcp2k	18255	1	397401	0	8.232	7.731	10	1209352	0	nu-candidate	14	1	1	1	0	1.210	158.9	5	8.2333555	-48.21417	224.5956	3.3472629	-15.0	1.0	0.0	0.7	0.0	788.72144	0.0	0.0	0.0	0	16.93338
mcp2k	18255	1	397423	0	6.058	1.289	7	408140	0	cosmic-tagged	11	1	1	0	0																		
mcp2k	18255	1	397476	0	10.930	8.286	12	1250668	0	nu-candidate	14	1	1	1	0	1.097	233.7	9	-35.954308	-42.901722	23.910042	-0.873673	-15.0	1.0	1.0	0.7	0.0	719.7391	488.52527	0.0	488.52527	2	1.5853319
mcp2k	18255	1	397487	0	6.724	4.976	7	1184640	0	nu-candidate	10	2	2	1	0	0.741	7.6	3	-24.43016	192.35486	172.73698	-1.92621	-15.0	1.0	0.0	0.7	0.0	23.756853	4.9366684	0.0	4.9366684	2	2.4835637
mcp2k	18255	1	397498	0	10.925	6.914	12	1278024	0	no-bundle	13	0	1	1	0	0.945	35.5	7	-120.02719	67.1862	134.88467	0.58207965	-15.0	1.0	0.0	0.7	0.0	404.55804	1.6040462	0.0	1.6040462	1	8.264335
mcp2k	18255	1	397542	0	7.869	5.221	9	1216520	0	nu-candidate	14	1	1	1	0	1.878	24.3	3	-98.96072	-176.87334	345.47906	-1.8757229	-15.0	1.0	0.0	0.7	0.0	309.8845	0.73081154	0.0	0.73081154	1	3.236504
mcp2k	18255	1	397599	0	6.802	5.446	8	1243292	0	nu-candidate	14	1	1	1	0	1.849	22.4	5	-171.96083	178.91206	483.5508	2.545293	-15.0	1.0	0.0	0.7	0.0	265.00848	7.6729245	0.0	7.6729245	1	3.1255217
mcp2k	18255	1	397621	0	4.699	1.222	6	414616	0	cosmic-tagged	15	1	1	0	0																		
mcp2k	18255	1	397630	0	11.009	7.150	12	1162304	0	nu-candidate	10	1	1	1	0	1.350	86.1	14	-178.36656	-65.89221	336.924	1.4199485	-15.0	1.0	0.0	0.7	0.0	647.02765	1.2996011	0.0	1.2996011	1	2.538197
mcp2k	18255	1	397653	0	8.136	5.084	10	1169244	0	nu-candidate	12	1	1	1	0	2.030	7.7	7	-98.77317	169.60594	264.52402	-1.4807031	-15.0	1.0	0.0	0.7	0.0	107.87581	0.0	0.0	0.0	0	6.3611727
mcp2k	18255	1	397685	0	3.624	0.751	5	345924	0	cosmic-tagged	11	1	1	0	0																		
mcp2k	18255	1	397707	0	3.883	0.693	5	320560	0	cosmic-tagged	6	1	1	0	0																		
mcp2k	18255	1	397806	0	3.889	0.980	4	372988	0	cosmic-tagged	10	1	1	0	0																		
mcp2k	18255	1	397861	0	4.277	0.730	5	357052	0	no-bundle	9	0	1	0	0																		
mcp2k	18255	1	397873	0	6.735	1.202	7	428264	0	cosmic-tagged	15	1	1	0	0																		
mcp2k	18255	1	397885	0	6.668	0.935	7	362500	0	cosmic-tagged	11	1	1	0	0																		
mcp2k	18255	1	397905	0	6.564	0.633	7	327288	0	nu-candidate	10	1	1	0	0																		
mcp2k	18255	1	397927	0	10.186	6.162	11	1176800	0	nu-candidate	9	1	1	1	0	0.637	135.7	2	-78.04971	-82.27058	7.382411	3.2839134	-15.0	1.0	0.0	0.7	0.0	614.71344	1.3074467	0.0	1.3074467	1	2.274917
mcp2k	18255	1	397951	0	6.657	0.789	7	356308	0	no-beam-flash	11	0	0	0	0																		
mcp2k	18255	1	398092	0	5.164	0.654	6	328804	0	cosmic-tagged	7	1	1	0	0																		
mcp2k	18255	1	398115	0	5.324	1.392	7	406016	0	cosmic-tagged	9	1	2	0	0																		
mcp2k	18255	1	398125	0	9.027	5.835	11	1196444	0	nu-candidate	9	1	1	1	0	0.757	172.8	6	-96.17072	81.17595	126.76853	2.6197336	-15.0	1.0	0.0	0.7	0.0	533.6068	10.263691	0.0	10.263691	4	2.8785315
mcp2k	18255	1	398181	0	13.310	7.674	15	1190232	0	nu-candidate	10	1	1	1	0	1.505	136.1	10	55.976345	171.06668	344.34232	3.8382566	-15.0	1.0	0.0	0.7	0.0	1263.2278	116.29791	114.322586	1.9753256	3	13.314061
mcp2k	18255	1	398191	0	16.613	11.570	18	1328308	0	nu-candidate	16	1	1	1	0	1.329	398.9	5	-120.1426	140.11217	250.23323	4.3665876	-15.0	1.0	0.0	0.7	0.0	1636.8203	2.148942	0.0	2.148942	2	96.67856
mcp2k	18255	1	398225	0	14.286	9.947	15	1210476	0	cosmic-tagged	9	1	1	1	0	0.976	189.2	20	-100.9166	45.54013	5.38919	1.495747	-15.0	1.0	0.0	0.7	0.0	1028.2651	14.45283	0.0	14.45283	8	18.249018
mcp2k	18255	1	398247	0	5.598	0.787	7	351068	0	cosmic-tagged	11	1	1	0	0																		
mcp2k	18255	1	398268	0	11.114	7.035	12	1184160	0	nu-candidate	10	1	1	1	0	1.901	177.3	10	187.88928	-63.52761	380.03836	3.0863655	-14.737105	1.0	0.0	0.7	0.0	758.8605	3.418392	0.0	3.418392	3	15.995231
mcp2k	18255	1	398301	0	4.655	1.176	6	403544	0	cosmic-tagged	14	1	1	0	0																		
mcp2k	18255	1	398313	0	8.036	5.633	10	1192940	0	nu-candidate	10	1	1	1	0	1.621	101.4	9	46.27283	-147.668	403.18213	1.5169156	-15.0	1.0	1.0	0.7	0.0	538.52167	14.277789	0.0	14.277789	8	1.2121829
mcp2k	18255	1	398369	0	3.628	0.704	4	340212	0	no-bundle	9	0	1	0	0																		
mcp2k	18255	1	398567	0	10.800	8.551	11	1242636	0	nu-candidate	11	1	1	1	0	1.048	345.0	3	-8.531674	-74.88118	176.32877	5.6244597	-15.0	1.0	0.0	0.7	0.0	1000.943	1.0656072	0.0	1.0656072	2	1.313904
mcp2k	18255	1	398743	0	5.019	1.034	5	412260	0	no-bundle	13	0	1	0	0																		
mcp2k	18255	1	398775	0	5.081	1.148	6	428820	0	cosmic-tagged	16	1	1	0	0																		
mcp2k	18255	1	398787	0	5.059	1.084	6	423288	0	cosmic-tagged	13	1	1	0	0																		
mcp2k	18255	1	398819	0	8.592	6.168	10	1335980	0	nu-candidate	17	1	1	1	0	1.834	5.2	4	75.60803	-54.03114	123.500565	-1.3902982	-15.0	1.0	0.0	0.7	0.0	158.29771	0.0	0.0	0.0	0	7.7014146
mcp2k	18255	1	398995	0	3.910	0.945	4	393456	0	cosmic-tagged	13	1	1	0	0																		
mcp2k	18255	1	399061	0	6.770	4.957	7	1139700	0	nu-candidate	6	1	1	1	0	1.890	79.2	7	77.14913	-141.29828	66.63433	0.95736593	-15.0	1.0	0.0	0.7	0.0	318.62817	1.5452588	0.0	1.5452588	2	7.5571737
mcp2k	18255	1	399073	0	7.863	4.182	8	807748	0	cosmic-tagged	12	1	1	1	0	0.754	2.5	0	0.0	0.0	0.0	-1.9416895	-15.0	1.0	0.0	0.7	0.0	0.0	0.0	0.0	0.0	0	0.0
mcp2k	18255	1	399139	0	5.221	1.666	6	462460	0	cosmic-tagged	16	1	1	0	0																		
mcp2k	18255	1	399161	0	5.158	1.094	6	399248	0	no-beam-flash	11	0	0	0	0																		
mcp2k	18255	1	399215	0	5.414	1.317	7	440212	0	no-beam-flash	10	0	0	0	0																		
mcp2k	18255	1	399249	0	5.400	1.508	7	453020	0	cosmic-tagged	9	1	1	0	0																		
mcp2k	18255	1	399303	0	10.367	6.701	12	1266920	0	nu-candidate	13	1	1	1	0	0.580	190.8	5	33.154716	147.45354	101.18534	4.616403	-15.0	1.0	0.0	0.7	0.0	940.40924	0.0	0.0	0.0	0	4.021598
mcp2k	18255	1	399315	0	3.844	0.657	4	320132	0	cosmic-tagged	7	1	1	0	0																		
mcp2k	18255	1	399325	0	5.059	0.986	7	395516	0	cosmic-tagged	13	1	1	0	0																		
mcp2k	18255	1	399457	0	4.934	0.999	6	380512	0	cosmic-tagged	13	1	1	0	0																		
mcp2k	18255	1	399525	0	5.029	1.061	7	417268	0	no-bundle	12	0	1	0	0																		
mcp2k	18255	1	399743	0	5.725	1.002	6	400756	0	no-beam-flash	14	0	0	0	0																		
mcp2k	18255	1	399787	0	5.659	0.641	6	325480	0	no-beam-flash	8	0	0	0	0																		
mcp2k	18255	1	399853	0	9.465	5.881	10	1225508	0	nu-candidate	10	1	1	1	0	1.617	134.0	7	-51.554245	-75.967354	434.6236	0.38740528	-15.0	1.0	1.0	0.7	0.0	438.31824	3.1348157	0.0	3.1348157	2	4.564604
mcp2k	18255	1	399899	0	5.928	1.356	7	400812	0	cosmic-tagged	10	1	1	0	0																		
mcp2k	18255	1	399941	0	5.760	1.323	6	465408	0	cosmic-tagged	14	1	1	0	0																		
mcp2k	18255	1	399963	0	5.920	0.933	7	390436	0	nu-candidate	15	1	2	0	0																		
mcp2k	18255	1	400029	0	11.331	8.792	13	1195944	0	nu-candidate	11	1	1	1	0	1.635	206.6	13	35.765087	-136.07193	166.15123	3.6895936	-15.0	1.0	0.0	0.7	0.0	799.951	18.59992	0.0	18.59992	8	1.121262
mcp2k	18255	1	400073	0	4.860	0.880	6	372988	0	cosmic-tagged	11	1	1	0	0																		
mcp2k	18255	1	400117	0	12.689	8.695	14	1276728	0	nu-candidate	12	1	1	1	0	1.648	316.4	2	-82.8782	-8.51167	165.30165	5.458792	-15.0	1.0	0.0	0.7	0.0	1102.9529	0.0	0.0	0.0	0	0.0
mcp2k	18255	1	400185	0	8.751	5.590	10	1151620	0	nu-candidate	10	1	1	1	0	1.402	71.2	23	118.89733	129.62573	25.58001	0.04865993	-15.0	1.0	0.0	0.7	0.0	375.49396	145.03445	0.0	145.03445	2	26.251476
mcp2k	18255	1	400239	0	8.822	6.229	10	1212728	0	nu-candidate	11	1	1	1	0	1.768	183.2	2	-133.41469	-44.28183	330.87628	4.2391796	-15.0	1.0	0.0	0.7	0.0	554.46686	0.0	0.0	0.0	0	1.735402
mcp2k	18255	1	400251	0	8.709	5.244	10	1176592	0	nu-candidate	13	1	1	1	0	0.582	23.0	12	-64.84043	123.30752	70.23304	-0.29215157	-15.0	1.0	0.0	0.7	0.0	457.89856	1.2588582	0.0	1.2588582	1	11.66617
mcp2k	18255	1	400273	0	6.338	4.756	8	1154516	0	nu-candidate	9	2	2	1	0	1.064	2.5	1	116.57998	-127.73563	316.19476	-2.2469792	-15.0	1.0	0.0	0.7	0.0	14.014359	0.0	0.0	0.0	0	1.5837696
mcp2k	18255	1	400349	0	9.157	6.203	11	1377708	0	cosmic-tagged	14	1	1	1	0	0.975	17.5	5	0.0	0.0	0.0	-1.9416895	-15.0	1.0	0.0	0.7	0.0	0.0	0.0	0.0	0.0	0	0.0
mcp2k	18255	1	400427	0	8.767	4.969	10	1187144	0	nu-candidate	8	1	1	1	0	1.834	7.4	17	-57.376877	68.6765	66.92805	-1.560769	-15.0	1.0	0.0	0.7	0.0	164.52544	1.9124345	0.0	1.9124345	2	76.15659
mcp2k	18255	1	400779	0	8.621	5.741	9	1221892	0	nu-candidate	18	1	1	1	0	0.891	88.0	4	100.38661	31.296604	267.77618	1.9824319	-15.0	1.0	0.0	0.7	0.0	367.83502	0.0	0.0	0.0	0	2.6385977
mcp2k	18255	1	401109	0	3.648	1.184	4	446192	0	no-bundle	14	0	2	0	0																		
mcp2k	18255	1	401197	0	8.564	5.286	9	1219244	0	nu-candidate	9	1	2	1	0	1.370	11.1	1	74.32097	-186.58685	384.49792	-2.9584296	-15.0	1.0	0.0	0.7	0.0	126.61217	0.0	0.0	0.0	0	0.0
mcp2k	18255	1	401241	0	7.255	4.890	8	1156300	0	nu-candidate	7	1	1	1	0	1.993	18.4	4	56.646687	199.948	371.7143	-1.2805983	-15.0	1.0	1.0	0.7	0.0	80.269646	89.05043	0.0	89.05043	3	15.815994
mcp2k	18255	1	401351	0	5.082	1.065	7	424368	0	no-bundle	14	0	1	0	0																		
mcp2k	18255	1	401395	0	5.127	1.229	7	452780	0	cosmic-tagged	17	1	1	0	0																		
mcp2k	18255	1	401527	0	4.958	0.858	6	367424	0	nu-candidate	13	1	1	0	0																		
mcp2k	18255	1	401571	0	4.618	0.657	5	328940	0	cosmic-tagged	8	1	1	0	0																		
mcp2k	18255	1	401637	0	5.805	1.493	6	392244	0	cosmic-tagged	7	1	1	0	0																		
mcp2k	18255	1	401703	0	5.831	1.008	6	381668	0	cosmic-tagged	11	1	1	0	0																		
mcp2k	18255	1	401769	0	5.685	0.602	6	316408	0	cosmic-tagged	13	1	1	0	0																		
mcp2k	18255	1	402077	0	8.799	6.295	10	1197236	0	nu-candidate	9	1	1	1	0	0.721	57.7	5	-73.391785	147.52737	277.5805	1.9352596	-5.430166	1.0	0.0	0.7	0.0	478.6015	3.8056762	0.0	3.8056762	3	0.0
mcp2k	18255	1	402209	0	9.752	6.201	11	1212948	0	nu-candidate	10	1	1	1	0	2.003	95.4	9	181.70264	-72.785934	152.47739	3.6614158	-15.0	1.0	0.0	0.7	0.0	780.39685	1.1076604	0.0	1.1076604	1	4.8378687
mcp2k	18255	1	402297	0	12.262	8.469	13	1220592	0	cosmic-tagged	9	1	1	1	0	1.433	229.7	8	-107.08729	8.286606	97.36935	1.7924477	-15.0	1.0	1.0	0.7	0.0	936.084	2.0090039	0.0	2.0090039	3	5.253618
mcp2k	18255	1	402319	0	5.564	0.703	6	329844	0	cosmic-tagged	8	1	1	0	0																		
mcp2k	18255	1	402627	0	5.769	1.101	6	417596	0	no-bundle	13	0	1	0	0																		
mcp2k	18255	1	402649	0	5.656	1.083	6	412748	0	cosmic-tagged	11	1	1	0	0																		
mcp2k	18255	1	402913	0	5.829	1.780	6	453396	0	cosmic-tagged	9	1	1	0	0																		
mcp2k	18255	1	403023	0	8.487	6.255	9	1198528	0	nu-candidate	10	1	1	1	0	1.805	82.9	17	-79.29042	73.1503	423.06662	2.532086	-15.0	1.0	0.0	0.7	0.0	551.83093	1.7946329	0.0	1.7946329	2	11.080996
mcp2k	18255	1	403309	0	10.023	5.374	12	1204724	0	nu-candidate	10	1	1	1	0	0.978	34.4	2	14.205666	-181.54576	467.44913	-0.4296828	-9.623378	1.0	0.0	0.7	0.0	103.19484	1.2845496	0.0	1.2845496	1	0.33460218
mcp2k	18255	1	403375	0	5.016	0.869	6	363948	0	no-beam-flash	14	0	0	0	0																		
mcp2k	18255	1	403397	0	9.990	5.819	11	1174484	0	nu-candidate	8	1	1	1	0	1.970	67.4	9	-47.139194	45.14829	220.89185	4.432117	-15.0	1.0	0.0	0.7	0.0	529.8066	2.3854022	0.0	2.3854022	2	11.249717
mcp2k	18255	1	403419	0	5.008	0.930	6	376084	0	cosmic-tagged	10	1	1	0	0																		
mcp2k	18255	1	403441	0	8.795	5.132	10	1206724	0	nu-candidate	11	1	1	1	0	1.154	1.8	5	142.05493	70.68798	430.27994	-1.5634937	-15.0	1.0	0.0	0.7	0.0	114.95057	0.0	0.0	0.0	0	7.353097
mcp2k	18255	1	403859	0	3.795	0.685	5	335744	0	no-bundle	12	0	1	0	0																		
mcp2k	18255	1	404189	0	8.983	6.533	10	1177920	0	nu-candidate	11	1	1	1	0	1.798	207.7	1	-71.337296	62.334026	193.08737	4.4571266	-15.0	1.0	0.0	0.7	0.0	849.301	0.0	0.0	0.0	0	0.0
mcp2k	18255	1	404299	0	5.089	1.361	7	429396	0	cosmic-tagged	12	1	1	0	0																		
mcp2k	18255	1	404629	0	4.684	0.995	5	409924	0	cosmic-tagged	12	1	1	0	0																		
mcp2k	18255	1	404893	0	5.991	0.992	7	393128	0	no-beam-flash	14	0	0	0	0																		
mcp2k	18255	1	405025	0	4.649	0.970	5	390508	0	cosmic-tagged	9	1	1	0	0																		
mcp2k	18255	1	405201	0	12.590	9.055	14	1248264	0	nu-candidate	17	1	1	1	0	1.911	313.2	13	33.241264	13.792085	72.87956	3.4387827	-15.0	1.0	0.0	0.7	0.0	1256.263	1.3680435	0.0	1.3680435	1	0.0
mcp2k	18255	1	405223	0	5.651	0.572	6	314508	0	nu-candidate	5	1	1	0	0																		
mcp2k	18255	1	405443	0	5.712	0.997	6	397516	0	no-bundle	13	0	1	0	0																		
mcp2k	18255	1	405487	0	5.719	0.913	6	378452	0	cosmic-tagged	12	1	1	0	0																		
mcp2k	18255	1	405707	0	21.298	17.399	23	1357064	0	nu-candidate	14	1	1	1	0	0.837	316.1	6	-20.134653	167.87357	213.37956	4.582163	-13.952424	1.0	0.0	0.7	0.0	1495.1877	1.888244	0.0	1.888244	2	0.0
mcp2k	18255	1	405839	0	5.010	0.835	6	358448	0	no-bundle	11	0	1	0	0																		
mcp2k	18255	1	405927	0	9.848	5.310	11	1218336	0	nu-candidate	14	1	1	1	0	1.628	65.8	6	109.779305	-73.41626	103.785126	1.8789072	-15.0	1.0	0.0	0.7	0.0	296.85876	64.055786	0.0	64.055786	3	0.7623293
mcp2k	18255	1	405971	0	7.434	4.867	9	1174556	0	nu-candidate	15	1	1	1	0	1.138	5.1	1	-170.45172	72.597824	210.53569	-1.5059515	-15.0	1.0	0.0	0.7	0.0	156.5731	0.0	0.0	0.0	0	2.932275
mcp2k	18255	1	406125	0	8.648	7.163	10	1176876	0	nu-candidate	10	1	1	1	0	1.570	89.5	42	-7.9504743	15.911552	28.84401	1.4275984	-15.0	1.0	0.0	0.7	0.0	856.81775	3.6419263	0.0	3.6419263	3	158.04755
mcp2k	18255	1	406147	0	15.333	12.529	17	1227956	0	nu-candidate	14	1	1	1	0	1.932	343.7	16	86.923195	-117.828224	62.997887	4.894985	-15.0	1.0	0.0	0.7	0.0	1264.741	10.051658	0.0	10.051658	5	13.637265
mcp2k	18255	1	406257	0	4.873	0.921	6	381012	0	cosmic-tagged	9	1	1	0	0																		
mcp2k	18255	1	406323	0	4.933	0.967	6	397184	0	no-beam-flash	16	0	0	0	0																		
mcp2k	18255	1	406367	0	7.407	5.876	9	1240840	0	nu-candidate	10	1	1	1	0	1.835	66.3	6	-55.112045	164.73889	251.61623	0.84837705	-15.0	1.0	0.0	0.7	0.0	483.40204	3.1870947	0.0	3.1870947	2	5.120998
mcp2k	18255	1	406631	0	14.066	11.045	16	1251344	0	nu-candidate	12	1	1	1	0	0.992	288.8	10	-166.68405	-14.595052	294.93726	-1.0547245	-15.0	1.0	0.0	0.7	0.0	977.2322	6.970036	0.0	6.970036	5	28.400255
mcp2k	18255	1	407314	0	4.518	0.993	5	402984	0	no-beam-flash	7	0	0	0	0																		
mcp2k	18255	1	407534	0	8.965	5.633	11	1180444	0	nu-candidate	11	1	1	1	0	1.359	69.6	9	186.84106	-80.22264	89.82886	1.9203086	-15.0	1.0	0.0	0.7	0.0	477.10657	6.395622	0.0	6.395622	4	4.3422003
mcp2k	18255	1	407798	0	8.711	7.114	9	1231936	0	cosmic-tagged	16	1	1	1	0	1.506	1.4	0	-2.8221269	111.61907	323.32706	0.7382447	-15.0	1.0	0.0	0.7	0.0	560.73047	146.34381	123.840866	22.502953	8	15.190169
mcp2k	18255	1	407886	0	10.282	6.804	12	1169080	0	nu-candidate	8	1	1	1	0	1.379	119.9	6	36.994812	-19.182993	96.05209	-1.0957775	-15.0	1.0	1.0	-0.58147156	0.0	464.20355	615.85297	429.51743	186.33556	2	15.742008
mcp2k	18255	1	408304	0	8.911	5.653	10	1140676	0	nu-candidate	6	1	1	1	0	2.024	29.4	21	99.67635	-122.174904	185.52002	-0.14814694	-6.9021487	1.0	0.0	0.7	0.0	382.2171	35.602947	12.9073305	22.695616	12	3.0910509
mcp2k	18255	1	408326	0	11.161	7.595	12	1205740	0	nu-candidate	17	1	1	1	0	1.745	211.8	2	66.73702	-99.12275	231.72609	5.2133074	-15.0	1.0	0.0	0.7	0.0	917.7623	1.8410068	0.0	1.8410068	1	1.0184767
mcp2k	18255	1	408348	0	0.832	0.724	1	355068	0	no-beam-flash	12	0	0	0	0																		
mcp2k	18255	1	408414	0	2.497	2.058	3	604068	0	no-beam-flash	16	0	0	0	0																		
mcp2k	18255	1	408678	0	7.003	6.293	8	1175584	0	nu-candidate	11	1	1	1	0	0.820	59.1	27	-170.76186	-14.295777	435.22507	0.4956806	-6.028095	1.0	0.0	0.7	0.0	530.3077	14.880582	0.0	14.880582	5	46.98591
mcp2k	18255	1	409052	0	7.967	5.444	9	1225372	0	nu-candidate	12	1	1	1	0	1.882	164.9	1	190.44492	-112.207825	321.81876	-1.2915916	-15.0	1.0	1.0	0.7	0.0	521.7295	1.910573	0.0	1.910573	1	0.0
mcp2k	18255	1	409118	0	2.933	0.793	3	376388	0	no-beam-flash	13	0	0	0	0																		
mcp2k	18255	1	409140	0	7.801	6.124	8	1209636	0	nu-candidate	11	1	1	1	0	1.052	73.9	9	-75.72931	0.39411226	410.80356	0.45711082	-15.0	1.0	0.0	0.7	0.0	452.07452	11.977282	0.0	11.977282	4	0.0
mcp2k	18255	1	409184	0	4.995	1.089	5	411412	0	cosmic-tagged	13	1	1	0	0																		
mcp2k	18255	1	409250	0	3.805	0.618	4	321912	0	nu-candidate	8	1	1	0	0																		
mcp2k	18255	1	409272	0	5.045	1.086	5	411768	0	no-bundle	8	0	1	0	0																		
mcp2k	18255	1	409514	0	9.063	4.954	10	1123268	0	nu-candidate	6	1	1	1	0	1.877	32.3	6	-35.79739	112.56216	224.67732	-1.8679967	-15.0	1.0	0.0	0.7	0.0	240.3092	8.962092	0.0	8.962092	5	1.0695618
mcp2k	18255	1	409624	0	10.389	7.266	11	1287324	0	nu-candidate	14	2	2	1	0	0.715	48.2	25	-146.068	-56.999325	329.82825	1.3557642	-15.0	1.0	0.0	0.7	0.0	597.46313	0.0	0.0	0.0	0	13.90671
mcp2k	18255	1	409686	0	7.978	1.139	8	421624	0	cosmic-tagged	15	1	1	0	0																		
mcp2k	18255	1	409708	0	5.539	0.830	7	361500	0	cosmic-tagged	9	1	1	0	0																		
mcp2k	18255	1	409862	0	5.641	1.039	7	411788	0	cosmic-tagged	12	1	1	0	0																		
mcp2k	18255	1	409888	0	14.107	10.479	16	1214576	0	nu-candidate	12	1	1	1	0	0.723	348.0	13	-44.1492	-39.622932	126.03096	4.625075	-15.0	1.0	0.0	0.7	0.0	1341.1313	0.0	0.0	0.0	0	4.7996583
mcp2k	18255	1	409906	0	8.800	6.335	9	1159228	0	nu-candidate	9	1	1	1	0	1.847	95.8	17	-18.856768	-68.79455	382.19046	3.01292	-15.0	1.0	0.0	0.7	0.0	832.36523	1.2274855	0.0	1.2274855	1	21.835121
mcp2k	18255	1	410020	0	5.370	1.123	6	430812	0	no-beam-flash	16	0	0	0	0																		
mcp2k	18255	1	410042	0	5.329	1.083	6	424212	0	no-beam-flash	10	0	0	0	0																		
mcp2k	18255	1	410064	0	10.295	4.838	11	1162020	0	nu-candidate	13	1	2	1	0	2.038	2.1	6	-177.85172	170.96088	490.40866	-2.370732	-15.0	1.0	0.0	0.7	0.0	113.6948	0.0	0.0	0.0	0	6.337503
mcp2k	18255	1	410082	0	6.512	0.722	7	339068	0	no-beam-flash	7	0	0	0	0																		
mcp2k	18255	1	410126	0	11.414	5.308	12	1227840	0	nu-candidate	13	1	1	1	0	1.421	46.8	5	-177.71268	146.4963	153.19917	0.60552114	-15.0	1.0	1.0	0.7	0.0	240.7185	4.376537	0.0	4.376537	5	0.0
mcp2k	18255	1	410148	0	5.621	1.048	7	389048	0	cosmic-tagged	7	1	1	0	0																		
mcp2k	18255	1	410328	0	4.577	0.857	6	356664	0	cosmic-tagged	11	1	1	0	0																		
mcp2k	18255	1	410456	0	4.628	0.790	6	356352	0	nu-candidate	11	1	1	0	0																		
mcp2k	18255	1	410566	0	8.602	5.239	10	1163092	0	nu-candidate	8	1	1	1	0	1.348	41.3	7	-4.0622215	-94.25282	90.62965	1.2405248	-15.0	1.0	0.0	0.7	0.0	457.08838	1.1044401	0.0	1.1044401	1	8.180464
mcp2k	18255	1	410658	0	4.920	0.897	6	360160	0	cosmic-tagged	11	1	1	0	0																		
mcp2k	18255	1	410680	0	12.473	8.067	14	1171176	0	nu-candidate	9	1	1	1	0	1.489	147.1	8	-80.7251	13.985217	10.152579	2.4070413	-15.0	1.0	0.0	0.7	0.0	1084.2429	0.0	0.0	0.0	0	36.952076
mcp2k	18255	1	410698	0	12.624	8.183	14	1302176	0	nu-candidate	16	2	2	1	0	1.815	35.8	25	179.89122	42.883705	184.37416	3.5077765	-15.0	1.0	0.0	0.7	0.0	496.5462	0.0	0.0	0.0	0	4.75922
mcp2k	18255	1	410764	0	6.059	1.436	8	448160	0	cosmic-tagged	21	1	1	0	0																		
mcp2k	18255	1	410768	0	7.373	5.056	8	1172752	0	nu-candidate	10	1	1	1	0	0.778	13.9	5	-23.381878	23.993372	265.83542	-3.26979	-15.0	1.0	0.0	0.7	0.0	138.58592	3.7854671	0.0	3.7854671	2	2.513239
mcp2k	18255	1	411006	0	5.989	0.948	8	386476	0	no-bundle	10	0	1	0	0																		
mcp2k	18255	1	411010	0	7.353	4.744	8	1128724	0	nu-candidate	8	1	1	1	0	1.691	5.4	2	-196.90128	43.622517	124.377594	-2.19948	-15.0	1.0	0.0	0.7	0.0	23.886934	0.0	0.0	0.0	0	14.240339
mcp2k	18255	1	411032	0	5.974	1.391	6	470288	0	no-beam-flash	14	0	0	0	0																		
mcp2k	18255	1	411142	0	5.900	1.460	6	441728	0	cosmic-tagged	12	1	1	0	0																		
mcp2k	18255	1	411402	0	5.666	0.650	6	333432	0	nu-candidate	6	1	1	0	0																		
mcp2k	18255	1	411450	0	5.031	0.859	6	365124	0	cosmic-tagged	11	1	1	0	0																		
mcp2k	18255	1	411556	0	6.246	1.357	8	438676	0	no-beam-flash	13	0	0	0	0																		
mcp2k	18255	1	411802	0	4.861	0.594	6	309900	0	cosmic-tagged	10	1	1	0	0																		
mcp2k	18255	1	411864	0	4.776	0.973	5	394772	0	cosmic-tagged	11	1	1	0	0																		
mcp2k	18255	1	411886	0	4.899	0.864	6	382956	0	nu-candidate	12	1	1	0	0																		
mcp2k	18255	1	411996	0	6.013	1.323	7	481400	0	cosmic-tagged	11	1	1	0	0																		
mcp2k	18255	1	412062	0	8.198	4.057	9	1139552	0	nu-candidate	7	1	1	1	0	0.928	3.3	1	193.00798	-19.828045	340.87976	-1.539388	-15.0	1.0	0.0	0.7	0.0	44.2144	1.6335176	0.0	1.6335176	1	0.0
mcp2k	18255	1	412088	0	5.641	1.200	6	399024	0	cosmic-tagged	12	1	1	0	0																		
mcp2k	18255	1	412194	0	5.600	0.936	6	364076	0	cosmic-tagged	13	1	1	0	0																		
mcp2k	18255	1	412238	0	5.812	0.946	7	387636	0	cosmic-tagged	15	1	1	0	0																		
mcp2k	18255	1	412242	0	11.847	8.572	12	1201304	0	nu-candidate	12	1	1	1	0	1.455	93.2	39	185.55334	84.29428	167.78513	2.0137784	-15.0	1.0	0.0	0.7	0.0	1143.5194	11.822258	0.0	11.822258	6	591.17255
mcp2k	18255	1	412308	0	5.647	0.927	6	366364	0	no-bundle	10	0	1	0	0																		
mcp2k	18255	1	412326	0	8.437	4.818	10	1137692	0	nu-candidate	7	1	1	1	0	1.109	36.9	12	-168.54372	70.00464	479.0091	-0.061666325	-15.0	1.0	0.0	0.7	0.0	325.7924	1.1983126	0.0	1.1983126	1	99.59846
mcp2k	18255	1	412396	0	12.285	7.886	14	1307200	0	nu-candidate	16	1	1	1	0	0.510	134.6	4	-81.92135	-131.44382	73.43256	3.2694461	-15.0	1.0	0.0	0.7	0.0	502.25098	268.0133	267.1676	0.8456927	2	2.5401664
mcp2k	18255	1	412436	0	4.813	0.600	6	314312	0	cosmic-tagged	8	1	1	0	0																		
mcp2k	18255	1	412480	0	4.893	0.849	6	369584	0	no-bundle	9	0	1	0	0																		
mcp2k	18255	1	412612	0	8.428	5.702	10	1175116	0	nu-candidate	7	1	1	1	0	1.764	147.7	1	-0.6142748	-198.71489	304.69263	-3.4484506	-15.0	1.0	1.0	0.7	0.0	473.7035	0.0	0.0	0.0	0	0.0
mcp2k	18255	1	412638	0	9.839	7.004	11	1267056	0	nu-candidate	17	1	1	1	0	1.946	259.2	7	20.777908	-62.676365	42.37208	5.634374	-15.0	1.0	1.0	0.7	0.0	798.05975	0.0	0.0	0.0	0	25.1378
mcp2k	18255	1	412858	0	4.765	0.843	6	378728	0	cosmic-tagged	12	1	1	0	0																		
mcp2k	18255	1	413030	0	4.890	1.305	6	468852	0	no-beam-flash	12	0	0	0	0																		
mcp2k	18255	1	413228	0	6.169	2.075	8	506160	0	cosmic-tagged	12	1	1	0	0																		
mcp2k	18255	1	413496	0	5.924	1.054	7	410028	0	no-beam-flash	11	0	0	0	0																		
mcp2k	18255	1	413540	0	5.717	1.369	6	422200	0	cosmic-tagged	15	1	1	0	0																		
mcp2k	18255	1	413580	0	6.126	1.379	8	447200	0	cosmic-tagged	9	1	1	0	0																		
mcp2k	18255	1	413602	0	6.073	1.071	8	416816	0	no-beam-flash	12	0	0	0	0																		
mcp2k	18255	1	413628	0	5.777	0.916	6	378088	0	nu-candidate	12	1	1	0	0																		
mcp2k	18255	1	413690	0	5.761	0.975	6	401820	0	no-bundle	14	0	1	0	0																		
mcp2k	18255	1	413910	0	5.828	1.284	6	427004	0	cosmic-tagged	9	1	1	0	0																		
mcp2k	18255	1	413976	0	5.914	0.956	7	384848	0	nu-candidate	12	1	1	0	0																		
mcp2k	18255	1	414002	0	4.951	1.024	6	398484	0	no-bundle	13	0	1	0	0																		
mcp2k	18255	1	414024	0	8.309	6.040	10	1180724	0	nu-candidate	11	1	1	1	0	1.245	156.7	9	2.2321172	-188.3365	87.05678	3.3353188	-15.0	1.0	0.0	0.7	0.0	892.2557	8.753012	0.0	8.753012	5	407.4426
mcp2k	18255	1	414200	0	9.355	6.118	10	1195096	0	nu-candidate	8	1	1	1	0	0.880	185.5	1	-75.258606	-94.79305	377.89523	3.9174688	-15.0	1.0	0.0	0.7	0.0	909.6889	1.5115122	0.0	1.5115122	1	0.0
mcp2k	18255	1	414240	0	10.154	7.673	12	1268828	0	nu-candidate	13	1	1	1	0	1.949	306.8	3	8.342851	100.08511	220.21188	3.485281	-15.0	1.0	0.0	0.7	0.0	1100.0204	1.6378	0.0	1.6378	1	2.8994048
mcp2k	18255	1	414288	0	8.521	5.138	10	1228332	0	nu-candidate	12	1	1	1	0	1.664	15.3	0	-191.42975	165.69331	97.86211	-1.8594478	-15.0	1.0	0.0	0.7	0.0	256.03528	0.0	0.0	0.0	0	0.0
mcp2k	18255	1	414306	0	8.310	5.776	9	1168044	0	nu-candidate	10	1	1	1	0	0.776	217.4	1	-127.12557	-19.960617	49.428482	0.8492574	-15.0	1.0	1.0	0.7	0.0	674.6388	0.6381174	0.0	0.6381174	1	0.0
mcp2k	18255	1	414372	0	6.941	5.159	8	1161280	0	nu-candidate	9	1	1	1	0	1.085	43.2	3	-116.565926	192.032	292.50388	-1.6256418	-15.0	1.0	1.0	0.7	0.0	415.61554	89.8543	0.0	89.8543	2	1.6952518
mcp2k	18255	1	414416	0	5.644	0.731	6	344596	0	cosmic-tagged	10	1	1	0	0																		
mcp2k	18255	1	414442	0	10.242	6.379	12	1252012	0	cosmic-tagged	13	1	1	1	0	1.896	112.0	4	174.9462	-158.18748	0.033753857	-2.5182862	-15.0	1.0	1.0	-0.043015283	0.0	428.60175	46.726654	46.726654	0.0	1	2.2042668
mcp2k	18255	1	414460	0	5.901	0.809	7	355756	0	nu-candidate	14	1	1	0	0																		
mcp2k	18255	1	414552	0	8.907	5.025	10	1183464	0	nu-candidate	16	1	1	1	0	0.803	1.7	3	107.30397	-144.69525	389.33502	-1.1940416	-15.0	1.0	0.0	0.7	0.0	106.938896	4.236819	0.0	4.236819	2	0.0
mcp2k	18255	1	414592	0	4.875	0.987	6	384856	0	cosmic-tagged	10	1	1	0	0																		
mcp2k	18255	1	414636	0	4.929	0.941	6	381980	0	no-beam-flash	10	0	0	0	0																		
mcp2k	18255	1	414684	0	12.684	8.164	14	614020	0	cosmic-tagged	7	1	1	0	0																		
mcp2k	18255	1	414834	0	6.028	1.732	7	448408	0	cosmic-tagged	16	2	2	0	0																		
mcp2k	18255	1	415054	0	4.675	0.821	5	356360	0	no-beam-flash	10	0	0	0	0																		
mcp2k	18255	1	415186	0	10.085	6.289	11	1288332	0	nu-candidate	14	1	1	1	0	1.211	85.3	9	-134.25237	73.73834	201.78693	3.430539	-15.0	1.0	0.0	0.7	0.0	573.9492	1.4271307	0.0	1.4271307	1	12.808855
mcp2k	18255	1	415212	0	3.637	0.991	4	394668	0	nu-candidate	10	1	1	0	0																		
mcp2k	18255	1	415256	0	4.834	0.834	5	346084	0	cosmic-tagged	9	1	1	0	0																		
mcp2k	18255	1	415278	0	39.821	36.225	40	1381572	0	cosmic-tagged	12	1	1	1	0	1.741	80.7	62	65.3133	12.353905	158.28802	0.12083049	-3.1178389	1.0	0.0	0.7	0.0	2684.8894	166.22647	0.0	166.22647	6	1291.1359
mcp2k	18255	1	415564	0	9.797	6.275	10	1188784	0	nu-candidate	13	1	1	1	0	0.627	126.3	3	3.2248335	124.96117	324.07156	2.8588357	-15.0	1.0	1.0	0.7	0.0	502.68835	1.4010098	0.0	1.4010098	1	38.25948
mcp2k	18255	1	415890	0	4.818	0.799	5	340932	0	cosmic-tagged	11	1	1	0	0																		
mcp2k	18255	1	415912	0	6.081	1.139	7	411348	0	cosmic-tagged	11	1	1	0	0																		
mcp2k	18255	1	415956	0	5.029	1.327	6	458604	0	cosmic-tagged	14	1	1	0	0																		
mcp2k	18255	1	416418	0	5.970	0.906	7	376280	0	nu-candidate	12	1	1	0	0																		
mcp2k	18255	1	417100	0	9.868	6.089	11	1277480	0	nu-candidate	16	1	1	1	0	1.200	156.7	1	-119.64432	-27.62805	348.03503	3.0238316	-15.0	1.0	0.0	0.7	0.0	501.19	1.3535326	0.0	1.3535326	1	0.0
mcp2k	18255	1	417298	0	6.050	1.332	8	463724	0	cosmic-tagged	12	1	1	0	0																		
mcp2k	18255	1	417496	0	8.666	5.108	10	1168808	0	nu-candidate	13	1	1	1	0	1.604	29.4	6	-166.22786	-87.2635	458.81384	-2.7740037	-15.0	1.0	0.0	0.7	0.0	231.7785	1.8770983	0.0	1.8770983	2	9.56761
mcp2k	18255	1	417584	0	5.834	1.223	6	436396	0	cosmic-tagged	10	1	1	0	0																		
mcp2k	18255	1	417782	0	7.246	4.699	9	1149580	0	nu-candidate	11	1	1	1	0	1.382	12.7	8	34.867077	111.2251	39.160133	-1.5063794	-15.0	1.0	1.0	0.7	0.0	162.10254	9.410342	0.0	9.410342	7	4.8979397
mcp2k	18255	1	473358	0	8.911	6.029	10	1301288	0	nu-candidate	16	2	2	1	0	1.624	27.2	1	35.879055	-95.83889	33.10544	-1.16907	-15.0	1.0	0.0	0.7	0.0	244.32397	0.0	0.0	0.0	0	0.0
mcp2k	18255	1	473446	0	6.113	0.873	8	373132	0	cosmic-tagged	12	1	1	0	0																		
mcp2k	18255	1	473644	0	5.862	0.888	6	361836	0	no-bundle	14	0	1	0	0																		
mcp2k	18255	1	473776	0	5.958	1.273	6	431256	0	cosmic-tagged	13	1	1	0	0																		
mcp2k	18255	1	473886	0	7.434	5.259	8	1215484	0	nu-candidate	11	1	1	1	0	1.260	6.7	0	-169.32457	2.8781292	405.59558	-1.0308582	-15.0	1.0	0.0	0.7	0.0	77.99471	0.0	0.0	0.0	0	0.0
mcp2k	18255	1	473952	0	8.983	6.613	11	1286108	0	nu-candidate	16	1	1	1	0	1.657	149.0	13	-96.43484	104.0532	357.588	1.3211752	-15.0	1.0	0.0	0.7	0.0	608.3686	4.2900786	0.0	4.2900786	3	6.0356503
mcp2k	18255	1	474260	0	3.799	0.759	5	359684	0	no-beam-flash	12	0	0	0	0																		
mcp2k	18255	1	474370	0	8.609	5.084	10	1124248	0	nu-candidate	8	1	1	1	0	1.398	118.2	14	-1.8383104	98.32876	131.27625	2.3752499	-15.0	1.0	0.0	0.7	0.0	406.95178	3.3552203	0.0	3.3552203	3	6.8831325
mcp2k	18255	1	474568	0	4.837	0.738	5	347548	0	no-beam-flash	11	0	0	0	0																		
mcp2k	18255	1	474612	0	8.480	5.040	9	1199320	0	nu-candidate	8	1	1	1	0	0.663	22.9	2	76.07171	199.80328	264.39322	-2.1328878	-2.5510972	1.0	1.0	0.7	0.0	90.63759	0.0	0.0	0.0	0	0.0
mcp2k	18255	1	474678	0	9.691	6.996	10	1245332	0	nu-candidate	12	1	2	1	0	1.987	93.0	8	-11.656777	190.65233	40.713	-0.2211676	-15.0	1.0	0.0	0.7	0.0	803.6415	337.42615	0.0	337.42615	2	9.078092
mcp2k	18255	1	474700	0	4.881	0.823	6	366264	0	nu-candidate	12	1	1	0	0																		
mcp2k	18255	1	474722	0	4.591	1.130	5	399356	0	cosmic-tagged	10	1	1	0	0																		
mcp2k	18255	1	474832	0	5.754	0.796	6	351788	0	cosmic-tagged	6	1	1	0	0																		
mcp2k	18255	1	475096	0	11.134	5.879	12	1212716	0	nu-candidate	13	1	1	1	0	0.961	24.8	10	-190.55414	98.50353	33.77208	-0.28034687	-15.0	1.0	0.0	0.7	0.0	228.5256	9.708959	0.0	9.708959	4	0.0
mcp2k	18255	1	475140	0	11.109	6.030	12	1210956	0	nu-candidate	11	1	1	1	0	0.898	138.5	1	-177.37463	-71.84372	369.06497	2.2607124	-15.0	1.0	0.0	0.7	0.0	456.1084	0.0	0.0	0.0	0	0.85953933
mcp2k	18255	1	475250	0	5.742	0.691	6	328708	0	no-bundle	8	0	1	0	0																		
mcp2k	18255	1	475712	0	11.150	6.214	12	1259152	0	nu-candidate	13	1	1	1	0	1.307	49.5	6	-151.0191	-172.12207	5.141538	1.371255	-15.0	1.0	0.0	0.7	0.0	469.2754	0.56190234	0.0	0.56190234	1	6.545969
mcp2k	18255	1	475756	0	5.732	0.663	6	326016	0	nu-candidate	6	1	1	0	0																		
mcp2k	18255	1	475778	0	8.779	5.162	10	1188152	0	nu-candidate	11	1	1	1	0	1.055	20.5	5	-1.3518088	-86.10083	32.743557	-0.9383376	-10.144001	1.0	0.0	0.7	0.0	142.04059	0.6421696	0.0	0.6421696	1	7.1791162
mcp2k	18255	1	475932	0	3.750	1.143	5	441352	0	nu-candidate	15	1	1	0	0																		
mcp2k	18255	1	476262	0	3.941	0.882	5	367944	0	cosmic-tagged	9	1	1	0	0																		
mcp2k	18255	1	476284	0	3.972	0.810	5	366352	0	no-beam-flash	11	0	0	0	0																		
mcp2k	18255	1	476416	0	4.948	0.770	6	358204	0	nu-candidate	10	1	1	0	0																		
mcp2k	18255	1	476460	0	3.969	0.837	5	371224	0	no-beam-flash	11	0	0	0	0																		
mcp2k	18255	1	476724	0	4.985	0.838	6	371204	0	cosmic-tagged	11	1	1	0	0																		
mcp2k	18255	1	476900	0	6.236	0.670	7	335768	0	no-beam-flash	8	0	0	0	0																		
mcp2k	18255	1	476966	0	10.233	5.308	12	1209188	0	nu-candidate	11	1	1	1	0	1.737	7.4	5	16.427948	127.85435	73.21135	-1.6451005	-15.0	1.0	0.0	0.7	0.0	110.53487	0.0	0.0	0.0	0	4.4328184
mcp2k	18255	1	477098	0	4.763	0.745	6	348008	0	cosmic-tagged	11	1	1	0	0																		
mcp2k	18255	1	477142	0	9.030	5.515	10	1173820	0	nu-candidate	14	1	1	1	0	1.071	68.3	6	129.41066	37.44026	349.5927	2.2398846	-15.0	1.0	0.0	0.7	0.0	634.91327	3.0333865	0.0	3.0333865	2	165.44865
mcp2k	18255	1	477868	0	7.249	0.806	8	324472	0	cosmic-tagged	9	1	1	0	0																		
mcp2k	18255	1	478088	0	11.563	6.801	12	1339740	0	nu-candidate	15	1	1	1	0	1.506	140.9	4	-153.0321	20.203873	404.3983	4.239068	-15.0	1.0	0.0	0.7	0.0	717.4718	0.7578148	0.0	0.7578148	1	1.6290188
mcp2k	18255	1	478220	0	9.333	7.079	11	1225116	0	nu-candidate	13	1	1	1	0	1.913	263.8	15	60.897568	-85.23063	160.4433	3.134961	-15.0	1.0	0.0	0.7	0.0	799.5502	256.53714	0.0	256.53714	5	20.32463
mcp2k	18255	1	478374	0	6.818	5.515	8	1191256	0	nu-candidate	10	1	1	1	0	1.068	72.3	3	134.88257	142.2072	387.95312	2.6136467	-15.0	1.0	0.0	0.7	0.0	385.9289	3.5683525	0.0	3.5683525	2	4.9148064
mcp2k	18255	1	478594	0	6.687	5.122	8	1178388	0	nu-candidate	11	1	1	1	0	0.680	20.4	2	171.8739	-155.55826	107.74263	-1.4743719	-15.0	1.0	0.0	0.7	0.0	277.65585	0.0	0.0	0.0	0	0.5285318
mcp2k	18255	1	478638	0	10.245	6.068	11	1156744	0	nu-candidate	7	1	1	1	0	1.302	161.7	5	35.133957	-166.58957	109.76942	1.0844628	-15.0	1.0	0.0	0.7	0.0	695.2218	1.3945526	0.0	1.3945526	1	4.6091337
mcp2k	18255	1	478880	0	11.450	7.578	12	1205548	0	nu-candidate	11	1	1	1	0	1.913	143.1	13	-13.751211	-104.16379	133.18068	3.1118672	-15.0	1.0	0.0	0.7	0.0	1198.2787	5.652565	0.0	5.652565	3	36.12613
mcp2k	18255	1	478902	0	5.036	0.747	6	356376	0	nu-candidate	12	1	1	0	0																		
mcp2k	18255	1	479166	0	5.210	1.082	6	419404	0	no-bundle	13	0	1	0	0																		
mcp2k	18255	1	479188	0	4.947	0.675	5	329716	0	cosmic-tagged	8	1	2	0	0																		
mcp2k	18255	1	479650	0	10.371	6.179	11	1230284	0	nu-candidate	10	1	1	1	0	0.692	27.7	31	68.29834	167.7885	450.1477	0.22912982	-15.0	1.0	0.0	0.7	0.0	622.95935	2.6446447	0.0	2.6446447	2	119.40951
mcp2k	18255	1	480002	0	9.091	5.969	10	1280912	0	cosmic-tagged	15	1	1	1	0	1.344	22.0	6	0.0	0.0	0.0	-1.9416895	-15.0	1.0	0.0	0.7	0.0	0.0	0.0	0.0	0.0	0	0.0
mcp2k	18255	1	480068	0	4.118	1.535	6	510596	0	cosmic-tagged	13	1	1	0	0																		
mcp2k	18255	1	480112	0	2.475	0.721	3	344988	0	no-bundle	6	0	1	0	0																		
mcp2k	18255	1	480222	0	4.825	0.906	5	386948	0	no-bundle	18	0	1	0	0																		
mcp2k	18255	1	480728	0	8.518	4.936	9	1142432	0	nu-candidate	9	1	1	1	0	0.832	36.5	12	-129.03558	-172.1396	20.149172	2.6021388	-15.0	1.0	0.0	0.7	0.0	536.6587	0.54040796	0.0	0.54040796	1	16.383934
mcp2k	18255	1	480772	0	8.954	7.054	10	1174504	0	nu-candidate	11	1	1	1	0	0.990	120.3	9	-8.594912	-168.37898	330.2373	4.7394013	-15.0	1.0	0.0	0.7	0.0	544.5825	4.2104464	0.0	4.2104464	3	6.973832
mcp2k	18255	1	480970	0	8.772	5.371	9	1154960	0	nu-candidate	7	1	1	1	0	1.390	82.9	3	-170.54834	131.24434	450.6132	0.99325293	-15.0	1.0	1.0	0.7	0.0	469.83737	3.8049562	0.0	3.8049562	2	0.68387866
mcp2k	18255	1	481014	0	8.981	5.029	10	1181056	0	cosmic-tagged	12	1	1	1	0	1.074	16.0	6	0.0	0.0	0.0	-1.9416895	-15.0	1.0	0.0	0.7	0.0	0.0	0.0	0.0	0.0	0	0.0
mcp2k	18255	1	481036	0	5.776	0.980	6	396320	0	nu-candidate	13	1	1	0	0																		
mcp2k	18255	1	493417	0	5.733	1.016	6	413308	0	no-beam-flash	11	0	0	0	0																		
mcp2k	18255	1	493439	0	7.777	5.477	8	1243496	0	nu-candidate	16	1	1	1	0	0.989	28.0	1	-0.6251127	-130.47209	193.16399	-0.99504995	-1.4536475	1.0	0.0	0.7	0.0	120.19075	0.0	0.0	0.0	0	0.0
mcp2k	18255	1	493615	0	5.722	0.918	6	380084	0	no-beam-flash	9	0	0	0	0																		
mcp2k	18255	1	493659	0	8.050	5.646	9	1239332	0	nu-candidate	13	1	1	1	0	0.788	71.4	9	-68.12206	-144.65837	456.99115	0.60249054	-15.0	1.0	0.0	0.7	0.0	506.8956	0.0	0.0	0.0	0	0.6050035
mcp2k	18255	1	493681	0	5.718	0.945	6	388212	0	no-bundle	15	0	1	0	0																		
mcp2k	18255	1	493835	0	9.732	4.661	10	1222128	0	nu-candidate	15	1	1	1	0	1.814	45.2	6	-139.77238	-64.38818	430.6098	-2.2912724	-15.0	1.0	0.0	0.7	0.0	209.00832	8.56241	0.0	8.56241	3	6.033516
mcp2k	18255	1	494297	0	10.876	6.193	11	1177872	0	nu-candidate	8	1	1	1	0	0.780	154.9	4	19.773108	62.277306	373.7698	4.5338507	-15.0	1.0	0.0	0.7	0.0	718.7603	1.3662393	0.0	1.3662393	1	5.160935
mcp2k	18255	1	494605	0	4.101	0.705	5	335188	0	no-bundle	11	0	1	0	0																		
mcp2k	18255	1	494649	0	4.738	0.750	5	330756	0	no-bundle	12	0	1	0	0																		
mcp2k	18255	1	494803	0	4.897	1.234	6	417212	0	cosmic-tagged	14	1	1	0	0																		
mcp2k	18255	1	494847	0	9.257	5.938	12	1149824	0	nu-candidate	5	1	1	1	0	1.189	143.2	11	128.00537	159.47661	410.8316	1.7375449	-15.0	1.0	1.0	0.7	0.0	503.67267	5.6661267	0.0	5.6661267	4	3.3723488
mcp2k	18255	1	495199	0	9.224	6.658	11	1163536	0	nu-candidate	13	1	1	1	0	1.702	125.1	4	34.597736	-1.9395165	33.008682	3.6624599	-15.0	1.0	0.0	0.7	0.0	791.60645	1.1435922	0.0	1.1435922	1	1.4001573
mcp2k	18255	1	495551	0	5.112	0.848	6	368408	0	no-beam-flash	12	0	0	0	0																		
mcp2k	18255	1	495859	0	5.193	1.202	7	403288	0	cosmic-tagged	13	1	1	0	0																		
mcp2k	18255	1	495881	0	9.321	6.336	11	1219168	0	nu-candidate	10	1	1	1	0	0.783	59.4	8	-189.42851	179.75609	386.5994	-0.500133	-15.0	1.0	0.0	0.7	0.0	107.023605	291.01062	291.01062	0.0	4	29.826546
mcp2k	18255	1	497311	0	11.762	8.944	12	1281252	0	nu-candidate	10	1	1	1	0	1.594	315.1	6	79.99538	-160.37592	0.63707614	-2.7735426	-15.0	1.0	1.0	0.32736427	0.0	581.6688	1175.6156	0.0	1175.6156	6	0.0
mcp2k	18255	1	497355	0	7.679	6.013	9	1170300	0	nu-candidate	7	1	1	1	0	0.702	126.1	5	127.29088	177.2442	173.71553	3.7336543	-15.0	1.0	0.0	0.7	0.0	457.50992	5.6105614	0.0	5.6105614	4	0.18241614
mcp2k	18255	1	497399	0	8.038	6.126	10	1260568	0	nu-candidate	21	1	1	1	0	1.130	122.4	10	-201.44006	162.2681	95.41956	-2.3945384	-15.0	1.0	1.0	0.7	0.0	501.48248	5.0528784	0.0	5.0528784	3	81.21138
mcp2k	18255	1	497553	0	8.244	5.451	10	1181876	0	nu-candidate	11	1	1	1	0	1.191	39.2	3	-101.436455	53.684967	134.1971	-0.21788749	-15.0	1.0	0.0	0.7	0.0	487.3411	2.583387	0.0	2.583387	3	0.0
mcp2k	18255	1	497575	0	5.325	0.968	7	387700	0	nu-candidate	9	1	2	0	0																		
mcp2k	18255	1	497883	0	11.668	7.799	13	1210528	0	nu-candidate	9	1	1	1	0	1.199	138.9	8	13.634568	-125.79752	434.4458	3.0750148	-15.0	1.0	0.0	0.7	0.0	716.2566	147.43208	145.60832	1.8237544	6	11.016467
mcp2k	18255	1	498543	0	3.988	0.693	5	334408	0	cosmic-tagged	11	1	1	0	0																		
mcp2k	18255	1	498609	0	3.787	0.531	5	308828	0	no-bundle	4	0	1	0	0																		
mcp2k	18255	1	498675	0	5.565	5.087	7	1187424	0	nu-candidate	13	1	1	1	0	0.852	55.2	4	201.22638	157.37064	236.29594	-1.4742633	-15.0	1.0	1.0	0.7	0.0	292.91327	0.0	0.0	0.0	0	1.3986359
mcp2k	18255	1	498851	0	9.144	5.741	10	1179044	0	nu-candidate	7	1	1	1	0	0.981	61.6	8	-187.78206	-82.25688	181.11742	2.4174209	-15.0	1.0	0.0	0.7	0.0	534.4945	5.6563315	0.0	5.6563315	3	4.2248254
mcp2k	18255	1	499115	0	9.155	5.486	10	1256128	0	nu-candidate	16	1	1	1	0	1.520	33.0	5	-185.69783	-98.05131	380.76373	3.188759	-15.0	1.0	0.0	0.7	0.0	312.76602	0.0	0.0	0.0	0	6.5079894
mcp2k	18255	1	499423	0	9.327	5.386	10	1122424	0	nu-candidate	9	1	1	1	0	1.732	24.4	27	-128.92969	-17.443079	422.5566	-0.6591303	-13.4105215	1.0	0.0	0.7	0.0	391.18225	9.589646	0.0	9.589646	4	151.18477
mcp2k	18255	1	499511	0	4.979	0.864	6	365876	0	nu-candidate	15	1	1	0	0																		
mcp2k	18255	1	499577	0	15.586	14.003	17	1355024	0	nu-candidate	9	1	1	1	0	1.368	311.5	19	-14.8973	134.3253	312.5845	3.0253553	-11.406434	1.0	0.0	0.7	0.0	1403.4133	0.6898036	0.0	0.6898036	1	4.6669407
mcp2k	18255	1	500039	0	5.081	1.233	7	450508	0	no-beam-flash	14	0	0	0	0																		
mcp2k	18255	1	500083	0	6.714	5.373	7	1217152	0	nu-candidate	17	1	2	1	0	1.019	28.3	5	-82.02108	22.20868	79.48844	-1.3689493	-7.303245	1.0	0.0	0.7	0.0	185.33817	0.0	0.0	0.0	0	1.105678
mcp2k	18255	1	500149	0	10.401	7.082	11	1287228	0	nu-candidate	13	1	1	1	0	0.847	151.0	2	18.710167	-36.35063	403.9975	4.672512	-15.0	1.0	0.0	0.7	0.0	580.42737	0.5121387	0.0	0.5121387	1	3.7372723
mcp2k	18255	1	500391	0	6.639	1.429	7	488528	0	no-beam-flash	17	0	0	0	0																		
mcp2k	18255	1	500567	0	8.055	5.850	9	1270012	0	nu-candidate	10	1	1	1	0	2.005	31.3	8	63.644928	100.936455	124.763405	1.4236318	-15.0	1.0	1.0	0.7	0.0	239.00423	11.877641	0.0	11.877641	4	9.532838
mcp2k	18255	1	500589	0	6.405	0.713	7	329572	0	cosmic-tagged	9	1	1	0	0																		
mcp2k	18255	1	500655	0	6.650	1.046	8	394380	0	no-beam-flash	9	0	0	0	0																		
mcp2k	18255	1	500677	0	5.280	0.692	7	333492	0	cosmic-tagged	10	1	1	0	0																		
mcp2k	18255	1	501007	0	5.566	0.890	7	370808	0	no-bundle	15	0	1	0	0																		
mcp2k	18255	1	501315	0	3.911	0.702	4	343928	0	no-beam-flash	9	0	0	0	0																		
mcp2k	18255	1	501711	0	7.778	6.527	10	1177592	0	nu-candidate	10	1	1	1	0	1.079	121.8	26	41.817337	188.17279	41.797653	3.117054	-15.0	1.0	0.0	0.7	0.0	696.2961	12.114836	0.0	12.114836	7	31.952745
mcp2k	18255	1	502019	0	10.045	8.785	11	1202420	0	nu-candidate	9	1	1	1	0	0.715	131.3	4	-159.22632	-38.204964	66.39284	0.6937856	-15.0	1.0	0.0	0.7	0.0	723.88904	92.46945	91.334206	1.1352443	2	3.983842
mcp2k	18255	1	502085	0	4.578	0.868	6	373160	0	no-bundle	10	0	1	0	0																		
mcp2k	18255	1	502261	0	3.793	1.046	5	420996	0	cosmic-tagged	13	1	1	0	0																		
mcp2k	18255	1	502283	0	5.018	0.971	7	402576	0	cosmic-tagged	9	1	1	0	0																		
mcp2k	18255	1	502525	0	8.122	5.586	10	1199432	0	nu-candidate	16	1	1	1	0	0.782	45.4	5	27.475449	26.59388	295.03848	1.3634318	-15.0	1.0	0.0	0.7	0.0	375.37473	0.0	0.0	0.0	0	5.018691
mcp2k	18255	1	502701	0	3.790	0.546	5	313636	0	cosmic-tagged	6	1	1	0	0																		
mcp2k	18255	1	502833	0	4.827	0.740	5	358344	0	no-bundle	8	0	1	0	0																		
mcp2k	18255	1	502877	0	4.780	0.707	5	349780	0	no-beam-flash	11	0	0	0	0																		
mcp2k	18255	1	502921	0	8.226	5.575	9	1199748	0	nu-candidate	12	1	1	1	0	1.229	60.7	23	145.65945	-166.35762	55.513634	3.057056	-15.0	1.0	0.0	0.7	0.0	642.9121	1.3682663	0.0	1.3682663	2	33.47522
mcp2k	18255	1	502965	0	2.472	0.831	4	377752	0	cosmic-tagged	10	1	1	0	0																		
